country_code,country_name,source,medicine_name,active_substance,strength,package_size,atc_code,product_no,shortage_start,estimated_end,status,reference_no,scraped_at
CZ,Czech Republic,SUKL,METHYLPHENIDATE NEURAXPHARM,,54MG TBL PRO 30,,N06BA04,0250100,2024-12-12,,shortage - monitored,SUKL323580/2024,2026-03-12T15:53:55.100737
CZ,Czech Republic,SUKL,METHYLPHENIDATE NEURAXPHARM,,36MG TBL PRO 30,,N06BA04,0250098,2024-12-12,,shortage - monitored,SUKL323580/2024,2026-03-12T15:53:55.100737
CZ,Czech Republic,SUKL,METHYLPHENIDATE NEURAXPHARM,,18MG TBL PRO 30,,N06BA04,0250096,2024-12-12,,shortage - monitored,SUKL323580/2024,2026-03-12T15:53:55.100737
CZ,Czech Republic,SUKL,CONCERTA,,54MG TBL PRO 30,,,0129491,2024-12-12,,shortage - monitored,SUKL323580/2024,2026-03-12T15:53:55.100737
CZ,Czech Republic,SUKL,CONCERTA,,36MG TBL PRO 30,,,0129489,2024-12-12,,shortage - monitored,SUKL323580/2024,2026-03-12T15:53:55.100737
CZ,Czech Republic,SUKL,CONCERTA,,18MG TBL PRO 30,,,0129487,2024-12-12,,shortage - monitored,SUKL323580/2024,2026-03-12T15:53:55.100737
CZ,Czech Republic,SUKL,BENDAMUSTINE ACCORD,,"2,5MG/ML INF PLV CSL 5X25MG",,L01AA09,0241289,2024-12-12,,shortage - monitored,SUKL323485/2024,2026-03-12T15:53:55.100737
CZ,Czech Republic,SUKL,BENDAMUSTINE KABI,,"2,5MG/ML INF PLV CSL 1X100MG",,L01AA09,0235082,2024-12-12,,shortage - monitored,SUKL323485/2024,2026-03-12T15:53:55.100737
CZ,Czech Republic,SUKL,BENDAMUSTINE KABI,,"2,5MG/ML INF PLV CSL 1X25MG",,L01AA09,0235078,2024-12-12,,shortage - monitored,SUKL323485/2024,2026-03-12T15:53:55.100737
CZ,Czech Republic,SUKL,ABASAGLAR,,100U/ML INJ SOL PEP 5X3ML II,,,0209087,2024-12-11,,shortage - monitored,SUKL322000/2024,2026-03-12T15:53:55.100737
CZ,Czech Republic,SUKL,LANTUS SOLOSTAR,,100U/ML INJ SOL PEP 5X3ML,,,0027953,2024-12-11,,shortage - monitored,SUKL322000/2024,2026-03-12T15:53:55.100737
CZ,Czech Republic,SUKL,LANTUS,,100U/ML INJ SOL ZVL 5X3ML,,,0027506,2024-12-11,,shortage - monitored,SUKL322000/2024,2026-03-12T15:53:55.100737
CZ,Czech Republic,SUKL,KVENTIAX PROLONG,,150MG TBL PRO 30,,,0205622,2026-01-21,,shortage - monitored,SUKL30569/2026,2026-03-12T15:53:55.100737
CZ,Czech Republic,SUKL,HUMULIN N (NPH) KWIKPEN,,100IU/ML INJ SUS PEP 10(2X5)X3ML,,,0219874,2024-12-04,,shortage - monitored,SUKL314482/2024,2026-03-12T15:53:55.100737
CZ,Czech Republic,SUKL,HUMULIN N (NPH) CARTRIDGE,,100IU/ML INJ SUS ZVL 5X3ML,,,0219872,2024-12-04,,shortage - monitored,SUKL314482/2024,2026-03-12T15:53:55.100737
CZ,Czech Republic,SUKL,HUMULIN N,,100IU/ML INJ SUS 1X10ML,,,0214337,2024-12-04,,shortage - monitored,SUKL314482/2024,2026-03-12T15:53:55.100737
CZ,Czech Republic,SUKL,INSULATARD PENFILL,,100IU/ML INJ SUS ZVL 5X3ML,,,0025677,2024-12-04,,shortage - monitored,SUKL314482/2024,2026-03-12T15:53:55.100737
CZ,Czech Republic,SUKL,PHENAEMALETTEN,,15MG TBL NOB 50 II,,,0203216,2024-12-03,,shortage - monitored,SUKL313346/2024,2026-03-12T15:53:55.100737
CZ,Czech Republic,SUKL,KETILEPT PROLONG,,400MG TBL PRO 50,,,0197772,2026-01-21,,shortage - monitored,SUKL30630/2026,2026-03-12T15:53:55.100737
CZ,Czech Republic,SUKL,CARAMLO,,16MG/10MG TBL NOB 28,,,0195484,2025-11-27,,shortage - monitored,SUKL491829/2025,2026-03-12T15:53:55.100737
CZ,Czech Republic,SUKL,XEPLION,,100MG INJ SUS PRO 1+2J,,,0168089,2024-11-28,,shortage - monitored,SUKL307365/2024,2026-03-12T15:53:55.100737
CZ,Czech Republic,SUKL,EGOROPAL,,100MG INJ SUS PRO ISP 1+2J,,,0247840,2024-11-28,,shortage - monitored,SUKL307365/2024,2026-03-12T15:53:55.100737
CZ,Czech Republic,SUKL,DERIN PROLONG,,400MG TBL PRO 30,,,0136606,2026-01-21,,shortage - monitored,SUKL30630/2026,2026-03-12T15:53:55.100737
CZ,Czech Republic,SUKL,QUETIAPINE VIATRIS,,400MG TBL PRO 60,,N05AH04,0278771,2026-01-21,,shortage - monitored,SUKL30630/2026,2026-03-12T15:53:55.100737
CZ,Czech Republic,SUKL,NITRESAN,,20MG TBL NOB 30,,,0111902,2026-02-12,,shortage - monitored,SUKL66025/2026,2026-03-12T15:53:55.100737
CZ,Czech Republic,SUKL,TARDYFERON,,"247,25MG TBL MRL 100",,,0014712,2025-06-26,,shortage - monitored,SUKL249587/2025,2026-03-12T15:53:55.100737
CZ,Czech Republic,SUKL,ANDROCUR,,50MG TBL NOB 50,,,0224641,2025-10-24,,shortage - monitored,SUKL434004/2025,2026-03-12T15:53:55.100737
CZ,Czech Republic,SUKL,HUMULIN M3 (30/70) KWIKPEN,,100IU/ML INJ SUS PEP 10(2X5)X3ML,,,0219871,2024-11-27,,shortage - monitored,SUKL306160/2024,2026-03-12T15:53:55.100737
CZ,Czech Republic,SUKL,HUMULIN M3 (30/70) CARTRIDGE,,100IU/ML INJ SUS ZVL 5X3ML,,,0219869,2024-11-27,,shortage - monitored,SUKL306160/2024,2026-03-12T15:53:55.100737
CZ,Czech Republic,SUKL,MIXTARD 30 PENFILL,,100IU/ML INJ SUS ZVL 5X3ML,,,0026602,2024-11-27,,shortage - monitored,SUKL306160/2024,2026-03-12T15:53:55.100737
CZ,Czech Republic,SUKL,TARDYFERON,,"247,25MG TBL MRL 30",,,0014711,2025-06-26,,shortage - monitored,SUKL249587/2025,2026-03-12T15:53:55.100737
CZ,Czech Republic,SUKL,ANGUSTA,,25MCG TBL NOB 8,,,0252447,2025-06-26,,shortage - monitored,SUKL249230/2025,2026-03-12T15:53:55.100737
CZ,Czech Republic,SUKL,CERVIDIL,,10MG VAG INS 5,,,0238023,2025-06-26,,shortage - monitored,SUKL249230/2025,2026-03-12T15:53:55.100737
CZ,Czech Republic,SUKL,PROSTIN E2,,3MG VAG TBL NOB 4,,B01AC21,0002289,2025-06-26,,shortage - monitored,SUKL249230/2025,2026-03-12T15:53:55.100737
CZ,Czech Republic,SUKL,NOVOMIX 30 PENFILL,,100U/ML INJ SUS ZVL 5X3ML,,,0026762,2024-11-15,,shortage - monitored,SUKL293741/2024,2026-03-12T15:53:55.100737
CZ,Czech Republic,SUKL,NOVOMIX 30 FLEXPEN,,100U/ML INJ SUS PEP 5X3ML,,,0026767,2024-11-15,,shortage - monitored,SUKL293741/2024,2026-03-12T15:53:55.100737
CZ,Czech Republic,SUKL,GLIMEPIRID MYLAN,,3MG TBL NOB 90,,A10BB12,0235328,2024-11-14,,shortage - monitored,SUKL293020/2024,2026-03-12T15:53:55.100737
CZ,Czech Republic,SUKL,GLIMEPIRID SANDOZ,,3MG TBL NOB 120,,A10BB12,0012098,2024-11-14,,shortage - monitored,SUKL293020/2024,2026-03-12T15:53:55.100737
CZ,Czech Republic,SUKL,GLIMEPIRID SANDOZ,,3MG TBL NOB 30,,A10BB12,0012121,2024-11-14,,shortage - monitored,SUKL293020/2024,2026-03-12T15:53:55.100737
CZ,Czech Republic,SUKL,GLIMEPIRID MYLAN,,3MG TBL NOB 30,,A10BB12,0235325,2024-11-14,,shortage - monitored,SUKL293020/2024,2026-03-12T15:53:55.100737
CZ,Czech Republic,SUKL,OLTAR,,3MG TBL NOB 30,,,0066297,2024-11-14,,shortage - monitored,SUKL293020/2024,2026-03-12T15:53:55.100737
CZ,Czech Republic,SUKL,CLARITHROMYCIN TEVA,,500MG TBL FLM 14 II,,J01FA09,0201867,2024-11-13,,shortage - monitored,SUKL291284/2024,2026-03-12T15:53:55.100737
CZ,Czech Republic,SUKL,KLABAX,,500MG TBL FLM 14,,,0249046,2024-11-13,,shortage - monitored,SUKL291284/2024,2026-03-12T15:53:55.100737
CZ,Czech Republic,SUKL,ANDROCUR,,100MG TBL NOB 50,,,0225253,2025-10-24,,shortage - monitored,SUKL434004/2025,2026-03-12T15:53:55.100737
CZ,Czech Republic,SUKL,FROMILID,,500MG TBL FLM 14,,,0053283,2024-11-13,,shortage - monitored,SUKL291284/2024,2026-03-12T15:53:55.100737
CZ,Czech Republic,SUKL,KLACID,,500MG TBL FLM 14,,,0267349,2024-11-13,,shortage - monitored,SUKL291284/2024,2026-03-12T15:53:55.100737
CZ,Czech Republic,SUKL,VENLAFAXIN MYLAN,,150MG CPS PRO 90,,N06AX16,0233706,2024-11-13,,shortage - monitored,SUKL291142/2024,2026-03-12T15:53:55.100737
CZ,Czech Republic,SUKL,VENLAFAXIN MYLAN,,150MG CPS PRO 30,,N06AX16,0233698,2024-11-13,,shortage - monitored,SUKL291142/2024,2026-03-12T15:53:55.100737
CZ,Czech Republic,SUKL,VELAXIN,,150MG CPS PRO 56,,,0169250,2024-11-13,,shortage - monitored,SUKL291142/2024,2026-03-12T15:53:55.100737
CZ,Czech Republic,SUKL,VELAXIN,,150MG CPS PRO 28,,,0120371,2024-11-13,,shortage - monitored,SUKL291142/2024,2026-03-12T15:53:55.100737
CZ,Czech Republic,SUKL,OLWEXYA,,150MG CPS PRO 30,,,0024987,2024-11-13,,shortage - monitored,SUKL291142/2024,2026-03-12T15:53:55.100737
CZ,Czech Republic,SUKL,EFECTIN ER,,150MG CPS PRO 28 II,,,0262514,2024-11-13,,shortage - monitored,SUKL291142/2024,2026-03-12T15:53:55.100737
CZ,Czech Republic,SUKL,ARGOFAN,,150MG TBL PRO 30(2X15),,,0246028,2024-11-13,,shortage - monitored,SUKL291142/2024,2026-03-12T15:53:55.100737
CZ,Czech Republic,SUKL,CERUCAL,,10MG TBL NOB 50,,,0187983,2024-11-07,,shortage - monitored,SUKL284772/2024,2026-03-12T15:53:55.100737
CZ,Czech Republic,SUKL,DEGAN,,10MG TBL NOB 40,,,0093104,2024-11-07,,shortage - monitored,SUKL284772/2024,2026-03-12T15:53:55.100737
CZ,Czech Republic,SUKL,SEMGLEE,,100U/ML INJ SOL PEP 5X3ML,,,0222915,2024-11-06,,shortage - monitored,SUKL283793/2024,2026-03-12T15:53:55.100737
CZ,Czech Republic,SUKL,OXYKODON STADA,,5MG CPS DUR 30X1,,,0172790,2025-10-24,,shortage - monitored,SUKL433667/2025,2026-03-12T15:53:55.100737
CZ,Czech Republic,SUKL,QUETIAPINE ACCORD,,400MG TBL PRO 60,,N05AH04,0242424,2026-01-21,,shortage - monitored,SUKL30630/2026,2026-03-12T15:53:55.100737
CZ,Czech Republic,SUKL,KVENTIAX PROLONG,,400MG TBL PRO 30,,,0205235,2026-01-21,,shortage - monitored,SUKL30630/2026,2026-03-12T15:53:55.100737
CZ,Czech Republic,SUKL,QUETIAPIN TEVA RETARD,,400MG TBL PRO 60,,N05AH04,0174768,2026-01-21,,shortage - monitored,SUKL30630/2026,2026-03-12T15:53:55.100737
CZ,Czech Republic,SUKL,DERIN PROLONG,,400MG TBL PRO 60,,,0136608,2026-01-21,,shortage - monitored,SUKL30630/2026,2026-03-12T15:53:55.100737
CZ,Czech Republic,SUKL,QUESTAX PROLONG,,400MG TBL PRO 60,,,0236872,2026-01-21,,shortage - monitored,SUKL30630/2026,2026-03-12T15:53:55.100737
CZ,Czech Republic,SUKL,PHENAEMAL,,100MG TBL NOB 50 II,,,0203215,2024-10-02,,shortage - monitored,SUKL251084/2024,2026-03-12T15:53:55.100737
CZ,Czech Republic,SUKL,RHEFLUIN,,5MG/50MG TBL NOB 30,,,0076380,2026-01-21,,shortage - monitored,SUKL29551/2026,2026-03-12T15:53:55.100737
CZ,Czech Republic,SUKL,LORADUR,,5MG/50MG TBL NOB 50,,,0047476,2026-01-21,,shortage - monitored,SUKL29551/2026,2026-03-12T15:53:55.100737
CZ,Czech Republic,SUKL,LORADUR MITE,,"2,5MG/25MG TBL NOB 50",,,0047478,2026-01-21,,shortage - monitored,SUKL29551/2026,2026-03-12T15:53:55.100737
CZ,Czech Republic,SUKL,CARAMLO,,16MG/5MG TBL NOB 28,,,0231469,2026-01-21,,shortage - monitored,SUKL29513/2026,2026-03-12T15:53:55.100737
CZ,Czech Republic,SUKL,CARAMLO,,16MG/5MG TBL NOB 98,,,0231474,2026-01-21,,shortage - monitored,SUKL29513/2026,2026-03-12T15:53:55.100737
CZ,Czech Republic,SUKL,MITOMYCIN ACCORD,,20MG INJ/INF/IVS PLV SOL 5,,L01DC03,0241616,2026-02-10,,shortage - monitored,SUKL62398/2026,2026-03-12T15:53:55.100737
CZ,Czech Republic,SUKL,KLACID,,250MG TBL FLM 10,,,0267347,2024-09-27,,shortage - monitored,SUKL246424/2024,2026-03-12T15:53:55.101740
CZ,Czech Republic,SUKL,KLACID,,250MG TBL FLM 14,,,0267346,2024-09-27,,shortage - monitored,SUKL246424/2024,2026-03-12T15:53:55.101740
CZ,Czech Republic,SUKL,CLARITHROMYCIN TEVA,,250MG TBL FLM 14 II,,J01FA09,0201856,2024-09-27,,shortage - monitored,SUKL246424/2024,2026-03-12T15:53:55.101740
CZ,Czech Republic,SUKL,FROMILID,,250MG TBL FLM 14,,,0053282,2024-09-27,,shortage - monitored,SUKL246424/2024,2026-03-12T15:53:55.101740
CZ,Czech Republic,SUKL,QUETIAPIN NEURAXPHARM,,300MG TBL FLM 60,,N05AH04,0249094,2026-01-22,,shortage - monitored,SUKL32091/2026,2026-03-12T15:53:55.101740
CZ,Czech Republic,SUKL,KETILEPT,,300MG TBL FLM 60,,,0116132,2026-01-22,,shortage - monitored,SUKL32091/2026,2026-03-12T15:53:55.101740
CZ,Czech Republic,SUKL,CARAMLO,,16MG/10MG TBL NOB 98,,,0203395,2025-11-27,,shortage - monitored,SUKL491829/2025,2026-03-12T15:53:55.101740
CZ,Czech Republic,SUKL,LEVOFLOXACIN KABI,,5MG/ML INF SOL 10X100ML,,J01MA12,0195072,2025-12-05,,shortage - monitored,SUKL504645/2025,2026-03-12T15:53:55.101740
CZ,Czech Republic,SUKL,OXYKODON STADA,,20MG CPS DUR 30X1,,,0194640,2025-12-05,,shortage - monitored,SUKL504939/2025,2026-03-12T15:53:55.101740
CZ,Czech Republic,SUKL,DERIN,,200MG TBL FLM 70,,,0281618,2026-01-22,,shortage - monitored,SUKL32091/2026,2026-03-12T15:53:55.101740
CZ,Czech Republic,SUKL,QUETIAPIN NEURAXPHARM,,400MG TBL FLM 60,,N05AH04,0249098,2026-01-22,,shortage - monitored,SUKL32091/2026,2026-03-12T15:53:55.101740
CZ,Czech Republic,SUKL,LINEZOLID SANDOZ,,600MG TBL FLM 10,,J01XX08,0197699,2025-10-30,,shortage - monitored,SUKL442433/2025,2026-03-12T15:53:55.101740
CZ,Czech Republic,SUKL,ATOMOXETIN MYLAN,,100MG CPS DUR 28,,N06BA09,0238132,2024-08-02,,shortage - monitored,SUKL191647/2024,2026-03-12T15:53:55.101740
CZ,Czech Republic,SUKL,ATOMOXETIN MYLAN,,80MG CPS DUR 28,,N06BA09,0234262,2024-08-02,,shortage - monitored,SUKL191647/2024,2026-03-12T15:53:55.101740
CZ,Czech Republic,SUKL,ATOMOXETIN MYLAN,,60MG CPS DUR 28,,N06BA09,0234259,2024-08-02,,shortage - monitored,SUKL191647/2024,2026-03-12T15:53:55.101740
CZ,Czech Republic,SUKL,ATOMOXETIN MYLAN,,40MG CPS DUR 28,,N06BA09,0234256,2024-08-02,,shortage - monitored,SUKL191647/2024,2026-03-12T15:53:55.101740
CZ,Czech Republic,SUKL,ATOMOXETIN MYLAN,,25MG CPS DUR 28,,N06BA09,0234253,2024-08-02,,shortage - monitored,SUKL191647/2024,2026-03-12T15:53:55.101740
CZ,Czech Republic,SUKL,ATOMOXETIN MYLAN,,18MG CPS DUR 28,,N06BA09,0234250,2024-08-02,,shortage - monitored,SUKL191647/2024,2026-03-12T15:53:55.101740
CZ,Czech Republic,SUKL,ATOMOXETIN MYLAN,,10MG CPS DUR 28,,N06BA09,0234247,2024-08-02,,shortage - monitored,SUKL191647/2024,2026-03-12T15:53:55.101740
CZ,Czech Republic,SUKL,ATOMINEX,,100MG CPS DUR 28 I,,,0231128,2024-08-02,,shortage - monitored,SUKL191647/2024,2026-03-12T15:53:55.101740
CZ,Czech Republic,SUKL,ATOMINEX,,80MG CPS DUR 28 I,,,0231120,2024-08-02,,shortage - monitored,SUKL191647/2024,2026-03-12T15:53:55.101740
CZ,Czech Republic,SUKL,ATOMINEX,,60MG CPS DUR 28 I,,,0231112,2024-08-02,,shortage - monitored,SUKL191647/2024,2026-03-12T15:53:55.101740
CZ,Czech Republic,SUKL,ATOMINEX,,40MG CPS DUR 28 I,,,0231104,2024-08-02,,shortage - monitored,SUKL191647/2024,2026-03-12T15:53:55.101740
CZ,Czech Republic,SUKL,ATOMINEX,,40MG CPS DUR 7 I,,,0231102,2024-08-02,,shortage - monitored,SUKL191647/2024,2026-03-12T15:53:55.101740
CZ,Czech Republic,SUKL,ATOMINEX,,25MG CPS DUR 28 I,,,0231096,2024-08-02,,shortage - monitored,SUKL191647/2024,2026-03-12T15:53:55.101740
CZ,Czech Republic,SUKL,ATOMINEX,,25MG CPS DUR 7 I,,,0231094,2024-08-02,,shortage - monitored,SUKL191647/2024,2026-03-12T15:53:55.101740
CZ,Czech Republic,SUKL,ATOMINEX,,18MG CPS DUR 28 I,,,0231088,2024-08-02,,shortage - monitored,SUKL191647/2024,2026-03-12T15:53:55.101740
CZ,Czech Republic,SUKL,ATOMINEX,,18MG CPS DUR 7 I,,,0231086,2024-08-02,,shortage - monitored,SUKL191647/2024,2026-03-12T15:53:55.101740
CZ,Czech Republic,SUKL,ATOMINEX,,10MG CPS DUR 28 I,,,0228960,2024-08-02,,shortage - monitored,SUKL191647/2024,2026-03-12T15:53:55.101740
CZ,Czech Republic,SUKL,ATOMINEX,,10MG CPS DUR 7 I,,,0228958,2024-08-02,,shortage - monitored,SUKL191647/2024,2026-03-12T15:53:55.101740
CZ,Czech Republic,SUKL,ATOMOXETINE ACCORD,,80MG CPS DUR 28 I,,N06BA09,0224220,2024-08-02,,shortage - monitored,SUKL191647/2024,2026-03-12T15:53:55.101740
CZ,Czech Republic,SUKL,ATOMOXETIN GLENMARK,,100MG CPS DUR 28 I,,N06BA09,0223710,2024-08-02,,shortage - monitored,SUKL191647/2024,2026-03-12T15:53:55.101740
CZ,Czech Republic,SUKL,ATOMOXETIN GLENMARK,,80MG CPS DUR 28 I,,N06BA09,0223708,2024-08-02,,shortage - monitored,SUKL191647/2024,2026-03-12T15:53:55.101740
CZ,Czech Republic,SUKL,ATOMOXETIN GLENMARK,,18MG CPS DUR 28 I,,N06BA09,0223697,2024-08-02,,shortage - monitored,SUKL191647/2024,2026-03-12T15:53:55.101740
CZ,Czech Republic,SUKL,ATOMOXETIN GLENMARK,,10MG CPS DUR 28 I,,N06BA09,0223694,2024-08-02,,shortage - monitored,SUKL191647/2024,2026-03-12T15:53:55.101740
CZ,Czech Republic,SUKL,ATOFAB,,60MG CPS DUR 30 I,,,0221854,2024-08-02,,shortage - monitored,SUKL191647/2024,2026-03-12T15:53:55.101740
CZ,Czech Republic,SUKL,ATOFAB,,40MG CPS DUR 30 I,,,0221842,2024-08-02,,shortage - monitored,SUKL191647/2024,2026-03-12T15:53:55.101740
CZ,Czech Republic,SUKL,ATOFAB,,25MG CPS DUR 30 I,,,0221830,2024-08-02,,shortage - monitored,SUKL191647/2024,2026-03-12T15:53:55.101740
CZ,Czech Republic,SUKL,ATOFAB,,18MG CPS DUR 30 I,,,0221818,2024-08-02,,shortage - monitored,SUKL191647/2024,2026-03-12T15:53:55.101740
CZ,Czech Republic,SUKL,ATOFAB,,10MG CPS DUR 30 I,,,0221806,2024-08-02,,shortage - monitored,SUKL191647/2024,2026-03-12T15:53:55.101740
CZ,Czech Republic,SUKL,HEDONIN,,200MG TBL FLM 60,,,0176118,2026-01-22,,shortage - monitored,SUKL32091/2026,2026-03-12T15:53:55.101740
CZ,Czech Republic,SUKL,QUETIAPINE POLPHARMA,,200MG TBL FLM 60,,N05AH04,0142870,2026-01-22,,shortage - monitored,SUKL32091/2026,2026-03-12T15:53:55.101740
CZ,Czech Republic,SUKL,ATOMOXETIN SANDOZ,,100MG CPS DUR 28 I,,N06BA09,0132181,2024-08-02,,shortage - monitored,SUKL191647/2024,2026-03-12T15:53:55.101740
CZ,Czech Republic,SUKL,ATOMOXETIN SANDOZ,,80MG CPS DUR 28 I,,N06BA09,0132176,2024-08-02,,shortage - monitored,SUKL191647/2024,2026-03-12T15:53:55.101740
CZ,Czech Republic,SUKL,ATOMOXETIN SANDOZ,,60MG CPS DUR 28 I,,N06BA09,0132171,2024-08-02,,shortage - monitored,SUKL191647/2024,2026-03-12T15:53:55.101740
CZ,Czech Republic,SUKL,ATOMOXETIN SANDOZ,,40MG CPS DUR 28 I,,N06BA09,0132166,2024-08-02,,shortage - monitored,SUKL191647/2024,2026-03-12T15:53:55.101740
CZ,Czech Republic,SUKL,ATOMOXETIN SANDOZ,,25MG CPS DUR 28 I,,N06BA09,0132161,2024-08-02,,shortage - monitored,SUKL191647/2024,2026-03-12T15:53:55.101740
CZ,Czech Republic,SUKL,ATOMOXETIN SANDOZ,,18MG CPS DUR 28 I,,N06BA09,0132156,2024-08-02,,shortage - monitored,SUKL191647/2024,2026-03-12T15:53:55.101740
CZ,Czech Republic,SUKL,ATOMOXETIN SANDOZ,,10MG CPS DUR 28 I,,N06BA09,0132151,2024-08-02,,shortage - monitored,SUKL191647/2024,2026-03-12T15:53:55.101740
CZ,Czech Republic,SUKL,BITINEX,,100MG CPS DUR 28 I,,,0132147,2024-08-02,,shortage - monitored,SUKL191647/2024,2026-03-12T15:53:55.101740
CZ,Czech Republic,SUKL,BITINEX,,80MG CPS DUR 56 I,,,0132145,2024-08-02,,shortage - monitored,SUKL191647/2024,2026-03-12T15:53:55.101740
CZ,Czech Republic,SUKL,BITINEX,,80MG CPS DUR 28 I,,,0132144,2024-08-02,,shortage - monitored,SUKL191647/2024,2026-03-12T15:53:55.101740
CZ,Czech Republic,SUKL,BITINEX,,60MG CPS DUR 56 I,,,0132142,2024-08-02,,shortage - monitored,SUKL191647/2024,2026-03-12T15:53:55.101740
CZ,Czech Republic,SUKL,BITINEX,,60MG CPS DUR 28 I,,,0132141,2024-08-02,,shortage - monitored,SUKL191647/2024,2026-03-12T15:53:55.101740
CZ,Czech Republic,SUKL,BITINEX,,40MG CPS DUR 56 I,,,0132139,2024-08-02,,shortage - monitored,SUKL191647/2024,2026-03-12T15:53:55.101740
CZ,Czech Republic,SUKL,BITINEX,,40MG CPS DUR 28 I,,,0132138,2024-08-02,,shortage - monitored,SUKL191647/2024,2026-03-12T15:53:55.101740
CZ,Czech Republic,SUKL,BITINEX,,25MG CPS DUR 56 I,,,0132136,2024-08-02,,shortage - monitored,SUKL191647/2024,2026-03-12T15:53:55.101740
CZ,Czech Republic,SUKL,BITINEX,,25MG CPS DUR 28 I,,,0132135,2024-08-02,,shortage - monitored,SUKL191647/2024,2026-03-12T15:53:55.101740
CZ,Czech Republic,SUKL,BITINEX,,18MG CPS DUR 56 I,,,0132133,2024-08-02,,shortage - monitored,SUKL191647/2024,2026-03-12T15:53:55.101740
CZ,Czech Republic,SUKL,BITINEX,,18MG CPS DUR 28 I,,,0132132,2024-08-02,,shortage - monitored,SUKL191647/2024,2026-03-12T15:53:55.101740
CZ,Czech Republic,SUKL,BITINEX,,10MG CPS DUR 56 I,,,0132130,2024-08-02,,shortage - monitored,SUKL191647/2024,2026-03-12T15:53:55.101740
CZ,Czech Republic,SUKL,BITINEX,,10MG CPS DUR 28 I,,,0132129,2024-08-02,,shortage - monitored,SUKL191647/2024,2026-03-12T15:53:55.101740
CZ,Czech Republic,SUKL,ATOMOXETIN ACTAVIS,,60MG CPS DUR 28,,N06BA09,0103597,2024-08-02,,shortage - monitored,SUKL191647/2024,2026-03-12T15:53:55.101740
CZ,Czech Republic,SUKL,ATOMOXETIN ACTAVIS,,40MG CPS DUR 28,,N06BA09,0103593,2024-08-02,,shortage - monitored,SUKL191647/2024,2026-03-12T15:53:55.101740
CZ,Czech Republic,SUKL,ATOMOXETIN ACTAVIS,,25MG CPS DUR 28,,N06BA09,0103588,2024-08-02,,shortage - monitored,SUKL191647/2024,2026-03-12T15:53:55.101740
CZ,Czech Republic,SUKL,ATOMOXETIN ACTAVIS,,18MG CPS DUR 28,,N06BA09,0103583,2024-08-02,,shortage - monitored,SUKL191647/2024,2026-03-12T15:53:55.101740
CZ,Czech Republic,SUKL,ATOMOXETIN ACTAVIS,,10MG CPS DUR 28,,N06BA09,0103578,2024-08-02,,shortage - monitored,SUKL191647/2024,2026-03-12T15:53:55.101740
CZ,Czech Republic,SUKL,DERIN,,200MG TBL FLM 60,,,0129469,2026-01-22,,shortage - monitored,SUKL32091/2026,2026-03-12T15:53:55.101740
CZ,Czech Republic,SUKL,KETILEPT,,200MG TBL FLM 60,,,0116124,2026-01-22,,shortage - monitored,SUKL32091/2026,2026-03-12T15:53:55.101740
CZ,Czech Republic,SUKL,KETILEPT,,200MG TBL FLM 30,,,0116123,2026-01-22,,shortage - monitored,SUKL32091/2026,2026-03-12T15:53:55.101740
CZ,Czech Republic,SUKL,KVENTIAX,,200MG TBL FLM 30,,,0111855,2026-01-22,,shortage - monitored,SUKL32091/2026,2026-03-12T15:53:55.101740
CZ,Czech Republic,SUKL,PRADAXA,,150MG CPS DUR 60X1 I,,,0168373,2025-08-08,,shortage - monitored,SUKL318130/2025,2026-03-12T15:53:55.101740
CZ,Czech Republic,SUKL,KVENTIAX,,25MG TBL FLM 30,,,0111792,2026-01-22,,shortage - monitored,SUKL32091/2026,2026-03-12T15:53:55.101740
CZ,Czech Republic,SUKL,QUETIAPIN NEURAXPHARM,,25MG TBL FLM 100,,N05AH04,0249071,2026-01-22,,shortage - monitored,SUKL32091/2026,2026-03-12T15:53:55.101740
CZ,Czech Republic,SUKL,HEDONIN,,25MG TBL FLM 30,,,0176127,2026-01-22,,shortage - monitored,SUKL32091/2026,2026-03-12T15:53:55.101740
CZ,Czech Republic,SUKL,QUETIAPINE POLPHARMA,,25MG TBL FLM 30,,N05AH04,0142865,2026-01-22,,shortage - monitored,SUKL32091/2026,2026-03-12T15:53:55.101740
CZ,Czech Republic,SUKL,DERIN,,25MG TBL FLM 100,,,0129441,2026-01-22,,shortage - monitored,SUKL32091/2026,2026-03-12T15:53:55.101740
CZ,Czech Republic,SUKL,DERIN,,25MG TBL FLM 60,,,0129439,2026-01-22,,shortage - monitored,SUKL32091/2026,2026-03-12T15:53:55.101740
CZ,Czech Republic,SUKL,IFIRMASTA,,150MG TBL FLM 28,,,0500886,2024-06-07,,shortage - monitored,SUKL140241/2024,2026-03-12T15:53:55.101740
CZ,Czech Republic,SUKL,IFIRMASTA,,300MG TBL FLM 28,,,0500892,2024-06-07,,shortage - monitored,SUKL140241/2024,2026-03-12T15:53:55.101740
CZ,Czech Republic,SUKL,ISAME,,150MG TBL NOB 100,,,0158011,2024-06-07,,shortage - monitored,SUKL140241/2024,2026-03-12T15:53:55.101740
CZ,Czech Republic,SUKL,ISAME,,150MG TBL NOB 30,,,0158009,2024-06-07,,shortage - monitored,SUKL140241/2024,2026-03-12T15:53:55.101740
CZ,Czech Republic,SUKL,ISAME,,300MG TBL NOB 100,,,0158016,2024-06-07,,shortage - monitored,SUKL140241/2024,2026-03-12T15:53:55.101740
CZ,Czech Republic,SUKL,ISAME,,300MG TBL NOB 30,,,0158014,2024-06-07,,shortage - monitored,SUKL140241/2024,2026-03-12T15:53:55.101740
CZ,Czech Republic,SUKL,KVENTIAX,,25MG TBL FLM 90,,,0111796,2026-01-22,,shortage - monitored,SUKL32091/2026,2026-03-12T15:53:55.101740
CZ,Czech Republic,SUKL,PRADAXA,,110MG CPS DUR 60X1 I,,,0029328,2025-08-08,,shortage - monitored,SUKL318073/2025,2026-03-12T15:53:55.101740
CZ,Czech Republic,SUKL,FLIXOTIDE DISKUS,,250MCG INH PLV DOS 60DÁV,,,0237764,2025-08-08,,shortage - monitored,SUKL317937/2025,2026-03-12T15:53:55.101740
CZ,Czech Republic,SUKL,FLIXOTIDE DISKUS,,500MCG INH PLV DOS 60DÁV,,,0237765,2025-08-08,,shortage - monitored,SUKL317937/2025,2026-03-12T15:53:55.101740
CZ,Czech Republic,SUKL,HALOPERIDOL-RICHTER,,2MG/ML POR GTT SOL 10ML,,N05AD01,0002539,2025-08-19,,shortage - monitored,SUKL329997/2025,2026-03-12T15:53:55.101740
CZ,Czech Republic,SUKL,HALOPERIDOL-RICHTER,,5MG/ML INJ SOL 5X1ML,,N05AD01,0002538,2025-08-19,,shortage - monitored,SUKL329846/2025,2026-03-12T15:53:55.101740
CZ,Czech Republic,SUKL,HEDONIN,,100MG TBL FLM 60,,,0176115,2026-01-22,,shortage - monitored,SUKL32091/2026,2026-03-12T15:53:55.101740
CZ,Czech Republic,SUKL,TIAPRIDAL,,100MG/2ML INJ SOL 12X2ML,,,0269060,2025-08-22,,shortage - monitored,SUKL335086/2025,2026-03-12T15:53:55.101740
CZ,Czech Republic,SUKL,FLUCONAZOL KABI,,2MG/ML INF SOL 10X100ML,,J02AC01,0164401,2025-10-30,,shortage - monitored,SUKL442402/2025,2026-03-12T15:53:55.101740
CZ,Czech Republic,SUKL,QUETIAPINE POLPHARMA,,100MG TBL FLM 60,,N05AH04,0142866,2026-01-22,,shortage - monitored,SUKL32091/2026,2026-03-12T15:53:55.101740
CZ,Czech Republic,SUKL,KVENTIAX,,100MG TBL FLM 30,,,0111811,2026-01-22,,shortage - monitored,SUKL32091/2026,2026-03-12T15:53:55.101740
CZ,Czech Republic,SUKL,KETILEPT,,25MG TBL FLM 50,,,0224850,2026-01-22,,shortage - monitored,SUKL32091/2026,2026-03-12T15:53:55.101740
CZ,Czech Republic,SUKL,QUETIAPINE VIATRIS,,200MG TBL FLM 30,,N05AH04,0269388,2026-01-22,,shortage - monitored,SUKL32091/2026,2026-03-12T15:53:55.101740
CZ,Czech Republic,SUKL,QUETIAPINE VIATRIS,,300MG TBL FLM 60,,N05AH04,0269454,2026-01-22,,shortage - monitored,SUKL32091/2026,2026-03-12T15:53:55.101740
CZ,Czech Republic,SUKL,QUETIAPINE VIATRIS,,25MG TBL FLM 30,,N05AH04,0269417,2026-01-22,,shortage - monitored,SUKL32091/2026,2026-03-12T15:53:55.101740
CZ,Czech Republic,SUKL,QUETIAPINE VIATRIS,,100MG TBL FLM 60,,N05AH04,0269377,2026-01-22,,shortage - monitored,SUKL32091/2026,2026-03-12T15:53:55.101740
CZ,Czech Republic,SUKL,KETILEPT,,300MG TBL FLM 90,,,0224868,2026-01-22,,shortage - monitored,SUKL32091/2026,2026-03-12T15:53:55.101740
CZ,Czech Republic,SUKL,FLUCONAZOL KABI,,2MG/ML INF SOL 10X200ML,,J02AC01,0164407,2025-10-30,,shortage - monitored,SUKL442402/2025,2026-03-12T15:53:55.101740
CZ,Czech Republic,SUKL,LINEZOLID OLIKLA,,600MG TBL FLM 10,,J01XX08,0173839,2025-10-30,,shortage - monitored,SUKL442433/2025,2026-03-12T15:53:55.101740
CZ,Czech Republic,SUKL,LINEZOLID KRKA,,600MG TBL FLM 10,,J01XX08,0103692,2025-10-30,,shortage - monitored,SUKL442433/2025,2026-03-12T15:53:55.101740
CZ,Czech Republic,SUKL,ZYVOXID,,600MG TBL FLM 10,,,0003902,2025-10-30,,shortage - monitored,SUKL442433/2025,2026-03-12T15:53:55.101740
CZ,Czech Republic,SUKL,UBRETID,,5MG TBL NOB 50,,,0259338,2025-07-11,,shortage - monitored,SUKL274917/2025,2026-03-12T15:53:55.101740
CZ,Czech Republic,SUKL,BUDENOFALK,,4MG SUP 30 I,,,0274167,2025-07-11,,shortage - monitored,SUKL274625/2025,2026-03-12T15:53:55.101740
CZ,Czech Republic,SUKL,QUETIAPINE VIATRIS,,200MG TBL FLM 100,,N05AH04,0269399,2026-01-22,,shortage - monitored,SUKL32091/2026,2026-03-12T15:53:55.101740
CZ,Czech Republic,SUKL,LINEZOLID ACCORD,,600MG TBL FLM 20,,J01XX08,0241602,2025-10-30,,shortage - monitored,SUKL442433/2025,2026-03-12T15:53:55.101740
CZ,Czech Republic,SUKL,LINEZOLID ACCORD,,600MG TBL FLM 10,,J01XX08,0241601,2025-10-30,,shortage - monitored,SUKL442433/2025,2026-03-12T15:53:55.101740
CZ,Czech Republic,SUKL,KETILEPT,,25MG TBL FLM 30,,,0116099,2026-01-22,,shortage - monitored,SUKL32091/2026,2026-03-12T15:53:55.101740
CZ,Czech Republic,SUKL,CIPRINOL,,500MG TBL FLM 10,,,0096039,2025-08-26,,shortage - monitored,SUKL339819/2025,2026-03-12T15:53:55.101740
CZ,Czech Republic,SUKL,CIPRINOL,,500MG TBL FLM 10,,,0260993,2025-08-26,,shortage - monitored,SUKL339819/2025,2026-03-12T15:53:55.101740
CZ,Czech Republic,SUKL,CIFLOXINAL,,500MG TBL FLM 10,,,0108606,2025-08-26,,shortage - monitored,SUKL339819/2025,2026-03-12T15:53:55.101740
CZ,Czech Republic,SUKL,QUAMATEL,,20MG INJ/INF PSO LQF 5+5X5ML,,,0082952,2025-02-04,,shortage - monitored,SUKL41034/2025,2026-03-12T15:53:55.101740
CZ,Czech Republic,SUKL,GUAJACURAN,,50MG/ML INJ SOL 10X10ML,,,0058249,2025-11-06,,shortage - monitored,SUKL453784/2025,2026-03-12T15:53:55.101740
CZ,Czech Republic,SUKL,MIVACRON,,2MG/ML INJ SOL 5X10ML,,,0226005,2025-11-06,,shortage - monitored,SUKL453707/2025,2026-03-12T15:53:55.101740
CZ,Czech Republic,SUKL,KETILEPT,,100MG TBL FLM 60,,,0116108,2026-01-22,,shortage - monitored,SUKL32091/2026,2026-03-12T15:53:55.101740
CZ,Czech Republic,SUKL,COLCHICUM-DISPERT,,"0,5MG TBL OBD 50",,,0119698,2026-02-10,,shortage - monitored,SUKL62280/2026,2026-03-12T15:53:55.101740
CZ,Czech Republic,SUKL,ALENDRONATE TEVA,,70MG TBL NOB 12,,,0041671,2026-02-10,,shortage - monitored,SUKL62161/2026,2026-03-12T15:53:55.101740
CZ,Czech Republic,SUKL,SUMATRIPTAN ACTAVIS,,50MG TBL OBD 6 I,,N02CC01,0119115,2025-02-13,,shortage - monitored,SUKL52792/2025,2026-03-12T15:53:55.101740
CZ,Czech Republic,SUKL,FRIMIG,,50MG TBL FLM 6,,,0242697,2025-02-13,,shortage - monitored,SUKL52792/2025,2026-03-12T15:53:55.101740
CZ,Czech Republic,SUKL,ROSEMIG,,50MG TBL FLM 6 II,,,0237918,2025-02-13,,shortage - monitored,SUKL52792/2025,2026-03-12T15:53:55.101740
CZ,Czech Republic,SUKL,ROSEMIG SPRINTAB,,50MG TBL SUS 6 II,,,0237909,2025-02-13,,shortage - monitored,SUKL52792/2025,2026-03-12T15:53:55.101740
CZ,Czech Republic,SUKL,SUMATRIPTAN VIATRIS,,50MG TBL FLM 6,,N02CC01,0269068,2025-02-13,,shortage - monitored,SUKL52792/2025,2026-03-12T15:53:55.101740
CZ,Czech Republic,SUKL,MIVACRON,,2MG/ML INJ SOL 5X5ML,,,0226004,2025-11-06,,shortage - monitored,SUKL453707/2025,2026-03-12T15:53:55.101740
CZ,Czech Republic,SUKL,KANAVIT,,20MG/ML POR GTT EML 1X5ML,,,0230426,2025-11-07,,shortage - monitored,SUKL456715/2025,2026-03-12T15:53:55.101740
CZ,Czech Republic,SUKL,EPREX,,40000IU/ML INJ SOL ISP 1X1ML,,,0014982,2025-11-11,,shortage - monitored,SUKL461710/2025,2026-03-12T15:53:55.101740
CZ,Czech Republic,SUKL,EPREX,,"1000IU/0,1ML INJ SOL ISP 6X0,6ML",,,0014975,2025-11-11,,shortage - monitored,SUKL461710/2025,2026-03-12T15:53:55.101740
CZ,Czech Republic,SUKL,EPREX,,"1000IU/0,1ML INJ SOL ISP 6X0,3ML",,,0014973,2025-11-11,,shortage - monitored,SUKL461710/2025,2026-03-12T15:53:55.101740
CZ,Czech Republic,SUKL,EPREX,,"1000IU/0,1ML INJ SOL ISP 6X0,4ML",,,0014970,2025-11-11,,shortage - monitored,SUKL461710/2025,2026-03-12T15:53:55.101740
CZ,Czech Republic,SUKL,EPREX,,"400IU/0,1ML INJ SOL ISP 6X0,5ML",,,0014969,2025-11-11,,shortage - monitored,SUKL461710/2025,2026-03-12T15:53:55.101740
CZ,Czech Republic,SUKL,EPREX,,"200IU/0,1ML INJ SOL ISP 6X0,5ML",,,0014968,2025-11-11,,shortage - monitored,SUKL461710/2025,2026-03-12T15:53:55.101740
CZ,Czech Republic,SUKL,EPORATIO,,"2000IU/0,5ML INJ SOL ISP 6X0,5ML III",,,0210471,2025-11-11,,shortage - monitored,SUKL461710/2025,2026-03-12T15:53:55.101740
CZ,Czech Republic,SUKL,EPORATIO,,"5000IU/0,5ML INJ SOL ISP 6X0,5ML III",,,0210474,2025-11-11,,shortage - monitored,SUKL461710/2025,2026-03-12T15:53:55.101740
CZ,Czech Republic,SUKL,EPORATIO,,"4000IU/0,5ML INJ SOL ISP 6X0,5ML III",,,0210473,2025-11-11,,shortage - monitored,SUKL461710/2025,2026-03-12T15:53:55.101740
CZ,Czech Republic,SUKL,FRIMIG,,100MG TBL FLM 6,,,0242703,2025-09-05,,shortage - monitored,SUKL352291/2025,2026-03-12T15:53:55.101740
CZ,Czech Republic,SUKL,ZYPADHERA,,300MG INJ PLQ SUS PRO 1+1X3ML+STŘ+3J,,,0500873,2025-07-23,,shortage - monitored,SUKL293779/2025,2026-03-12T15:53:55.101740
CZ,Czech Republic,SUKL,PENTASA SACHET,,4G GRA PRO SCC 30,,,0213250,2026-01-23,,shortage - monitored,SUKL33762/2026,2026-03-12T15:53:55.101740
CZ,Czech Republic,SUKL,PENTASA SACHET,,2G GRA PRO 60,,,0119539,2026-01-23,,shortage - monitored,SUKL33762/2026,2026-03-12T15:53:55.101740
CZ,Czech Republic,SUKL,CRESEMBA,,100MG CPS DUR 14,,,0211000,2026-01-27,,shortage - monitored,SUKL39331/2026,2026-03-12T15:53:55.101740
CZ,Czech Republic,SUKL,NEOTON PHLEBO,,1G INF PLV SOL 1,,,0266402,2026-01-29,,shortage - monitored,SUKL43089/2026,2026-03-12T15:53:55.101740
CZ,Czech Republic,SUKL,COROTROP,,10MG/10ML INJ SOL 10X10ML,,,0125097,2026-01-29,,shortage - monitored,SUKL42987/2026,2026-03-12T15:53:55.101740
CZ,Czech Republic,SUKL,NITRESAN,,10MG TBL NOB 100,,,0111900,2026-02-12,,shortage - monitored,SUKL66025/2026,2026-03-12T15:53:55.101740
CZ,Czech Republic,SUKL,ZYPADHERA,,210MG INJ PLQ SUS PRO 1+1X3ML+STŘ+3J,,,0500872,2025-07-23,,shortage - monitored,SUKL293779/2025,2026-03-12T15:53:55.101740
CZ,Czech Republic,SUKL,PREDNI-POS,,5MG/ML OPH GTT SUS 1X5ML,,,0162389,2025-08-21,,shortage - monitored,SUKL332995/2025,2026-03-12T15:53:55.101740
CZ,Czech Republic,SUKL,ASICORD,,1MG/ML INF CNC SOL 10X10ML,,,0179078,2026-01-29,,shortage - monitored,SUKL42987/2026,2026-03-12T15:53:55.101740
CZ,Czech Republic,SUKL,ZETOVAR,,10MG/80MG TBL NOB 100,,,0228550,2025-02-27,,shortage - monitored,SUKL71550/2025,2026-03-12T15:53:55.101740
CZ,Czech Republic,SUKL,ZEDERNO,,10MG/80MG TBL FLM 30,,,0251836,2025-02-27,,shortage - monitored,SUKL71550/2025,2026-03-12T15:53:55.101740
CZ,Czech Republic,SUKL,ADENURIC,,80MG TBL FLM 84 II,,,0208440,2026-01-29,,shortage - monitored,SUKL42624/2026,2026-03-12T15:53:55.101740
CZ,Czech Republic,SUKL,ZETOVAR,,10MG/80MG TBL NOB 30,,,0228548,2025-02-27,,shortage - monitored,SUKL71550/2025,2026-03-12T15:53:55.101740
CZ,Czech Republic,SUKL,FEBUXOSTAT KRKA,,80MG TBL FLM 28,,M04AA03,0238395,2026-01-29,,shortage - monitored,SUKL42624/2026,2026-03-12T15:53:55.101740
CZ,Czech Republic,SUKL,TORECAN,,"6,5MG TBL OBD 50",,,0009844,2026-01-29,,shortage - monitored,SUKL42922/2026,2026-03-12T15:53:55.101740
CZ,Czech Republic,SUKL,ALENDROGEN,,70MG TBL NOB 12,,,0272962,2026-02-10,,shortage - monitored,SUKL62161/2026,2026-03-12T15:53:55.101740
CZ,Czech Republic,SUKL,FAMOSAN,,40MG TBL FLM 20,,,0096194,2025-03-11,,shortage - monitored,SUKL86484/2025,2026-03-12T15:53:55.101740
CZ,Czech Republic,SUKL,FAMOSAN,,40MG TBL FLM 50,,,0059596,2025-03-11,,shortage - monitored,SUKL86484/2025,2026-03-12T15:53:55.101740
CZ,Czech Republic,SUKL,FAMOSAN,,40MG TBL FLM 100,,,0047863,2025-03-11,,shortage - monitored,SUKL86484/2025,2026-03-12T15:53:55.101740
CZ,Czech Republic,SUKL,ZYPADHERA,,405MG INJ PLQ SUS PRO 1+1X3ML+STŘ+3J,,,0500874,2025-03-12,,shortage - monitored,SUKL88417/2025,2026-03-12T15:53:55.101740
CZ,Czech Republic,SUKL,RISPERIDON ORION,,1MG/ML POR SOL 1X60ML,,N05AX08,0124563,2025-03-14,,shortage - monitored,SUKL91681/2025,2026-03-12T15:53:55.101740
CZ,Czech Republic,SUKL,RISPERDAL,,1MG/ML POR SOL 1X30ML,,,0260897,2025-03-14,,shortage - monitored,SUKL91681/2025,2026-03-12T15:53:55.101740
CZ,Czech Republic,SUKL,RISPERDAL,,1MG/ML POR SOL 30ML,,,0066085,2025-03-14,,shortage - monitored,SUKL91681/2025,2026-03-12T15:53:55.101740
CZ,Czech Republic,SUKL,ROSEMIG,,"20MG NAS SPR SOL 2X0,1ML",,,0237899,2025-07-30,,shortage - monitored,SUKL305551/2025,2026-03-12T15:53:55.101740
CZ,Czech Republic,SUKL,TOPOTECAN ACCORD,,1MG/ML INF CNC SOL 1X4ML,,L01CE01,0241438,2025-03-20,,shortage - monitored,SUKL98357/2025,2026-03-12T15:53:55.101740
CZ,Czech Republic,SUKL,OSVAREN,,435MG/235MG TBL FLM 180,,,0115704,2025-03-20,,shortage - monitored,SUKL97950/2025,2026-03-12T15:53:55.101740
CZ,Czech Republic,SUKL,GENTAMICIN WZF POLFA,,3MG/ML OPH GTT SOL 1X5ML,,J01GB03,0051664,2025-03-20,,shortage - monitored,SUKL97954/2025,2026-03-12T15:53:55.101740
CZ,Czech Republic,SUKL,SYNTOSTIGMIN,,15MG TBL NOB 20,,,0207964,2026-02-03,,shortage - monitored,SUKL51434/2026,2026-03-12T15:53:55.101740
CZ,Czech Republic,SUKL,TARKA,,240MG/4MG TBL MRL 28,,,0267534,2025-03-26,,shortage - monitored,SUKL104953/2025,2026-03-12T15:53:55.101740
CZ,Czech Republic,SUKL,TARKA,,240MG/4MG TBL MRL 98,,,0267532,2025-03-26,,shortage - monitored,SUKL104953/2025,2026-03-12T15:53:55.101740
CZ,Czech Republic,SUKL,SUSTANON,,250MG/ML INJ SOL 1X1ML,,,0186652,2025-07-30,,shortage - monitored,SUKL305065/2025,2026-03-12T15:53:55.101740
CZ,Czech Republic,SUKL,NEBIDO,,1000MG/4ML INJ SOL 1X4ML,,,0223477,2025-07-30,,shortage - monitored,SUKL305065/2025,2026-03-12T15:53:55.101740
CZ,Czech Republic,SUKL,QUETIAPIN NEURAXPHARM,,200MG TBL FLM 48,,N05AH04,0249092,2026-02-03,,shortage - monitored,SUKL51529/2026,2026-03-12T15:53:55.101740
CZ,Czech Republic,SUKL,QUETIAPIN NEURAXPHARM,,100MG TBL FLM 48,,N05AH04,0249084,2026-02-03,,shortage - monitored,SUKL51529/2026,2026-03-12T15:53:55.101740
CZ,Czech Republic,SUKL,QUETIAPIN NEURAXPHARM,,50MG TBL FLM 48,,N05AH04,0249080,2026-02-03,,shortage - monitored,SUKL51529/2026,2026-03-12T15:53:55.101740
CZ,Czech Republic,SUKL,KETILEPT,,100MG TBL FLM 90,,,0224858,2026-02-03,,shortage - monitored,SUKL51529/2026,2026-03-12T15:53:55.101740
CZ,Czech Republic,SUKL,DERIN,,200MG TBL FLM 50,,,0129468,2026-02-03,,shortage - monitored,SUKL51529/2026,2026-03-12T15:53:55.101740
CZ,Czech Republic,SUKL,EPORATIO,,30000IU/1ML INJ SOL ISP 4X1ML III,,,0210482,2025-11-11,,shortage - monitored,SUKL461710/2025,2026-03-12T15:53:55.101740
CZ,Czech Republic,SUKL,EPORATIO,,"3000IU/0,5ML INJ SOL ISP 6X0,5ML III",,,0210472,2025-11-11,,shortage - monitored,SUKL461710/2025,2026-03-12T15:53:55.101740
CZ,Czech Republic,SUKL,BINOCRIT,,40000IU/1ML INJ SOL ISP 6X1ML II,,,0168011,2025-11-11,,shortage - monitored,SUKL461710/2025,2026-03-12T15:53:55.101740
CZ,Czech Republic,SUKL,BINOCRIT,,40000IU/1ML INJ SOL ISP 1X1ML II,,,0168010,2025-11-11,,shortage - monitored,SUKL461710/2025,2026-03-12T15:53:55.101740
CZ,Czech Republic,SUKL,BINOCRIT,,"30000IU/0,75ML INJ SOL ISP 6X0,75ML II",,,0168009,2025-11-11,,shortage - monitored,SUKL461710/2025,2026-03-12T15:53:55.101740
CZ,Czech Republic,SUKL,BINOCRIT,,"30000IU/0,75ML INJ SOL ISP 1X0,75ML II",,,0168008,2025-11-11,,shortage - monitored,SUKL461710/2025,2026-03-12T15:53:55.101740
CZ,Czech Republic,SUKL,VIDEMEL FORTE,,600MG/800IU TBL FLM 90,,,0264293,2025-12-05,,shortage - monitored,SUKL504692/2025,2026-03-12T15:53:55.101740
CZ,Czech Republic,SUKL,QUETIAPIN TEVA RETARD,,300MG TBL PRO 60,,N05AH04,0174759,2025-11-13,,shortage - monitored,SUKL466545/2025,2026-03-12T15:53:55.101740
CZ,Czech Republic,SUKL,QUESTAX PROLONG,,300MG TBL PRO 60,,,0236866,2025-11-13,,shortage - monitored,SUKL466545/2025,2026-03-12T15:53:55.101740
CZ,Czech Republic,SUKL,DERIN,,25MG TBL FLM 50,,,0129438,2026-02-03,,shortage - monitored,SUKL51529/2026,2026-03-12T15:53:55.101740
CZ,Czech Republic,SUKL,EZETIMIB/ATORVASTATIN STADA,,10MG/80MG TBL FLM 30,,C10BA02,0270373,2025-05-09,,shortage - monitored,SUKL171850/2025,2026-03-12T15:53:55.102705
CZ,Czech Republic,SUKL,DERIN PROLONG,,300MG TBL PRO 60,,,0136602,2025-11-13,,shortage - monitored,SUKL466545/2025,2026-03-12T15:53:55.102705
CZ,Czech Republic,SUKL,TARKA,,180MG/2MG TBL MRL 28,,,0267529,2025-05-13,,shortage - monitored,SUKL178731/2025,2026-03-12T15:53:55.102705
CZ,Czech Republic,SUKL,TARKA,,180MG/2MG TBL MRL 98,,,0267531,2025-05-13,,shortage - monitored,SUKL178731/2025,2026-03-12T15:53:55.102705
CZ,Czech Republic,SUKL,QUETIAPINE VIATRIS,,300MG TBL PRO 60,,N05AH04,0278762,2025-11-13,,shortage - monitored,SUKL466545/2025,2026-03-12T15:53:55.102705
CZ,Czech Republic,SUKL,KVENTIAX PROLONG,,300MG TBL PRO 30,,,0205780,2025-11-13,,shortage - monitored,SUKL466545/2025,2026-03-12T15:53:55.102705
CZ,Czech Republic,SUKL,DERIN PROLONG,,300MG TBL PRO 30,,,0136600,2025-11-13,,shortage - monitored,SUKL466545/2025,2026-03-12T15:53:55.102705
CZ,Czech Republic,SUKL,LEVEMIR PENFILL,,100U/ML INJ SOL ZVL 5X3ML,,,0028148,2025-11-13,,shortage - monitored,SUKL466339/2025,2026-03-12T15:53:55.102705
CZ,Czech Republic,SUKL,LEVEMIR FLEXPEN,,100U/ML INJ SOL PEP 5X3ML,,,0028151,2025-11-13,,shortage - monitored,SUKL466339/2025,2026-03-12T15:53:55.102705
CZ,Czech Republic,SUKL,HUMULIN R KWIKPEN,,100IU/ML INJ SOL PEP 10(2X5)X3ML,,,0219877,2025-11-13,,shortage - monitored,SUKL466281/2025,2026-03-12T15:53:55.102705
CZ,Czech Republic,SUKL,ANAFRANIL,,25MG TBL OBD 30,,,0252485,2025-05-20,,shortage - monitored,SUKL186858/2025,2026-03-12T15:53:55.102705
CZ,Czech Republic,SUKL,QUETIAPINE VIATRIS,,200MG TBL PRO 60,,N05AH04,0278753,2025-05-23,,shortage - monitored,SUKL192767/2025,2026-03-12T15:53:55.102705
CZ,Czech Republic,SUKL,HOLOXAN,,1G INF PLV SOL 5X1,,,0273416,2026-02-04,,shortage - monitored,SUKL53700/2026,2026-03-12T15:53:55.102705
CZ,Czech Republic,SUKL,HOLOXAN,,2G INF PLV SOL 5X1,,,0273419,2026-02-04,,shortage - monitored,SUKL53700/2026,2026-03-12T15:53:55.102705
CZ,Czech Republic,SUKL,KVENTIAX PROLONG,,300MG TBL PRO 60,,,0205782,2026-02-04,,shortage - monitored,SUKL53705/2026,2026-03-12T15:53:55.102705
CZ,Czech Republic,SUKL,KVENTIAX PROLONG,,150MG TBL PRO 60,,,0205624,2026-02-04,,shortage - monitored,SUKL53705/2026,2026-03-12T15:53:55.102705
CZ,Czech Republic,SUKL,QUETIAPINE ACCORD,,300MG TBL PRO 60,,N05AH04,0242431,2026-02-04,,shortage - monitored,SUKL53705/2026,2026-03-12T15:53:55.102705
CZ,Czech Republic,SUKL,ESTRAHEXAL,,50MCG/24H TDR EMP 6,,,0047048,2026-02-12,,shortage - monitored,SUKL66042/2026,2026-03-12T15:53:55.102705
CZ,Czech Republic,SUKL,QUESTAX PROLONG,,200MG TBL PRO 30,,,0236858,2025-05-23,,shortage - monitored,SUKL192767/2025,2026-03-12T15:53:55.102705
CZ,Czech Republic,SUKL,KVENTIAX PROLONG,,50MG TBL PRO 60,,,0214080,2026-02-04,,shortage - monitored,SUKL53673/2026,2026-03-12T15:53:55.102705
CZ,Czech Republic,SUKL,HUMULIN R CARTRIDGE,,100IU/ML INJ SOL ZVL 5X3ML,,,0219875,2025-11-13,,shortage - monitored,SUKL466281/2025,2026-03-12T15:53:55.102705
CZ,Czech Republic,SUKL,DERIN PROLONG,,200MG TBL PRO 30,,,0136594,2025-05-23,,shortage - monitored,SUKL192767/2025,2026-03-12T15:53:55.102705
CZ,Czech Republic,SUKL,QUETIAPIN TEVA RETARD,,200MG TBL PRO 60,,N05AH04,0174750,2025-05-23,,shortage - monitored,SUKL192767/2025,2026-03-12T15:53:55.102705
CZ,Czech Republic,SUKL,ENDOXAN,,500MG INJ/INF PLV SOL 1,,,0273461,2026-02-04,,shortage - monitored,SUKL53541/2026,2026-03-12T15:53:55.102705
CZ,Czech Republic,SUKL,ENDOXAN,,200MG INJ/INF PLV SOL 10X1,,,0273458,2026-02-04,,shortage - monitored,SUKL53541/2026,2026-03-12T15:53:55.102705
CZ,Czech Republic,SUKL,ENDOXAN,,1G INJ/INF PLV SOL 1,,,0273464,2026-02-04,,shortage - monitored,SUKL53541/2026,2026-03-12T15:53:55.102705
CZ,Czech Republic,SUKL,KVENTIAX PROLONG,,200MG TBL PRO 60,,,0205776,2026-02-04,,shortage - monitored,SUKL53536/2026,2026-03-12T15:53:55.102705
CZ,Czech Republic,SUKL,ACTRAPID PENFILL,,100IU/ML INJ SOL ZVL 5X3ML,,,0026486,2025-11-13,,shortage - monitored,SUKL466281/2025,2026-03-12T15:53:55.102705
CZ,Czech Republic,SUKL,ATOMOXETIN VIATRIS,,100MG CPS DUR 28,,N06BA09,0268641,2025-05-30,,shortage - monitored,SUKL207260/2025,2026-03-12T15:53:55.102705
CZ,Czech Republic,SUKL,ATOMOXETIN VIATRIS,,80MG CPS DUR 28,,N06BA09,0268638,2025-05-30,,shortage - monitored,SUKL207260/2025,2026-03-12T15:53:55.102705
CZ,Czech Republic,SUKL,ATOMOXETIN VIATRIS,,60MG CPS DUR 28,,N06BA09,0268635,2025-05-30,,shortage - monitored,SUKL207260/2025,2026-03-12T15:53:55.102705
CZ,Czech Republic,SUKL,ALFUZOSIN MYLAN,,10MG TBL PRO 90,,G04CA01,0235142,2025-11-14,,shortage - monitored,SUKL467852/2025,2026-03-12T15:53:55.102705
CZ,Czech Republic,SUKL,INCRELEX,,10MG/ML INJ SOL 1X4ML,,,0029024,2025-12-09,,shortage - monitored,SUKL510778/2025,2026-03-12T15:53:55.102705
CZ,Czech Republic,SUKL,ATOFAB,,40MG CPS DUR 56 I,,,0221843,2025-05-30,,shortage - monitored,SUKL207260/2025,2026-03-12T15:53:55.102705
CZ,Czech Republic,SUKL,ATOFAB,,25MG CPS DUR 56 I,,,0221831,2025-05-30,,shortage - monitored,SUKL207260/2025,2026-03-12T15:53:55.102705
CZ,Czech Republic,SUKL,ATOFAB,,18MG CPS DUR 56 I,,,0221819,2025-05-30,,shortage - monitored,SUKL207260/2025,2026-03-12T15:53:55.102705
CZ,Czech Republic,SUKL,ATOFAB,,10MG CPS DUR 56 I,,,0221807,2025-05-30,,shortage - monitored,SUKL207260/2025,2026-03-12T15:53:55.102705
CZ,Czech Republic,SUKL,NEOSYNEPHRIN-POS,,100MG/ML OPH GTT SOL 1X10ML,,,0162306,2025-06-03,,shortage - monitored,SUKL210801/2025,2026-03-12T15:53:55.102705
CZ,Czech Republic,SUKL,OSPEN,,"0,4MIU/5ML POR SUS 150ML",,,0049549,2025-06-03,,shortage - monitored,SUKL210826/2025,2026-03-12T15:53:55.102705
CZ,Czech Republic,SUKL,OSPEN,,"0,75MIU/5ML POR SUS 1X60ML",,,0214055,2025-06-03,,shortage - monitored,SUKL210826/2025,2026-03-12T15:53:55.102705
CZ,Czech Republic,SUKL,FEVARIN,,50MG TBL FLM 30,,,0266726,2025-11-20,,shortage - monitored,SUKL477742/2025,2026-03-12T15:53:55.102705
CZ,Czech Republic,SUKL,FEVARIN,,100MG TBL FLM 30,,,0266728,2025-11-20,,shortage - monitored,SUKL477742/2025,2026-03-12T15:53:55.102705
CZ,Czech Republic,SUKL,ANGELIQ,,1MG/2MG TBL FLM 3X28,,,0223537,2025-11-20,,shortage - monitored,SUKL477250/2025,2026-03-12T15:53:55.102705
CZ,Czech Republic,SUKL,PAOSONELLE,,1MG/2MG TBL FLM 3X28,,,0236756,2025-11-20,,shortage - monitored,SUKL477250/2025,2026-03-12T15:53:55.102705
CZ,Czech Republic,SUKL,FRAMYKOIN,,3300IU/G+250IU/G UNG 1X10G,,,0001066,2024-07-17,,shortage - monitored,SUKL175951/2024,2026-03-12T15:53:55.102705
CZ,Czech Republic,SUKL,SYNAREL,,2MG/ML NAS SPR SOL 1X8ML/60DÁV,,,0048196,2025-11-25,,shortage - monitored,SUKL486115/2025,2026-03-12T15:53:55.102705
CZ,Czech Republic,SUKL,VIGIL,,100MG TBL NOB 30,,,0229227,2026-02-04,,shortage - monitored,SUKL53155/2026,2026-03-12T15:53:55.102705
CZ,Czech Republic,SUKL,SIRDALUD,,2MG TBL NOB 30,,,0273081,2025-06-19,,shortage - monitored,SUKL238875/2025,2026-03-12T15:53:55.102705
CZ,Czech Republic,SUKL,SIRDALUD,,4MG TBL NOB 30,,,0273082,2025-06-19,,shortage - monitored,SUKL238875/2025,2026-03-12T15:53:55.102705
CZ,Czech Republic,SUKL,KAMIREN,,4MG TBL NOB 30,,,0064797,2026-02-04,,shortage - monitored,SUKL52897/2026,2026-03-12T15:53:55.102705
CZ,Czech Republic,SUKL,ZOXON,,2MG TBL NOB 30,,,0045214,2026-02-04,,shortage - monitored,SUKL52897/2026,2026-03-12T15:53:55.102705
CZ,Czech Republic,SUKL,MERIOFERT SET,,"900IU INJ PSO LQF 1+1X2,35ML ISP",,,0258505,2025-11-25,,shortage - monitored,SUKL486001/2025,2026-03-12T15:53:55.102705
CZ,Czech Republic,SUKL,EBIXA,,5MG/DÁV POR SOL 1X100ML,,,0026508,2025-09-04,,shortage - monitored,SUKL350279/2025,2026-03-12T15:53:55.102705
CZ,Czech Republic,SUKL,LUMINAL,,200MG/ML INJ SOL 5X1ML,,,0084449,2025-12-05,,shortage - monitored,SUKL504558/2025,2026-03-12T15:53:55.102705
CZ,Czech Republic,SUKL,ROSEMIG,,100MG TBL FLM 6 II,,,0237914,2025-09-05,,shortage - monitored,SUKL352291/2025,2026-03-12T15:53:55.102705
CZ,Czech Republic,SUKL,ROSEMIG SPRINTAB,,100MG TBL SUS 6 II,,,0237905,2025-09-05,,shortage - monitored,SUKL352291/2025,2026-03-12T15:53:55.102705
CZ,Czech Republic,SUKL,SUMATRIPTAN VIATRIS,,100MG TBL FLM 2,,N02CC01,0269075,2025-09-05,,shortage - monitored,SUKL352291/2025,2026-03-12T15:53:55.102705
CZ,Czech Republic,SUKL,URSOFALK,,250MG/5ML POR SUS 1X250ML,,,0130610,2025-09-05,,shortage - monitored,SUKL352452/2025,2026-03-12T15:53:55.102705
CZ,Czech Republic,SUKL,ZOXON,,4MG TBL NOB 105,,,0265395,2026-02-04,,shortage - monitored,SUKL52897/2026,2026-03-12T15:53:55.102705
CZ,Czech Republic,SUKL,KVENTIAX PROLONG,,400MG TBL PRO 60,,,0205718,2026-02-05,,shortage - monitored,SUKL55228/2026,2026-03-12T15:53:55.102705
CZ,Czech Republic,SUKL,BACTROBAN NASAL,,20MG/G NAS UNG 1X3G,,,0237830,2026-02-06,,shortage - monitored,SUKL56968/2026,2026-03-12T15:53:55.102705
CZ,Czech Republic,SUKL,CIPROFLOXACIN KABI,,200MG/100ML INF SOL 10X100ML,,J01MA02,0162180,2025-09-16,,shortage - monitored,SUKL370760/2025,2026-03-12T15:53:55.102705
CZ,Czech Republic,SUKL,CIPRINOL,,100MG/10ML INF CNC SOL 5X10ML,,,0096040,2025-09-16,,shortage - monitored,SUKL370760/2025,2026-03-12T15:53:55.102705
CZ,Czech Republic,SUKL,CIPROFLOXACIN KABI,,400MG/200ML INF SOL 10X200ML,,J01MA02,0162187,2025-09-16,,shortage - monitored,SUKL370760/2025,2026-03-12T15:53:55.102705
CZ,Czech Republic,SUKL,DIACORDIN RETARD,,90MG TBL PRO 30,,,0094314,2025-09-16,,shortage - monitored,SUKL370724/2025,2026-03-12T15:53:55.102705
CZ,Czech Republic,SUKL,DIACORDIN RETARD,,120MG TBL MRL 30,,,0076736,2025-09-16,,shortage - monitored,SUKL370724/2025,2026-03-12T15:53:55.102705
CZ,Czech Republic,SUKL,MERIOFERT SET,,75IU INJ PSO LQF 10+10X1ML ISP,,,0242515,2025-09-16,,shortage - monitored,SUKL370650/2025,2026-03-12T15:53:55.102705
CZ,Czech Republic,SUKL,MERIOFERT SET,,150IU INJ PSO LQF 1+1X1ML ISP,,,0242510,2025-09-16,,shortage - monitored,SUKL370650/2025,2026-03-12T15:53:55.102705
CZ,Czech Republic,SUKL,MERIOFERT SET,,150IU INJ PSO LQF 10+10X1ML ISP,,,0242512,2025-09-16,,shortage - monitored,SUKL370650/2025,2026-03-12T15:53:55.102705
CZ,Czech Republic,SUKL,TAMOXIFEN EBEWE,,20MG TBL NOB 100,,L02BA01,0058702,2025-11-27,,shortage - monitored,SUKL491876/2025,2026-03-12T15:53:55.102705
CZ,Czech Republic,SUKL,LYRICA,,225MG CPS DUR 56,,,0026196,2025-09-19,,shortage - monitored,SUKL376238/2025,2026-03-12T15:53:55.102705
CZ,Czech Republic,SUKL,FUCIDIN H,,20MG/G+10MG/G CRM 15G,,,0000707,2025-09-30,,shortage - monitored,SUKL392155/2025,2026-03-12T15:53:55.102705
CZ,Czech Republic,SUKL,PRESID,,"2,5MG TBL PRO 30",,,0235777,2025-09-25,,shortage - monitored,SUKL385317/2025,2026-03-12T15:53:55.102705
CZ,Czech Republic,SUKL,TERFIMED,,250MG TBL NOB 28 II,,,0199685,2025-10-14,,shortage - monitored,SUKL416628/2025,2026-03-12T15:53:55.102705
CZ,Czech Republic,SUKL,TERFIMED,,250MG TBL NOB 14 II,,,0199684,2025-10-14,,shortage - monitored,SUKL416628/2025,2026-03-12T15:53:55.102705
CZ,Czech Republic,SUKL,TERBINAFIN TEVA,,250MG TBL NOB 28,,,0272983,2025-10-14,,shortage - monitored,SUKL416628/2025,2026-03-12T15:53:55.102705
CZ,Czech Republic,SUKL,VENLAFAXIN VIATRIS,,150MG CPS PRO 30,,N06AX16,0279241,2025-10-16,,shortage - monitored,SUKL420365/2025,2026-03-12T15:53:55.102705
CZ,Czech Republic,SUKL,TAMOXIFEN EBEWE,,10MG TBL NOB 100,,L02BA01,0058701,2025-11-27,,shortage - monitored,SUKL491876/2025,2026-03-12T15:53:55.102705
CZ,Czech Republic,SUKL,CARAMLO,,8MG/5MG TBL NOB 98,,,0203397,2025-11-27,,shortage - monitored,SUKL491829/2025,2026-03-12T15:53:55.102705
CZ,Czech Republic,SUKL,CARAMLO,,8MG/5MG TBL NOB 28,,,0195474,2025-11-27,,shortage - monitored,SUKL491829/2025,2026-03-12T15:53:55.102705
CZ,Czech Republic,SUKL,INJEXATE AUTOINJEKTOR,,"30MG INJ SOL PFI 4(4X0,6ML)",,,0260723,2025-12-09,,shortage - monitored,SUKL510280/2025,2026-03-12T15:53:55.102705
CZ,Czech Republic,SUKL,METOJECT PEN,,"30MG INJ SOL PEP 4X0,6ML II",,,0269306,2025-12-09,,shortage - monitored,SUKL510280/2025,2026-03-12T15:53:55.102705
CZ,Czech Republic,SUKL,VERORAB,,"INJ PSU LQF 1+1X0,5ML ISP",,,0268673,2025-12-16,,shortage - monitored,SUKL521558/2025,2026-03-12T15:53:55.102705
CZ,Czech Republic,SUKL,LITALIR,,500MG CPS DUR 100,,,0266572,2025-12-16,,shortage - monitored,SUKL521550/2025,2026-03-12T15:53:55.102705
CZ,Czech Republic,SUKL,EXACYL,,500MG TBL FLM 20,,,0252395,2025-12-16,,shortage - monitored,SUKL521523/2025,2026-03-12T15:53:55.102705
CZ,Czech Republic,SUKL,CLARITHROMYCIN HAMELN,,500MG INF PLV CSL 10,,J01FA09,0251176,2025-12-17,,shortage - monitored,SUKL523727/2025,2026-03-12T15:53:55.102705
CZ,Czech Republic,SUKL,CLARITHROMYCIN OLIKLA,,500MG INF PLV CSL 10,,J01FA09,0266384,2025-12-17,,shortage - monitored,SUKL523727/2025,2026-03-12T15:53:55.102705
CZ,Czech Republic,SUKL,HYALGAN,,20MG/2ML INJ SOL 1X2ML,,,0059840,2025-12-17,,shortage - monitored,SUKL523403/2025,2026-03-12T15:53:55.102705
CZ,Czech Republic,SUKL,LINEZOLID KABI,,2MG/ML INF SOL 10X300ML,,J01XX08,0216704,2025-12-17,,shortage - monitored,SUKL522981/2025,2026-03-12T15:53:55.102705
CZ,Czech Republic,SUKL,KLACID,,500MG INF PLV CSL 1,,,0267339,2025-12-17,,shortage - monitored,SUKL523727/2025,2026-03-12T15:53:55.102705
CZ,Czech Republic,SUKL,UROXAL,,5MG TBL NOB 60,,,0267013,2025-12-19,,shortage - monitored,SUKL527238/2025,2026-03-12T15:53:55.102705
CZ,Czech Republic,SUKL,ZYVOXID,,2MG/ML INF SOL 10X300ML I,,,0003708,2025-12-17,,shortage - monitored,SUKL522981/2025,2026-03-12T15:53:55.102705
CZ,Czech Republic,SUKL,LINEZOLID ACCORD,,2MG/ML INF SOL 10X300ML,,J01XX08,0242270,2025-12-17,,shortage - monitored,SUKL522981/2025,2026-03-12T15:53:55.102705
CZ,Czech Republic,SUKL,LINEZOLID OLIKLA,,2MG/ML INF SOL 10X300ML,,J01XX08,0172411,2025-12-17,,shortage - monitored,SUKL522981/2025,2026-03-12T15:53:55.102705
CZ,Czech Republic,SUKL,ONDANSETRON KABI,,"0,08MG/ML INF SOL 40X50ML",,A04AA01,0252202,2025-12-18,,shortage - monitored,SUKL524909/2025,2026-03-12T15:53:55.102705
CZ,Czech Republic,SUKL,ONDANSETRON ACCORD,,2MG/ML INJ/INF SOL 5X4ML,,A04AA01,0242304,2025-12-18,,shortage - monitored,SUKL524909/2025,2026-03-12T15:53:55.102705
CZ,Czech Republic,SUKL,ONDANSETRON B. BRAUN,,2MG/ML INJ SOL 20X4ML II,,A04AA01,0187607,2025-12-18,,shortage - monitored,SUKL524909/2025,2026-03-12T15:53:55.102705
CZ,Czech Republic,SUKL,ONDANSETRON KALCEKS,,2MG/ML INJ/INF SOL 10X4ML,,A04AA01,0250753,2025-12-18,,shortage - monitored,SUKL524909/2025,2026-03-12T15:53:55.102705
CZ,Czech Republic,SUKL,ONDANSETRON KABI,,2MG/ML INJ SOL 5X4ML,,A04AA01,0024550,2025-12-18,,shortage - monitored,SUKL524909/2025,2026-03-12T15:53:55.102705
CZ,Czech Republic,SUKL,ACCOFIL,,"12MU/0,2ML INJ/INF SOL ISP 5X0,2ML II",,,0255159,2025-12-19,,shortage - monitored,SUKL527080/2025,2026-03-12T15:53:55.102705
CZ,Czech Republic,SUKL,VENLAFAXIN VIATRIS,,75MG CPS PRO 90,,N06AX16,0279214,2025-12-30,,shortage - monitored,SUKL540565/2025,2026-03-12T15:53:55.102705
CZ,Czech Republic,SUKL,VENLAFAXIN VIATRIS,,75MG CPS PRO 30,,N06AX16,0279206,2025-12-30,,shortage - monitored,SUKL540565/2025,2026-03-12T15:53:55.102705
CZ,Czech Republic,SUKL,EFECTIN ER,,75MG CPS PRO 28 II,,,0262475,2025-12-30,,shortage - monitored,SUKL540565/2025,2026-03-12T15:53:55.102705
CZ,Czech Republic,SUKL,VELAXIN,,75MG CPS PRO 28,,,0120369,2025-12-30,,shortage - monitored,SUKL540565/2025,2026-03-12T15:53:55.102705
CZ,Czech Republic,SUKL,OLWEXYA,,75MG CPS PRO 30,,,0024974,2025-12-30,,shortage - monitored,SUKL540565/2025,2026-03-12T15:53:55.102705
CZ,Czech Republic,SUKL,ARGOFAN,,75MG TBL PRO 30(2X15),,,0246027,2025-12-30,,shortage - monitored,SUKL540565/2025,2026-03-12T15:53:55.102705
CZ,Czech Republic,SUKL,TRITTICO PROLONG,,300MG TBL PRO 30,,,0188165,2025-12-30,,shortage - monitored,SUKL540404/2025,2026-03-12T15:53:55.102705
CZ,Czech Republic,SUKL,TEZEFORT,,40MG/5MG TBL NOB 28,,,0173562,2025-12-31,,shortage - monitored,SUKL541962/2025,2026-03-12T15:53:55.102705
CZ,Czech Republic,SUKL,OXALIPLATIN KABI,,5MG/ML INF CNC SOL 1X20ML,,L01XA03,0232956,2026-01-06,,shortage - monitored,SUKL4951/2026,2026-03-12T15:53:55.102705
CZ,Czech Republic,SUKL,OXALIPLATIN KABI,,5MG/ML INF CNC SOL 1X10ML,,L01XA03,0232955,2026-01-06,,shortage - monitored,SUKL4951/2026,2026-03-12T15:53:55.102705
CZ,Czech Republic,SUKL,OXALIPLATIN AGMED,,5MG/ML INF CNC SOL 1X20ML,,L01XA03,0277761,2026-01-06,,shortage - monitored,SUKL4951/2026,2026-03-12T15:53:55.102705
CZ,Czech Republic,SUKL,OXALIPLATIN ACCORD,,5MG/ML INF CNC SOL 1X40ML,,L01XA03,0239970,2026-01-06,,shortage - monitored,SUKL4951/2026,2026-03-12T15:53:55.102705
CZ,Czech Republic,SUKL,OXALIPLATIN TEVA,,5MG/ML INF CNC SOL 1X20ML,,L01XA03,0104238,2026-01-06,,shortage - monitored,SUKL4951/2026,2026-03-12T15:53:55.102705
CZ,Czech Republic,SUKL,OXALIPLATIN TEVA,,5MG/ML INF CNC SOL 1X10ML,,L01XA03,0104237,2026-01-06,,shortage - monitored,SUKL4951/2026,2026-03-12T15:53:55.102705
CZ,Czech Republic,SUKL,OXALIPLATIN ACCORD,,5MG/ML INF CNC SOL 1X10ML,,L01XA03,0239968,2026-01-06,,shortage - monitored,SUKL4951/2026,2026-03-12T15:53:55.102705
CZ,Czech Republic,SUKL,OXALIPLATIN ACCORD,,5MG/ML INF CNC SOL 1X20ML,,L01XA03,0239969,2026-01-06,,shortage - monitored,SUKL4951/2026,2026-03-12T15:53:55.102705
CZ,Czech Republic,SUKL,EMTRICITABINE/TENOFOVIR DISOPROXIL MYLAN,,200MG/245MG TBL FLM 30X1 II,,J05AR17,0271773,2026-01-07,,shortage - monitored,SUKL7549/2026,2026-03-12T15:53:55.102705
CZ,Czech Republic,SUKL,EMTRICITABINE/TENOFOVIR DISOPROXIL MYLAN,,200MG/245MG TBL FLM 30,,J05AR17,0219251,2026-01-07,,shortage - monitored,SUKL7549/2026,2026-03-12T15:53:55.102705
CZ,Czech Republic,SUKL,FRAMYKOIN,,3300IU/G+250IU/G DRM PLV ADS 1X20G,,,0048261,2026-01-09,,shortage - monitored,SUKL10692/2026,2026-03-12T15:53:55.102705
CZ,Czech Republic,SUKL,FRAMYKOIN,,3300IU/G+250IU/G DRM PLV ADS 1X5G,,,0048262,2026-01-09,,shortage - monitored,SUKL10692/2026,2026-03-12T15:53:55.102705
CZ,Czech Republic,SUKL,UNASYN,,375MG TBL FLM 12,,,0017149,2026-01-13,,shortage - monitored,SUKL15763/2026,2026-03-12T15:53:55.102705
CZ,Czech Republic,SUKL,QUTENZA,,179MG DRM EMP 1+50G GEL,,,0149227,2026-01-13,,shortage - monitored,SUKL15459/2026,2026-03-12T15:53:55.102705
CZ,Czech Republic,SUKL,ZAVEDOS,,5MG INJ PLV SOL 1,,,0001182,2026-01-13,,shortage - monitored,SUKL15278/2026,2026-03-12T15:53:55.102705
CZ,Czech Republic,SUKL,GEMCITABIN EBEWE,,40MG/ML INF CNC SOL 1X50ML II,,L01BC05,0172173,2026-01-14,,shortage - monitored,SUKL18519/2026,2026-03-12T15:53:55.102705
CZ,Czech Republic,SUKL,GEMCITABINE ACCORD,,100MG/ML INF CNC SOL 1X20ML,,L01BC05,0242257,2026-01-14,,shortage - monitored,SUKL18519/2026,2026-03-12T15:53:55.102705
CZ,Czech Republic,SUKL,NITRESAN,,20MG TBL NOB 100,,,0111904,2026-02-12,,shortage - monitored,SUKL66025/2026,2026-03-12T15:53:55.102705
CZ,Czech Republic,SUKL,GEMCITABINE ACCORD,,100MG/ML INF CNC SOL 1X2ML,,L01BC05,0242254,2026-01-14,,shortage - monitored,SUKL18519/2026,2026-03-12T15:53:55.102705
CZ,Czech Republic,SUKL,GEMCITABINE KABI,,"38MG/ML INF CNC SOL 1X26,3ML",,L01BC05,0235097,2026-01-14,,shortage - monitored,SUKL18519/2026,2026-03-12T15:53:55.102705
CZ,Czech Republic,SUKL,GEMCITABINE KABI,,"38MG/ML INF CNC SOL 1X5,26ML",,L01BC05,0235096,2026-01-14,,shortage - monitored,SUKL18519/2026,2026-03-12T15:53:55.102705
CZ,Czech Republic,SUKL,GEMCITABIN EBEWE,,40MG/ML INF CNC SOL 1X25ML II,,L01BC05,0172174,2026-01-14,,shortage - monitored,SUKL18519/2026,2026-03-12T15:53:55.102705
CZ,Czech Republic,SUKL,GEMCITABIN EBEWE,,40MG/ML INF CNC SOL 1X5ML I,,L01BC05,0160676,2026-01-14,,shortage - monitored,SUKL18519/2026,2026-03-12T15:53:55.102705
CZ,Czech Republic,SUKL,GEMCITABINE ACCORD,,100MG/ML INF CNC SOL 1X10ML,,L01BC05,0242255,2026-01-14,,shortage - monitored,SUKL18519/2026,2026-03-12T15:53:55.102705
CZ,Czech Republic,SUKL,EPTIFIBATIDE ACCORD,,"0,75MG/ML INF SOL 1X100ML",,B01AC16,0209093,2026-01-14,,shortage - monitored,SUKL17756/2026,2026-03-12T15:53:55.102705
CZ,Czech Republic,SUKL,TEDENOMO,,"80MG/1,5MG TBL MRL 30",,,0277032,2026-01-15,,shortage - monitored,SUKL19991/2026,2026-03-12T15:53:55.102705
CZ,Czech Republic,SUKL,KVENTIAX PROLONG,,50MG TBL PRO 30,,,0214078,2026-01-20,,shortage - monitored,SUKL28621/2026,2026-03-12T15:53:55.102705
CZ,Czech Republic,SUKL,KVENTIAX PROLONG,,200MG TBL PRO 30,,,0205774,2026-01-20,,shortage - monitored,SUKL28266/2026,2026-03-12T15:53:55.102705
CZ,Czech Republic,SUKL,DERIN PROLONG,,200MG TBL PRO 60,,,0136596,2026-01-20,,shortage - monitored,SUKL28266/2026,2026-03-12T15:53:55.102705
CZ,Czech Republic,SUKL,ZIVAFERT,,5000IU INJ PSO LQF 1+1X1ML ISP+2J,,,0264554,2026-01-20,,shortage - monitored,SUKL27607/2026,2026-03-12T15:53:55.102705
CZ,Czech Republic,SUKL,LESCOL XL,,80MG TBL PRO 28(2X14),,,0275996,2026-01-20,,shortage - monitored,SUKL27552/2026,2026-03-12T15:53:55.102705
CZ,Czech Republic,SUKL,RIVOTRIL,,1MG/ML INJ SOL 5+5X1ML,,,0260315,2026-02-10,,shortage - monitored,SUKL62270/2026,2026-03-12T15:53:55.102705
CZ,Czech Republic,SUKL,EPTIFIBATIDE ACCORD,,2MG/ML INJ SOL 1X10ML,,B01AC16,0209094,2026-02-10,,shortage - monitored,SUKL62296/2026,2026-03-12T15:53:55.102705
CZ,Czech Republic,SUKL,COLCHICUM-DISPERT,,"0,5MG TBL OBD 20",,,0119697,2026-02-10,,shortage - monitored,SUKL62280/2026,2026-03-12T15:53:55.102705
CZ,Czech Republic,SUKL,5-FLUOROURACIL EBEWE,,50MG/ML INJ SOL 1X100ML II,,L01BC02,0012667,2026-02-11,,shortage - monitored,SUKL63426/2026,2026-03-12T15:53:55.102705
CZ,Czech Republic,SUKL,CALYPSOL,,50MG/ML INJ SOL 5X10ML,,,0087814,2026-02-11,,shortage - monitored,SUKL64552/2026,2026-03-12T15:53:55.102705
CZ,Czech Republic,SUKL,5-FLUOROURACIL EBEWE,,50MG/ML INJ SOL 1X20ML I,,L01BC02,0012666,2026-02-11,,shortage - monitored,SUKL63426/2026,2026-03-12T15:53:55.102705
CZ,Czech Republic,SUKL,5-FLUOROURACIL EBEWE,,50MG/ML INJ SOL 1X10ML I,,L01BC02,0012665,2026-02-11,,shortage - monitored,SUKL63426/2026,2026-03-12T15:53:55.102705
CZ,Czech Republic,SUKL,FLUOROURACIL ACCORD,,50MG/ML INJ/INF SOL 1X100ML,,L01BC02,0242252,2026-02-11,,shortage - monitored,SUKL63426/2026,2026-03-12T15:53:55.102705
CZ,Czech Republic,SUKL,NITRENDIPIN RATIOPHARM,,20MG TBL NOB 30,,,0094688,2026-02-12,,shortage - monitored,SUKL66025/2026,2026-03-12T15:53:55.102705
CZ,Czech Republic,SUKL,NITRENDIPIN RATIOPHARM,,20MG TBL NOB 100,,,0030965,2026-02-12,,shortage - monitored,SUKL66025/2026,2026-03-12T15:53:55.102705
CZ,Czech Republic,SUKL,LUSOPRESS,,20MG TBL NOB 28,,,0013316,2026-02-12,,shortage - monitored,SUKL66025/2026,2026-03-12T15:53:55.102705
CZ,Czech Republic,SUKL,LUSOPRESS,,20MG TBL NOB 98,,,0128710,2026-02-12,,shortage - monitored,SUKL66025/2026,2026-03-12T15:53:55.102705
CZ,Czech Republic,SUKL,ARDUAN,,2MG/ML INJ PSO LQF 25+25X2ML,,,0087822,2026-02-13,,shortage - monitored,SUKL68105/2026,2026-03-12T15:53:55.102705
CZ,Czech Republic,SUKL,ARSENIC TRIOXIDE ACCORD,,1MG/ML INF CNC SOL 10X10ML,,L01XX27,0238728,2026-02-13,,shortage - monitored,SUKL68917/2026,2026-03-12T15:53:55.102705
CZ,Czech Republic,SUKL,TRISENOX,,2MG/ML INF CNC SOL 10X6ML,,,0238504,2026-02-13,,shortage - monitored,SUKL68917/2026,2026-03-12T15:53:55.102705
CZ,Czech Republic,SUKL,SUBOXONE,,8MG/2MG SLG TBL NOB 7,,,0027903,2026-02-20,,shortage - monitored,SUKL81175/2026,2026-03-12T15:53:55.102705
CZ,Czech Republic,SUKL,ZADITEN SDU,,"0,25MG/ML OPH GTT SOL MDC 30X0,4ML II",,,0214819,2026-02-20,,shortage - monitored,SUKL78754/2026,2026-03-12T15:53:55.102705
CZ,Czech Republic,SUKL,BISEPTOL,,80MG/ML+16MG/ML INF CNC SOL 10X5ML,,,0278570,2026-02-20,,shortage - monitored,SUKL79312/2026,2026-03-12T15:53:55.102705
CZ,Czech Republic,SUKL,SALOFALK,,500MG TBL ENT 100,,,0075567,2026-02-20,,shortage - monitored,SUKL80337/2026,2026-03-12T15:53:55.102705
CZ,Czech Republic,SUKL,TWYNSTA,,80MG/10MG TBL NOB 28,,,0167859,2026-02-20,,shortage - monitored,SUKL79378/2026,2026-03-12T15:53:55.102705
CZ,Czech Republic,SUKL,TELMISARTAN/AMLODIPIN TEVA,,80MG/10MG TBL NOB 90,,C09CA07,0251745,2026-02-20,,shortage - monitored,SUKL79378/2026,2026-03-12T15:53:55.102705
CZ,Czech Republic,SUKL,TEZEFORT,,80MG/10MG TBL NOB 28,,,0206211,2026-02-20,,shortage - monitored,SUKL79378/2026,2026-03-12T15:53:55.102705
CZ,Czech Republic,SUKL,TELASSMO,,80MG/10MG TBL NOB 28,,,0133997,2026-02-20,,shortage - monitored,SUKL79378/2026,2026-03-12T15:53:55.102705
CZ,Czech Republic,SUKL,PROSULPIN,,50MG TBL NOB 30,,,0054432,2026-02-24,,shortage - monitored,SUKL87016/2026,2026-03-12T15:53:55.102705
CZ,Czech Republic,SUKL,DOGMATIL,,50MG CPS DUR 30,,,0276884,2026-02-24,,shortage - monitored,SUKL87016/2026,2026-03-12T15:53:55.102705
CZ,Czech Republic,SUKL,DOGMATIL,,50MG CPS DUR 30,,,0260974,2026-02-24,,shortage - monitored,SUKL87016/2026,2026-03-12T15:53:55.102705
CZ,Czech Republic,SUKL,DOGMATIL,,50MG CPS DUR 30,,,0221215,2026-02-24,,shortage - monitored,SUKL87016/2026,2026-03-12T15:53:55.102705
CZ,Czech Republic,SUKL,PROSULPIN,,50MG TBL NOB 60,,,0011468,2026-02-24,,shortage - monitored,SUKL87016/2026,2026-03-12T15:53:55.102705
CZ,Czech Republic,SUKL,SULPIROL,,200MG TBL NOB 100,,,0046746,2026-02-24,,shortage - monitored,SUKL86979/2026,2026-03-12T15:53:55.102705
CZ,Czech Republic,SUKL,PROSULPIN,,200MG TBL NOB 60,,,0011149,2026-02-24,,shortage - monitored,SUKL86979/2026,2026-03-12T15:53:55.102705
CZ,Czech Republic,SUKL,PROSULPIN,,200MG TBL NOB 30,,,0007387,2026-02-24,,shortage - monitored,SUKL86979/2026,2026-03-12T15:53:55.102705
CZ,Czech Republic,SUKL,TEZEFORT,,80MG/10MG TBL NOB 90,,,0206214,2026-02-25,,shortage - monitored,SUKL88535/2026,2026-03-12T15:53:55.102705
CZ,Czech Republic,SUKL,TELMISARTAN/AMLODIPIN TEVA,,80MG/10MG TBL NOB 28,,C09CA07,0251742,2026-02-25,,shortage - monitored,SUKL88535/2026,2026-03-12T15:53:55.102705
CZ,Czech Republic,SUKL,MYCOBUTIN,,150MG CPS DUR 30,,,0103068,2026-03-03,,shortage - monitored,SUKL98564/2026,2026-03-12T15:53:55.102705
CZ,Czech Republic,SUKL,ASACOL,,1600MG TBL MRL 60,,,0242525,2026-03-05,,shortage - monitored,SUKL102452/2026,2026-03-12T15:53:55.102705
CZ,Czech Republic,SUKL,CLINDAMYCIN HAMELN,,150MG/ML INJ/INF SOL 10X4ML,,J01FF01,0239054,2026-03-10,,shortage - monitored,SUKL107794/2026,2026-03-12T15:53:55.102705
CZ,Czech Republic,SUKL,CLINDAMYCIN HAMELN,,150MG/ML INJ/INF SOL 10X2ML,,J01FF01,0239051,2026-03-10,,shortage - monitored,SUKL107794/2026,2026-03-12T15:53:55.102705
CZ,Czech Republic,SUKL,CLINDAMYCIN KABI,,150MG/ML INJ SOL/INF CNC SOL 10X4ML,,J01FF01,0129836,2026-03-10,,shortage - monitored,SUKL107794/2026,2026-03-12T15:53:55.102705
CZ,Czech Republic,SUKL,CLINDAMYCIN KABI,,150MG/ML INJ SOL/INF CNC SOL 10X2ML,,J01FF01,0129834,2026-03-10,,shortage - monitored,SUKL107794/2026,2026-03-12T15:53:55.102705
CZ,Czech Republic,SUKL,KLIMICIN,,150MG/ML INJ/INF SOL 10X2ML,,,0097878,2026-03-10,,shortage - monitored,SUKL107794/2026,2026-03-12T15:53:55.102705
CZ,Czech Republic,SUKL,DALACIN C,,150MG/ML INJ/INF SOL 1X4ML,,,0008807,2026-03-10,,shortage - monitored,SUKL107794/2026,2026-03-12T15:53:55.102705
CZ,Czech Republic,SUKL,DICLOABAK,,1MG/ML OPH GTT SOL 1X10ML I,,,0174005,2025-08-29,,shortage - monitored,SUKL344357/2025,2026-03-12T15:53:55.102705
CZ,Czech Republic,SUKL,ROPINIROL FARMAX,,2MG TBL PRO 84,,N04BC04,0237200,2026-03-12,,shortage - monitored,SUKL110710/2026,2026-03-12T15:53:55.102705
CZ,Czech Republic,SUKL,AROPILOS,,2MG TBL PRO 84,,,0213864,2026-03-12,,shortage - monitored,SUKL110710/2026,2026-03-12T15:53:55.102705
CZ,Czech Republic,SUKL,ROLPRYNA,,2MG TBL PRO 84,,,0159537,2026-03-12,,shortage - monitored,SUKL110710/2026,2026-03-12T15:53:55.102705
CZ,Czech Republic,SUKL,OVESTIN,,1MG TBL NOB 30,,,0186669,2025-11-28,2026-03-12,shortage - monitored,SUKL493253/2025,2026-03-12T15:53:55.102705
CZ,Czech Republic,SUKL,ANALGIN,,"0,5G/ML+2MG/ML+0,02MG/ML INJ SOL 5X5ML",,,0107987,2025-07-30,2026-03-12,shortage - monitored,SUKL304784/2025,2026-03-12T15:53:55.102705
CZ,Czech Republic,SUKL,ROPINIROLE STADA,,2MG TBL PRO 28,,N04BC04,0178325,2026-03-12,,shortage - monitored,SUKL110710/2026,2026-03-12T15:53:55.102705
CZ,Czech Republic,SUKL,REQUIP MODUTAB,,2MG TBL PRO 84 II,,,0237480,2026-03-12,,shortage - monitored,SUKL110710/2026,2026-03-12T15:53:55.102705
