country_code,country_name,source,medicine_name,active_substance,strength,package_size,atc_code,product_no,shortage_start,estimated_end,status,scraped_at
FR,France,ANSM,"Alepsal , comprimé",caféine / phénobarbital,,,N03AA02,,2026-03-12,,supply tension,2026-03-12T15:53:53.702248
FR,France,ANSM,"Ritonavir Viatris 100 mg, comprimé pelliculé",ritonavir,,,J05AE03,,2026-03-12,,shortage,2026-03-12T15:53:53.702248
FR,France,ANSM,"Emend 125 mg, poudre pour suspension buvable",aprépitant,,,A04AD12,,2026-03-09,,supply tension,2026-03-12T15:53:53.702248
FR,France,ANSM,"Zinnat 125 mg/5 ml enfants et nourrissons, granulés pour suspension buvable en flacon",céfuroxime axétil,,,J01DC02,,2026-03-06,,shortage,2026-03-12T15:53:53.702248
FR,France,ANSM,"Méthylprednisolone Viatris 500 mg, poudre pour solution injectable (IM-IV)",méthylprednisolone (hydrogénosuccinate de),,,H02AB04,,2026-03-05,,supply tension,2026-03-12T15:53:53.702248
FR,France,ANSM,"Soludactone 100 mg et 200 mg, lyophilisat et solution pour usage parentéral",canrénoate de potassium / trométamol,,,B05BB03,,2026-03-05,,discontinued,2026-03-12T15:53:53.702248
FR,France,ANSM,"Méthylprednisolone Viatris 40 mg, poudre pour solution injectable (IM-IV)",méthylprednisolone (hydrogénosuccinate de),,,H02AB04,,2026-03-05,,supply tension,2026-03-12T15:53:53.703250
FR,France,ANSM,"Teralithe 250 mg, comprimé sécable",lithium (carbonate de),,,N05AN01,,2026-03-05,,supply tension,2026-03-12T15:53:53.703250
FR,France,ANSM,"Methylprednisolone Viatris 120 mg, poudre pour solution injectable (IM-IV)",méthylprednisolone (hydrogénosuccinate de),,,H02AB04,,2026-03-05,,supply tension,2026-03-12T15:53:53.703250
FR,France,ANSM,"Pipéracilline Panpharma 4 g, poudre pour solution injectable (I.M., I.V.)",pipéracilline sodique,,,J01CR05,,2026-03-04,,supply tension,2026-03-12T15:53:53.703250
FR,France,ANSM,"Fluorouracile Accord 50 mg/ml, solution à diluer pour perfusion, flacons de 5 ml, 20 ml et 100 ml",fluorouracile,,,L01BC02,,2026-03-02,,supply tension,2026-03-12T15:53:53.703250
FR,France,ANSM,"Fluorouracile Pfizer 50 mg/ml, solution à diluer pour perfusion - flacon de 20 ml et 100 ml",fluorouracile,,,L01BC02,,2026-03-02,,supply tension,2026-03-12T15:53:53.703250
FR,France,ANSM,"Micropakine L.P. 750 mg, granulés à libération prolongée en sachet-dose","acide valproïque, sodium (valproate de)",,,,,2026-02-27,2026-02-27,resolved,2026-03-12T15:53:53.703250
FR,France,ANSM,"Micropakine L.P. 250 mg, 500 mg, 1 000 mg, granulés à libération prolongée en sachet-dose","acide valproïque, sodium (valproate de)",,,,,2026-02-27,,supply tension,2026-03-12T15:53:53.703250
FR,France,ANSM,"Plasmion, solution pour perfusion",Gélatine fluide modifiée partiellement hydrolysée et succinylée,,,B05AA06,,2026-02-26,,supply tension,2026-03-12T15:53:53.703250
FR,France,ANSM,"Spécialités à base d'oxybate de sodium 500 mg/mL, solution buvable",sodium (oxybate de),,,,,2026-02-26,,supply tension,2026-03-12T15:53:53.703250
FR,France,ANSM,"Quasym L.P., gélule à libération modifiée",méthylphénidate,,,N06BA04,,2026-02-26,2026-02-26,resolved,2026-03-12T15:53:53.703250
FR,France,ANSM,"Imukin 2 X 10p6 UI (0,1 mg), solution injectable",interféron gamma-1b,,,L03AB03,,2026-02-26,,shortage,2026-03-12T15:53:53.703250
FR,France,ANSM,"Hydrocortisone Substipharm 100 mg, lyophilisat (flacon) et solution pour usage parentéral",hydrocortisone (hydrogénosuccinate d'),,,H02AB09,,2026-02-25,,supply tension,2026-03-12T15:53:53.703250
FR,France,ANSM,"Xenpozyme 20 mg, poudre pour solution à diluer pour perfusion",olipudase alfa,,,,,2026-02-23,,supply tension,2026-03-12T15:53:53.704248
FR,France,ANSM,"Levmentin 1 g/200 mg, poudre pour solution injectable/pour perfusion (IV)","amoxicilline sodique, potassium (clavulanate de)",,,J01CA04,,2026-02-23,,supply tension,2026-03-12T15:53:53.704248
FR,France,ANSM,"Minirin 2,5 μg/dose, solution pour pulvérisation nasale",desmopressine,,,H01BA02,,2026-02-20,,discontinued,2026-03-12T15:53:53.704248
FR,France,ANSM,"Gastrografine 370 mg d'iode/mL, solution buvable ou rectale",amidotrizoate de sodium/méglumine (amidotrizoate de),,,,,2026-02-18,,shortage,2026-03-12T15:53:53.704248
FR,France,ANSM,"Kenacort Retard 40 mg/1 ml, suspension injectable",triamcinolone (acétonide de),,,D07XB02,,2026-02-18,,supply tension,2026-03-12T15:53:53.704248
FR,France,ANSM,"Tarka LP 240 mg/4 mg, comprimé pelliculé à libération prolongée, boite de 30 comprimés",trandolapril/vérapamil (chlorhydrate de),,,,,2026-02-18,,supply tension,2026-03-12T15:53:53.704248
FR,France,ANSM,"Tarka LP 240 mg/4 mg, comprimé pelliculé à libération prolongée, boite de 90 comprimés",trandolapril/vérapamil (chlorhydrate de),,,,,2026-02-18,,shortage,2026-03-12T15:53:53.704248
FR,France,ANSM,"Tarka LP 240 mg/2 mg, comprimé pelliculé à libération prolongée, boite de 30 comprimés",trandolapril/vérapamil (chlorhydrate de),,,,,2026-02-18,,shortage,2026-03-12T15:53:53.704248
FR,France,ANSM,"Tarka LP 240 mg/2 mg, comprimé pelliculé à libération prolongée, boite de 90 comprimés",trandolapril/vérapamil (chlorhydrate de),,,,,2026-02-18,,supply tension,2026-03-12T15:53:53.704248
FR,France,ANSM,"Tarka LP 180 mg/2 mg, comprimé pelliculé à libération prolongée, boite de 30 comprimés et de 90 comprimés",trandolapril/vérapamil (chlorhydrate de),,,,,2026-02-18,,shortage,2026-03-12T15:53:53.704248
FR,France,ANSM,"Quinimax 125 mg, comprimé pelliculé sécable",cinchonidine (monochlorhydrate de) monohydraté/cinchonine (chlorhydrate de) dihydraté/quinidine (chlorhydrate de) monohydraté/quinine (chlorhydrate de),,,P01BC01,,2026-02-18,,supply tension,2026-03-12T15:53:53.704248
FR,France,ANSM,"Visudyne 15 mg, poudre pour solution pour perfusion",vertéporfine,,,S01LA01,,2026-02-18,,supply tension,2026-03-12T15:53:53.704248
FR,France,ANSM,"Spécialités à base de propranolol 40 mg, comprimé",chlorhydrate de propranolol,,,C07AA05,,2026-02-18,,supply tension,2026-03-12T15:53:53.704248
FR,France,ANSM,Coli-genta AP-HP 27 mg – 50 mg gélule enfant,colistine ; gentamicine,,,J01XB01,,2026-02-17,,shortage,2026-03-12T15:53:53.704248
FR,France,ANSM,Coli-genta AP-HP 135 mg – 100 mg gélule adulte,colistine ; gentamicine,,,J01XB01,,2026-02-17,,supply tension,2026-03-12T15:53:53.705248
FR,France,ANSM,"Fer AP-HP 2,5 mg nourrisson gélule",fer (sous forme de sulfate ferreux heptahydraté),,,,,2026-02-17,,shortage,2026-03-12T15:53:53.705248
FR,France,ANSM,"Chlorhydrate d'oxybuprocaïne Thea 1,6 mg/0,4 ml, collyre en récipient unidose – Boites de 20 unidoses et boites de 100 unidoses",chlorhydrate d'oxybuprocaïne,,,,,2026-02-16,,supply tension,2026-03-12T15:53:53.705248
FR,France,ANSM,"Imogam Rage 150 UI/mL, solution injectable",Immunoglobuline humaine rabique,,,,,2026-02-13,,discontinued,2026-03-12T15:53:53.705248
FR,France,ANSM,"Lepticur 10 mg, comprimé",tropatépine (chlorhydrate de),,,,,2026-02-12,,supply tension,2026-03-12T15:53:53.705248
FR,France,ANSM,"Azactam 1 g, poudre et solution pour usage parentéral",aztréonam,,,J01DF51,,2026-02-11,,shortage,2026-03-12T15:53:53.705248
FR,France,ANSM,"Rifater, comprimé enrobé","isoniazide, pyrazinamid, rifampicine",,,,,2026-02-11,,supply tension,2026-03-12T15:53:53.705248
FR,France,ANSM,"Farmorubicine 10 mg, poudre pour solution pour perfusion",épirubicine (chlorhydrate d'),,,L01DB03,,2026-02-11,,shortage,2026-03-12T15:53:53.705248
FR,France,ANSM,"Miochole 20 mg, poudre et solvant pour solution intraoculaire",chlorure d'acétylcholine,,,S01EB09,,2026-02-11,,shortage,2026-03-12T15:53:53.705248
FR,France,ANSM,"Norcholesterol iodé [131I] CIS Bio International 7,5 à 15 MBq/mL solution injectable [Référence: Norchol-131]",6-iodométhylnorcholestérol [131 I,,,D11AX,,2026-02-11,,shortage,2026-03-12T15:53:53.705248
FR,France,ANSM,"Lénalidomide Mylan, gélule",lénalidomide,,,L04AX04,,2026-02-10,,supply tension,2026-03-12T15:53:53.705248
FR,France,ANSM,"Nexpovio 20 mg, comprimé pelliculé",sélinexor,,,,,2026-02-10,2026-02-10,resolved,2026-03-12T15:53:53.705248
FR,France,ANSM,"Victan 2 mg, comprimé pelliculé sécable",loflazépate d'éthyle,,,,,2026-02-09,,shortage,2026-03-12T15:53:53.705248
FR,France,ANSM,"Méthylphénidate Viatris LP, comprimé à libération prolongée",méthylphénidate (chlorhydrate de),,,N06BA04,,2026-02-09,,supply tension,2026-03-12T15:53:53.705248
FR,France,ANSM,"Rifinah 300 mg/150 mg, comprimé enrobé","isoniazide, rifampicine",,,,,2026-02-05,,supply tension,2026-03-12T15:53:53.705248
FR,France,ANSM,"Paclitaxel AHCL 6 mg/ml, solution à diluer pour perfusion - flacons de 50 ml et 100 ml",paclitaxel,,,L01CD01,,2026-02-05,,supply tension,2026-03-12T15:53:53.706249
FR,France,ANSM,"Depo Prodasone 500 mg, suspension injectable",médroxyprogestérone,,,G03DA02,,2026-02-04,,supply tension,2026-03-12T15:53:53.706249
FR,France,ANSM,"Quinimax 500 mg, comprimé pelliculé sécable",inchonidine (monochlorhydrate de) monohydraté/cinchonine (chlorhydrate de) dihydraté/quinidine (chlorhydrate de) monohydraté/quinine (chlorhydrate de),,,P01BC01,,2026-02-03,,shortage,2026-03-12T15:53:53.706249
FR,France,ANSM,"Trulicity 0,75 mg, 1,5 mg, 3 mg, 4,5 mg, solution injectable en stylo pré-rempli",dulaglutide,,,A10BJ05,,2026-02-02,2026-02-02,resolved,2026-03-12T15:53:53.706249
FR,France,ANSM,"Holoxan 1000 mg, poudre pour solution injectable et 2000 mg, poudre pour usage parentéral",ifosfamide,,,L01AA06,,2026-02-02,,supply tension,2026-03-12T15:53:53.706249
FR,France,ANSM,"Kétoprofène Pharmy II 100 mg/2 ml, solution injectable intramusculaire (I.M.)",kétoprofène,,,M01AE03,,2026-02-02,,supply tension,2026-03-12T15:53:53.706249
FR,France,ANSM,"Locametz 25 microgrammes, trousse pour préparation radiopharmaceutique",gozétotide,,,,,2026-02-02,2026-02-02,resolved,2026-03-12T15:53:53.706249
FR,France,ANSM,"Vitamine A Dulcis 25 000 U.I. pour 100 g, pommade ophtalmique - (importation de Vitamine A Blache)","concentrât de vitamine A synthétique, forme huileuse",,,B05ZA,,2026-01-30,,discontinued,2026-03-12T15:53:53.706249
FR,France,ANSM,"Mydriaticum 2 mg/0,4 ml, collyre en récipient unidose - [tropicamide]",,,,S01FA56,,2026-01-29,,supply tension,2026-03-12T15:53:53.706249
FR,France,ANSM,"Paracétamol, formes suppositoires 300 mg, 200 mg, 150 mg, 100 mg et 80 mg",Paracétamol,,,N02BE01,,2026-01-29,2025-12-15,resolved,2026-03-12T15:53:53.706249
FR,France,ANSM,"Zophren 2 mg/ml, solution injectable en ampoule (IV)",ondansétron,,,A04AA01,,2026-01-29,,supply tension,2026-03-12T15:53:53.706249
FR,France,ANSM,"Pulmocis 2 mg, trousse pour préparation radiopharmaceutique",albumine humaine plasmatique (macroagrégats d'),,,B05AA01,,2026-01-28,,supply tension,2026-03-12T15:53:53.706249
FR,France,ANSM,"Extencilline 2,4 MUI, poudre et solvant pour suspension injectable IM",benzathine benzylpénicilline,,,J01CE08,,2026-01-28,,supply tension,2026-03-12T15:53:53.706249
FR,France,ANSM,"Extencilline 1,2 MUI, poudre et solvant pour suspension injectable IM",benzathine benzylpénicilline,,,J01CE08,,2026-01-28,,supply tension,2026-03-12T15:53:53.707249
FR,France,ANSM,"Lamaline, suppositoire","caféine, opium (extrait sec d'), paracétamol",,,A07DA02,,2026-01-28,,supply tension,2026-03-12T15:53:53.707249
FR,France,ANSM,"Recarbrio 500 mg/500 mg/250 mg, poudre pour solution pour perfusion","cilastatine sodique, imipénem monohydraté, rélébactam monohydraté",,,J01DH51,,2026-01-27,,supply tension,2026-03-12T15:53:53.707249
FR,France,ANSM,"Tétracaïne 1% Théa, collyre en solution en récipient unidose",chlorhydrate de tétracaïne,,,N01BA03,,2026-01-26,,shortage,2026-03-12T15:53:53.707749
FR,France,ANSM,"Ogivri 150 mg, poudre pour solution à diluer pour perfusion",trastuzumab,,,L01FD01,,2026-01-26,,shortage,2026-03-12T15:53:53.707749
FR,France,ANSM,"Tercian 50 mg/5 ml, solution injectable en ampoule",cyamémazine,,,,,2026-01-26,2026-01-26,resolved,2026-03-12T15:53:53.707749
FR,France,ANSM,"Rovamycine 1,5 millions UI, lyophilisat pour usage parentéral",spiramycine,,,,,2026-01-23,,supply tension,2026-03-12T15:53:53.707749
FR,France,ANSM,"Largactil 100 mg, comprimé pelliculé sécable",chlorpromazine (chlorhydrate de),,,N05AA01,,2026-01-22,2026-01-22,resolved,2026-03-12T15:53:53.707749
FR,France,ANSM,"Largactil 25 mg, comprimé pelliculé",chlorpromazine (chlorhydrate de),,,N05AA01,,2026-01-22,2026-01-22,resolved,2026-03-12T15:53:53.707749
FR,France,ANSM,"Persantine 10 mg/2 mL, solution injectable, ampoule",dipyridamole,,,B01AC07,,2026-01-21,2026-01-16,resolved,2026-03-12T15:53:53.707749
FR,France,ANSM,"Fluvoxamine 100 mg, comprimé pelliculé sécable",fluvoxamine (maléate de),,,N06AB08,,2026-01-20,,supply tension,2026-03-12T15:53:53.707749
FR,France,ANSM,"Rifadine 300 mg, gélule, boite de 30",rifampicine,,,J04AB02,,2026-01-19,,supply tension,2026-03-12T15:53:53.707749
FR,France,ANSM,"Lyrica 20 mg/ml, solution buvable",prégabaline,,,N02BF02,,2026-01-19,,supply tension,2026-03-12T15:53:53.708863
FR,France,ANSM,"Champix 0,5 mg et 1 mg, comprimé pelliculé",varénicline (tartrate de),,,N07BA03,,2026-01-19,2026-01-12,resolved,2026-03-12T15:53:53.708863
FR,France,ANSM,"Izalgi 500 mg/25 mg, gélule","opium (poudre d'), paracétamol",,,A07DA02,,2026-01-16,,supply tension,2026-03-12T15:53:53.708863
FR,France,ANSM,"Bendamustine Hikma 2,5 mg/ml, poudre pour solution à diluer pour perfusion",bendamustine (chlorhydrate de) monohydraté,,,L01AA09,,2026-01-16,,supply tension,2026-03-12T15:53:53.708863
FR,France,ANSM,"Laroscorbine 1 g/5 ml, solution injectable I.V. en ampoule",acide ascorbique,,,,,2026-01-16,2026-01-16,resolved,2026-03-12T15:53:53.708863
FR,France,ANSM,"Ioméron 250, 350 et 400 mg Iode/mL, solution injectable en 50-100-200 et 500 mL - [ioméprol]",,,,V08AB10,,2026-01-15,,supply tension,2026-03-12T15:53:53.708863
FR,France,ANSM,"Boostrixtetra, suspension injectable en seringue préremplie. Vaccin diphtérique, tétanique, coquelucheux (acellulaire multicomposé) et poliomyélitique (inactivé), (adsorbé, à teneur réduite en antigènes)",,,,,,2026-01-15,2025-12-31,resolved,2026-03-12T15:53:53.708863
FR,France,ANSM,"Repevax, suspension injectable en seringue préremplie. Vaccin diphtérique, tétanique, coquelucheux (acellulaire, multicomposé) et poliomyélitique (inactivé), (adsorbé, à teneur réduite en antigène(s))",,,,,,2026-01-15,,supply tension,2026-03-12T15:53:53.708863
FR,France,ANSM,"Méthylphénidate EG LP, comprimé à libération prolongée",méthylphénidate (chlorhydrate de),,,N06BA04,,2026-01-14,,supply tension,2026-03-12T15:53:53.708863
FR,France,ANSM,"Un-Alfa 1 microgramme/0,5 ml, solution injectable IV en ampoule",alfacalcidol,,,A11CC03,,2026-01-09,,shortage,2026-03-12T15:53:53.708863
FR,France,ANSM,"Baclofène Zentiva 10 mg, comprimé sécable",baclofène,,,M03BX01,,2026-01-08,2026-01-08,resolved,2026-03-12T15:53:53.709861
FR,France,ANSM,"Gemcitabine Sun 10 mg/mL, solution pour perfusion en poche de 120 ml",gemcitabine (chlorhydrate de),,,L01BC05,,2026-01-07,,shortage,2026-03-12T15:53:53.709861
FR,France,ANSM,"Méthylphénidate Biogaran, comprimé à libération prolongée",méthylphénidate (chlorhydrate de),,,N06BA04,,2026-01-07,2026-01-07,resolved,2026-03-12T15:53:53.709861
FR,France,ANSM,"Shingrix, poudre et suspension pour suspension injectable. Vaccin zona (recombinant, avec adjuvant)","antigène glycoprotéine E du Virus Varicelle-Zona (VZV) (recombinant, avec adjuvant) ((mammifère/hamster/cellules CHO))",,,,,2026-01-07,2026-01-07,resolved,2026-03-12T15:53:53.709861
FR,France,ANSM,"Rispéridone L.P. 25 mg/2 ml, 37,5 mg/2 ml et 50 mg/2 ml, poudre et solvant pour suspension injectable à libération prolongée en seringue préremplie",rispéridone,,,N05AX08,,2026-01-07,,shortage,2026-03-12T15:53:53.710418
FR,France,ANSM,"RisperdalConsta L.P. 25 mg/2 ml, 37,5 mg/2ml et 50 mg/2 ml poudre et solvant pour suspension injectable à libération prolongée en seringue préremplie",rispéridone,,,N05AX08,,2026-01-07,2025-12-29,resolved,2026-03-12T15:53:53.710418
FR,France,ANSM,"Fébuxostat 80 mg, comprimé pelliculé",fébuxostat hémihydraté,,,M04AA03,,2026-01-07,,supply tension,2026-03-12T15:53:53.710418
FR,France,ANSM,"Atropine 0,3%, collyre",atropine (sulfate),,,S01FA01,,2026-01-06,,discontinued,2026-03-12T15:53:53.710418
FR,France,ANSM,"Cyanokit 5 g, poudre pour solution pour perfusion",hydroxocobalamine,,,B03BA03,,2026-01-05,,supply tension,2026-03-12T15:53:53.710418
FR,France,ANSM,"Wilfactin 100 UI/mL, poudre et solvant pour solution injectable",facteur Willebrand de coagulation humain,,,,,2026-01-05,,supply tension,2026-03-12T15:53:53.710418
FR,France,ANSM,"Concerta LP, comprimé à libération prolongée",méthylphénidate (chlorhydrate de),,,N06BA04,,2025-12-29,,supply tension,2026-03-12T15:53:53.710418
FR,France,ANSM,"Colofoam, mousse rectale",acétate d'hydrocortisone,,,,,2025-12-22,,shortage,2026-03-12T15:53:53.711521
FR,France,ANSM,"Spécialités à base de Venlafaxine LP 37,5 mg et LP 75 mg en gélule à libération prolongée",venlafaxine,,,N06AX16,,2025-12-22,,supply tension,2026-03-12T15:53:53.711521
FR,France,ANSM,"Tolvaptan Biogaran 30 mg, comprimé + Tolvaptan Biogaran 60 mg, comprimé",tolvaptan,,,C03XA01,,2025-12-22,2025-12-22,resolved,2026-03-12T15:53:53.711521
FR,France,ANSM,Trandolapril 2 mg et 4 mg,trandolapril,,,C09BB10,,2025-12-17,,supply tension,2026-03-12T15:53:53.711521
FR,France,ANSM,"Trandolapril 0,5 mg, gélule",trandolapril,,,C09BB10,,2025-12-17,2025-12-01,resolved,2026-03-12T15:53:53.711521
FR,France,ANSM,"Tildiem 25 mg, poudre et solution pour préparation injectable I.V.",diltiazem (chlorhydrate de),,,C08DB01,,2025-12-17,,supply tension,2026-03-12T15:53:53.711521
FR,France,ANSM,"Fungizone 10 %, suspension buvable",amphotéricine B,,,,,2025-12-15,2025-12-15,resolved,2026-03-12T15:53:53.711521
FR,France,ANSM,"Venlafaxine Viatris 50 mg, comprimé pelliculé",venlafaxine,,,N06AX16,,2025-12-15,2025-12-15,resolved,2026-03-12T15:53:53.712525
FR,France,ANSM,"Digoxine Nativelle 5 µg/0,1 ml, solution buvable en gouttes",digoxine,,,C01AA05,,2025-12-15,2025-12-15,resolved,2026-03-12T15:53:53.712525
FR,France,ANSM,"Prednisolone 5 mg et 20 mg, comprimé orodispersible et comprimé effervescent sécable",prednisolone (métasulfobenzoate sodique de),,,H02AB06,,2025-12-12,2025-12-10,resolved,2026-03-12T15:53:53.712525
FR,France,ANSM,"Prednisone 5 mg et 20 mg, comprimé sécable",prednisone,,,H02AB07,,2025-12-12,2025-12-10,resolved,2026-03-12T15:53:53.712525
FR,France,ANSM,"Danatrol 200 mg, gélule",danazol,,,G03XA01,,2025-12-12,2025-12-12,resolved,2026-03-12T15:53:53.712525
FR,France,ANSM,"Hydrocortancyl 2,5 pour cent, suspension injectable",prednisolone (acétate de),,,H02AB06,,2025-12-11,2025-12-15,resolved,2026-03-12T15:53:53.712525
FR,France,ANSM,"Yellox 0,9 mg/ml, collyre en solution",bromfénac sodique sesquihydraté,,,S01BC11,,2025-12-11,2025-12-11,resolved,2026-03-12T15:53:53.712525
FR,France,ANSM,"Pyostacine 500 mg, comprimé pelliculé",pristinamycine,,,,,2025-12-10,2025-12-10,resolved,2026-03-12T15:53:53.712525
FR,France,ANSM,Immunoglobuline humaine normale IV et SC (à base de),Immunoglobuline humaine normale (IgG),,,,,2025-12-08,,supply tension,2026-03-12T15:53:53.713521
FR,France,ANSM,"Anafranil 25 mg, comprimé enrobé",clomipramine (chlorhydrate de),,,N06AA04,,2025-12-08,2025-11-01,resolved,2026-03-12T15:53:53.713521
FR,France,ANSM,"Fluoresceine Faure 0,5%, collyre en solution en récipient unidose",fluorescéine sodique,,,S01JA01,,2025-12-05,,supply tension,2026-03-12T15:53:53.713521
FR,France,ANSM,Spécialité à base de Sitagliptine 50 mg,sitagliptine,,,A10BH01,,2025-12-04,2025-12-01,resolved,2026-03-12T15:53:53.713521
FR,France,ANSM,"Fiasp Pumpcart 100 unités/ml, solution injectable en cartouche",insuline asparte (levure/saccharomyces cerevisiae),,,A10AB05,,2025-12-04,,supply tension,2026-03-12T15:53:53.713521
FR,France,ANSM,"Fiasp Flextouch 100 unités/ml, solution injectable en stylo prérempli",insuline asparte ((levure/saccharomyces cerevisiae)),,,A10AB05,,2025-12-04,,supply tension,2026-03-12T15:53:53.713521
FR,France,ANSM,"Befizal L.P. 400 mg, comprimé enrobé à libération prolongée",bézafibrate,,,C10AB02,,2025-12-02,,shortage,2026-03-12T15:53:53.713521
FR,France,ANSM,"Dilantin 250 mg/5 ml, solution injectable",phénytoïne sodique,,,N03AB02,,2025-12-01,,shortage,2026-03-12T15:53:53.713521
FR,France,ANSM,"Vitamine B12 Delagrange 1000 microgrammes/2 ml, solution injectable (IM) et buvable",cyanocobalamine,,,B03BA01,,2025-12-01,2025-12-01,resolved,2026-03-12T15:53:53.713521
FR,France,ANSM,"Cufence 200 mg, gélule",trientine (dichlorhydrate de),,,A16AX12,,2025-11-28,,supply tension,2026-03-12T15:53:53.713521
FR,France,ANSM,"Octim 150 microgrammes/dose, solution pour pulvérisation nasale",acétate de desmopressine trihydraté,,,H01BA02,,2025-11-28,,shortage,2026-03-12T15:53:53.713521
FR,France,ANSM,"Epipen, solution injectable en stylo pré-rempli",adrénaline,,,C01CA24,,2025-11-28,2025-11-28,resolved,2026-03-12T15:53:53.713521
FR,France,ANSM,"Néosynéphrine 10 % Faure, collyre en récipient unidose",phényléphrine,,,C01CA06,,2025-11-28,,shortage,2026-03-12T15:53:53.713521
FR,France,ANSM,"Ritonavir Arrow 100 mg, comprimé pelliculé",ritonavir,,,J05AE03,,2025-11-27,2025-11-26,resolved,2026-03-12T15:53:53.714524
FR,France,ANSM,"Diprostene, suspension injectable en seringue pré-remplie","bétaméthasone (dipropionate de), bétaméthasone (phosphate sodique de)",,,D07AC01,,2025-11-27,2025-11-27,resolved,2026-03-12T15:53:53.714524
FR,France,ANSM,"Tolvaptan Teva 15 mg, comprimé + Tolvaptan Teva 45 mg, comprimé",tolvaptan,,,C03XA01,,2025-11-27,,shortage,2026-03-12T15:53:53.714524
FR,France,ANSM,"Fivasa 400 mg, comprimé enrobé gastrorésistant",mésalazine,,,A07EC02,,2025-11-26,,shortage,2026-03-12T15:53:53.714524
FR,France,ANSM,"Tranxène 20 mg/2 ml, lyophilisat et solution pour usage parentéral",clorazépate dipotassique,,,N05BA05,,2025-11-26,,shortage,2026-03-12T15:53:53.714524
FR,France,ANSM,"Rifadine IV 600 mg, poudre et solvant pour solution pour perfusion",rifampicine,,,J04AB02,,2025-11-26,2025-11-01,resolved,2026-03-12T15:53:53.714524
FR,France,ANSM,"Rifamycine Chibret 1000 000 UI pour cent, collyre en solution",rifamycine sodique,,,,,2025-11-24,,supply tension,2026-03-12T15:53:53.714524
FR,France,ANSM,"Zypadhera, poudre et solvant pour suspension injectable à libération prolongée",olanzapine (pamoate d') monohydraté,,,N05AH03,,2025-11-21,,supply tension,2026-03-12T15:53:53.714524
FR,France,ANSM,"Rispéridone 0,5 mg, comprimé orodispersible",rispéridone,,,N05AX08,,2025-11-21,,supply tension,2026-03-12T15:53:53.714524
FR,France,ANSM,Rispéridone 4 mg comprimé orodispersible,rispéridone,,,N05AX08,,2025-11-21,,shortage,2026-03-12T15:53:53.714524
FR,France,ANSM,Rispéridone 3 mg comprimé orodispersible,rispéridone,,,N05AX08,,2025-11-21,,shortage,2026-03-12T15:53:53.714524
FR,France,ANSM,"Rispéridone 1 mg et 2 mg, comprimé orodispersible",rispéridone,,,N05AX08,,2025-11-21,2025-11-15,resolved,2026-03-12T15:53:53.714524
FR,France,ANSM,"Néosynéphrine 10 % Faure, collyre en solution",phényléphrine,,,C01CA06,,2025-11-19,,supply tension,2026-03-12T15:53:53.715520
FR,France,ANSM,"Néosynéphrine 5 % Faure, collyre en solution",phényléphrine,,,C01CA06,,2025-11-19,,supply tension,2026-03-12T15:53:53.715520
FR,France,ANSM,"Tibéral 1 g, solution injectable pour perfusion",ornidazole,,,,,2025-11-18,,shortage,2026-03-12T15:53:53.715520
FR,France,ANSM,"Colchimax, comprimé pelliculé sécable et Colchicine Opocalcium 1 mg, comprimé sécable","colchicine, opium (poudre d'), tiémonium (métilsulfate de)",,,,,2025-11-18,,supply tension,2026-03-12T15:53:53.715520
FR,France,ANSM,"Jext 300 microgrammes, solution injectable en stylo prérempli",adrénaline (tartrate d'),,,C01CA24,,2025-11-17,2025-11-17,resolved,2026-03-12T15:53:53.715520
FR,France,ANSM,"Dopamine Viatris 40 mg/ml, solution pour perfusion",dopamine (chlorhydrate de),,,C01CA04,,2025-11-14,,supply tension,2026-03-12T15:53:53.715520
FR,France,ANSM,"Temodal 2,5 mg/ml, poudre pour solution pour perfusion",témozolomide,,,L01AX03,,2025-11-14,2025-11-13,resolved,2026-03-12T15:53:53.715520
FR,France,ANSM,"Diprivan 20 mg/mL, émulsion injectable en seringue pré-remplie",propofol,,,N01AX10,,2025-11-14,2025-11-14,resolved,2026-03-12T15:53:53.715520
FR,France,ANSM,"Diprivan 10 mg/mL, émulsion injectable en seringue pré-remplie",propofol,,,N01AX10,,2025-11-14,2025-11-14,resolved,2026-03-12T15:53:53.716524
FR,France,ANSM,"Megace 160 mg, comprimé",mégestrol (acétate de),,,L02AB01,,2025-11-13,,shortage,2026-03-12T15:53:53.716524
FR,France,ANSM,"Tolvaptan Biogaran 15 mg, comprimé + Tolvaptan Biogaran 45 mg, comprimé - [tolvaptan]",,,,C03XA01,,2025-11-10,,shortage,2026-03-12T15:53:53.716524
FR,France,ANSM,"Thérasolv 250 000 UI, poudre pour solution injectable/pour perfusion",urokinase,,,B01AD04,,2025-11-07,2025-10-17,resolved,2026-03-12T15:53:53.716524
FR,France,ANSM,"Tildiem 100 mg, poudre pour solution injectable (IV)",diltiazem (chlorhydrate de),,,C08DB01,,2025-11-07,,discontinued,2026-03-12T15:53:53.716524
FR,France,ANSM,"Phesgo 1200 mg/600 mg, solution injectable",pertuzumab/trastuzumab,,,,,2025-11-07,2025-11-05,resolved,2026-03-12T15:53:53.716524
FR,France,ANSM,"Clomipramine Viatris 25 mg, comprimé pelliculé",clomipramine (chlorhydrate de),,,N06AA04,,2025-11-06,,supply tension,2026-03-12T15:53:53.716524
FR,France,ANSM,"Tiberal 500 mg, solution injectable pour perfusion",ornidazole,,,,,2025-11-05,2025-11-05,resolved,2026-03-12T15:53:53.716524
FR,France,ANSM,"Pentasa 1 g et 2 g, granulés en sachet et Pentasa 1 g, suppositoire",mésalazine,,,A07EC02,,2025-10-31,,supply tension,2026-03-12T15:53:53.716524
FR,France,ANSM,"Alkonatrem 150 mg, gélule",chlorhydrate de déméclocycline,,,J01AA01,,2025-10-31,,shortage,2026-03-12T15:53:53.716524
FR,France,ANSM,"Clarithromycine, 250 et 500 mg, comprimé pelliculé à libération modifiée et comprimé pelliculé",clarithromycine,,,J01FA09,,2025-10-31,2025-10-31,resolved,2026-03-12T15:53:53.716524
FR,France,ANSM,"Clarithromycine Arrow 25 mg/ml, granulés pour suspension buvable",clarithromycine,,,J01FA09,,2025-10-31,2025-10-17,resolved,2026-03-12T15:53:53.717524
FR,France,ANSM,"Clarithromycine 50 mg/ml, granulés pour suspension buvable",clarithromycine,,,J01FA09,,2025-10-31,2025-10-31,resolved,2026-03-12T15:53:53.717524
FR,France,ANSM,"Cuivre 6 mg / 1 mL – Histidine 117,20 mg / 3 mL AP-HP, solution injectable, code CIPH 77772737",,,,B05BA10,,2025-10-31,2025-10-31,resolved,2026-03-12T15:53:53.717524
FR,France,ANSM,"Tobi Podhaler 28 mg, poudre pour inhalation en gélule",tobramycine,,,J01GB01,,2025-10-30,,supply tension,2026-03-12T15:53:53.717524
FR,France,ANSM,"Cytarabine Sandoz 100 mg/ml, solution injectable - 1 flacon(s) en verre de 50 ml",cytarabine,,,L01BC01,,2025-10-30,2025-10-30,resolved,2026-03-12T15:53:53.717524
FR,France,ANSM,"Méthylprednisolone Hikma 40 mg, poudre pour solution injectable",méthylprednisolone (hydrogénosuccinate sodique de),,,H02AB04,,2025-10-29,2025-10-29,resolved,2026-03-12T15:53:53.717524
FR,France,ANSM,"Teralithe LP 400 mg, comprimé sécable à libération prolongée",lithium (carbonate de),,,N05AN01,,2025-10-29,,supply tension,2026-03-12T15:53:53.717524
FR,France,ANSM,"Gamme NeoRecormon, solution injectable en seringue préremplie",époétine béta,,,B03XA01,,2025-10-28,,supply tension,2026-03-12T15:53:53.717524
FR,France,ANSM,"Méthylprednisolone Hikma 500 mg, poudre pour solution injectable",méthylprednisolone (hydrogénosuccinate sodique de),,,H02AB04,,2025-10-28,,supply tension,2026-03-12T15:53:53.717524
FR,France,ANSM,"Burinex 2 mg/4 ml IV, solution injectable en ampoule",bumétanide,,,C03CA02,,2025-10-24,2025-10-24,resolved,2026-03-12T15:53:53.717524
FR,France,ANSM,"Carbamazépine Viatris L.P. 200 mg, comprimé sécable à libération prolongée",carbamazépine,,,N03AF01,,2025-10-23,2025-10-20,resolved,2026-03-12T15:53:53.717524
FR,France,ANSM,"Carbamazépine Viatris L.P. 400 mg, comprimé sécable à libération prolongée",carbamazépine,,,N03AF01,,2025-10-23,2025-10-20,resolved,2026-03-12T15:53:53.718520
FR,France,ANSM,"Mitomycine Accord 20 mg, poudre pour solution injectable / perfusion ou voie intravésicale",mitomycine,,,L01DC03,,2025-10-21,,supply tension,2026-03-12T15:53:53.718520
FR,France,ANSM,"Cynomel 0,025 mg, comprimé sécable",liothyronine sodique,,,H03AA02,,2025-10-20,,discontinued,2026-03-12T15:53:53.718520
FR,France,ANSM,"Spécialité à base d'emtricitabine / ténofovir disoproxil 200 mg/245 mg, comprimé pelliculé",emtricitabine / ténofovir disoproxil,,,J05AR17,,2025-10-20,2025-10-20,resolved,2026-03-12T15:53:53.718520
FR,France,ANSM,"Combantrin 125 mg, comprimé",pyrantel (embonate de),,,,,2025-10-17,,supply tension,2026-03-12T15:53:53.718520
FR,France,ANSM,"Eskesia 5 mg/mL, solution injectable/pour perfusion - 10 ampoule(s) en verre de 5 ml",eskétamine (chlorhydrate d'),,,N01AX14,,2025-10-13,2025-10-13,resolved,2026-03-12T15:53:53.718520
FR,France,ANSM,"Eurobiol 40 000 U, gélule gastro-résistante",poudre de pancréas,,,,,2025-10-08,,supply tension,2026-03-12T15:53:53.718520
FR,France,ANSM,"Lasilix Retard 60 mg, gélule",furosémide,,,C03CA01,,2025-10-06,,discontinued,2026-03-12T15:53:53.718520
FR,France,ANSM,"Pegasys 90 microgrammes, 135 microgrammes et 180 microgrammes solution injectable en seringue préremplie",peginterféron alfa-2a,,,L03AB11,,2025-10-06,2025-10-06,resolved,2026-03-12T15:53:53.718520
FR,France,ANSM,"Exacyl 500 mg, comprimé pelliculé",tranexamique (acide),,,,,2025-10-03,2025-10-01,resolved,2026-03-12T15:53:53.718520
FR,France,ANSM,"Biltricide 600 mg, comprimé pelliculé quadrisécable",praziquantel,,,P02BA01,,2025-10-02,,shortage,2026-03-12T15:53:53.718520
FR,France,ANSM,"Endoxan 50 mg, comprimé enrobé",cyclophosphamide,,,L01AA01,,2025-09-24,,supply tension,2026-03-12T15:53:53.719526
FR,France,ANSM,"Méthotrexate Viatris 100 mg/ml, solution injectable (flacons de 10 ml et 50 ml)",méthotrexate,,,L04AX03,,2025-09-23,2025-09-23,resolved,2026-03-12T15:53:53.719526
FR,France,ANSM,"Tiapridal 100 mg/2 ml, solution injectable",tiapride (chlorhydrate de),,,,,2025-09-23,2025-09-23,resolved,2026-03-12T15:53:53.719526
FR,France,ANSM,"Sertraline 25 mg et 50 mg, gélule",sertraline (chlorhydrate de),,,N06AB06,,2025-09-23,2025-09-01,resolved,2026-03-12T15:53:53.719526
FR,France,ANSM,"Sugammadex 100 mg/mL, solution injectable flacons de 5 ml",sugammadex sodique,,,V03AB35,,2025-09-23,2025-09-23,resolved,2026-03-12T15:53:53.719526
FR,France,ANSM,"Estrotep 500 MBq/mL, solution injectable",fluoroestradiol (18F),,,G03CA03,,2025-09-22,2025-09-22,resolved,2026-03-12T15:53:53.719526
FR,France,ANSM,"Sibnayal 8 mEq, granulés à libération prolongée",potassium (bicarbonate de) /potassium (citrate de),,,,,2025-09-22,,shortage,2026-03-12T15:53:53.719526
FR,France,ANSM,"Gliadel 7,7 mg, implant",carmustine,,,L01AD01,,2025-09-17,2025-09-17,resolved,2026-03-12T15:53:53.719526
FR,France,ANSM,"Un-Alfa 1 microgramme, capsule orale",alfacalcidol,,,A11CC03,,2025-09-16,2025-08-29,resolved,2026-03-12T15:53:53.719526
FR,France,ANSM,"Vitamine B12 Gerda 1000 µg/4 ml, solution injectable (IM) et buvable",cyanocobalamine,,,B03BA01,,2025-09-12,,supply tension,2026-03-12T15:53:53.719526
FR,France,ANSM,"Étoposide Teva, solution injectable pour perfusion",étoposide,,,L01CB01,,2025-09-10,2025-09-10,resolved,2026-03-12T15:53:53.720524
FR,France,ANSM,"Myozyme 50 mg, poudre pour solution à diluer pour perfusion",alglucosidase alfa ((mammifère/hamster/cellules cho)),,,A16AB07,,2025-09-09,,supply tension,2026-03-12T15:53:53.720524
FR,France,ANSM,"Acuitel 5 mg et 20 mg, comprimé enrobé sécable",Chlorhydrate de quinapril,,,C09BA06,,2025-09-09,,discontinued,2026-03-12T15:53:53.720524
FR,France,ANSM,"Spécialités à base de brimonidine 0,2 % (2 mg/ml), collyre en solution",brimonidine,,,S01EA05,,2025-09-03,2025-09-03,resolved,2026-03-12T15:53:53.720524
FR,France,ANSM,"Tegretol L.P. 400 mg, comprimé pelliculé sécable à libération prolongée",carbamazépine,,,N03AF01,,2025-09-02,2025-09-02,resolved,2026-03-12T15:53:53.720524
FR,France,ANSM,"Un-Alfa 0,10 microgramme, solution buvable en gouttes",alfacalcidol,,,A11CC03,,2025-09-01,,supply tension,2026-03-12T15:53:53.720524
FR,France,ANSM,"Bosentan Arrow 125 mg, comprimé pelliculé sécable",bosentan monohydraté,,,C02KX01,,2025-09-01,,supply tension,2026-03-12T15:53:53.720524
FR,France,ANSM,"Tracleer 125 mg, comprimé pelliculé",bosentan monohydraté,,,C02KX01,,2025-09-01,2025-08-27,resolved,2026-03-12T15:53:53.721524
FR,France,ANSM,"Fludarabine Teva 25 mg/mL, solution à diluer pour solution injectable/pour perfusion",fludarabine (phosphate de),,,L01BB05,,2025-08-28,2025-08-28,resolved,2026-03-12T15:53:53.721524
FR,France,ANSM,"Linézolide 2 mg/ml, solution pour perfusion",linézolide,,,J01XX08,,2025-08-27,2025-08-27,resolved,2026-03-12T15:53:53.721524
FR,France,ANSM,"GlucaGen Kit 1 mg/ml, poudre et solvant pour solution injectable",glucagon (chlorhydrate de),,,H04AA01,,2025-08-26,2025-08-26,resolved,2026-03-12T15:53:53.721524
FR,France,ANSM,"Linézolide 600 mg, comprimé pelliculé",linézolide,,,J01XX08,,2025-08-25,2025-08-25,resolved,2026-03-12T15:53:53.721524
FR,France,ANSM,"Granupas 4 g, granulés gastro-résistants",aminosalicylique (acide),,,,,2025-08-22,,shortage,2026-03-12T15:53:53.721524
FR,France,ANSM,"Micafungine Viatris 50 mg, poudre pour solution à diluer pour perfusion",micafungine sodique,,,J02AX05,,2025-08-19,2025-08-18,resolved,2026-03-12T15:53:53.721524
FR,France,ANSM,"Micafungine Viatris 100 mg, poudre pour solution à diluer pour perfusion",micafungine sodique,,,J02AX05,,2025-08-19,2025-08-18,resolved,2026-03-12T15:53:53.721524
FR,France,ANSM,"Simulect 20 mg, poudre et solvant pour solution injectable ou pour perfusion",basiliximab (mammifère/souris/Sp2/O),,,L04AC02,,2025-08-14,2025-08-14,resolved,2026-03-12T15:53:53.722524
FR,France,ANSM,"Méthylprednisolone Viatris 20 mg, poudre pour solution injectable (IM-IV)",méthylprednisolone (hydrogénosuccinate de),,,H02AB04,,2025-08-13,,shortage,2026-03-12T15:53:53.722524
FR,France,ANSM,"Moventig 25 mg, comprimé pelliculé",naloxégol (oxalate de),,,A06AH03,,2025-08-13,2025-08-13,resolved,2026-03-12T15:53:53.722524
FR,France,ANSM,"Moventig 12,5 mg, comprimé pelliculé",naloxégol (oxalate de),,,A06AH03,,2025-08-13,2025-08-13,resolved,2026-03-12T15:53:53.722524
FR,France,ANSM,"Méthotrexate Teva 10 pour cent (5 g/50 mL), solution injectable",méthotrexate,,,L04AX03,,2025-08-11,2025-08-11,resolved,2026-03-12T15:53:53.722524
FR,France,ANSM,Spécialités à base de Lévofloxacine 500 mg en comprimé pelliculé sécable,lévofloxacine,,,J01MA12,,2025-08-11,2025-08-11,resolved,2026-03-12T15:53:53.722524
FR,France,ANSM,"Bosentan Viatris 125 mg, comprimé pelliculé",bosentan monohydraté,,,C02KX01,,2025-08-11,2025-08-08,resolved,2026-03-12T15:53:53.722524
FR,France,ANSM,"Tadalafil Quiver 20 mg, comprimé pelliculé",tadalafil,,,G04BE08,,2025-08-08,2025-08-08,resolved,2026-03-12T15:53:53.722524
FR,France,ANSM,"Zophren 4 mg/5 ml, sirop",ondansétron,,,A04AA01,,2025-08-07,2025-08-07,resolved,2026-03-12T15:53:53.722524
FR,France,ANSM,"Arsenic Trioxide Accord 1 mg /ml, solution à diluer pour perfusion",trioxyde d'arsenic,,,,,2025-08-04,,discontinued,2026-03-12T15:53:53.722524
FR,France,ANSM,"Protexel 50 UI/mL, poudre et solvant pour solution injectable",protéine C humaine,,,B01AD12,,2025-08-01,,supply tension,2026-03-12T15:53:53.722524
FR,France,ANSM,"Oncovin 1 mg, solution injectable",vincristine (sulfate de),,,L01CA02,,2025-07-31,,supply tension,2026-03-12T15:53:53.722524
FR,France,ANSM,"Ludiomil 25 et 75 mg, comprimé pelliculé",maprotiline (chlorhydrate de),,,,,2025-07-31,,shortage,2026-03-12T15:53:53.722524
FR,France,ANSM,"Fucithalmic 1%, gel ophtalmique",acide fusidique,,,,,2025-07-30,2025-07-30,resolved,2026-03-12T15:53:53.723523
FR,France,ANSM,"Proglicem 25 mg, gélule",diazoxide,,,V03AH01,,2025-07-30,2025-07-30,resolved,2026-03-12T15:53:53.723523
FR,France,ANSM,"Travoprost/Timolol 40 microgrammes/mL + 5 mg/mL, collyre en solution","timolol (maléate de), travoprost",,,S01ED51,,2025-07-29,2025-07-29,resolved,2026-03-12T15:53:53.723523
FR,France,ANSM,"Lactate de sodium AP-HP 11,2 % (m/V) solution pour perfusion",lactate de sodium,,,A12CC06,,2025-07-25,2025-07-25,resolved,2026-03-12T15:53:53.723523
FR,France,ANSM,"Mycostatine 100 000 UI/ml, suspension buvable",nystatine,,,D01AA01,,2025-07-25,2025-07-25,resolved,2026-03-12T15:53:53.723523
FR,France,ANSM,"Furosémide Teva 500 mg, comprimé sécable",furosémide,,,C03CA01,,2025-07-24,2025-07-24,resolved,2026-03-12T15:53:53.723523
FR,France,ANSM,"Zovirax 500 mg, poudre pour solution injectable (IV)",aciclovir,,,J05AB01,,2025-07-23,2025-07-23,resolved,2026-03-12T15:53:53.723523
FR,France,ANSM,"Hydrocortisone Roussel 10 mg, comprimé sécable",hydrocortisone,,,H02AB09,,2025-07-21,2025-07-21,resolved,2026-03-12T15:53:53.723523
FR,France,ANSM,"Fluorouracile Teva 5000 mg/100 mL, solution à diluer pour perfusion, flacon de 100 ml",fluorouracile,,,L01BC02,,2025-07-18,2025-06-03,discontinued,2026-03-12T15:53:53.724361
FR,France,ANSM,"Bi Tildiem L.P. 120 mg, comprimé enrobé à libération prolongée",diltiazem (chlorhydrate de),,,C08DB01,,2025-07-18,2025-07-15,resolved,2026-03-12T15:53:53.725015
FR,France,ANSM,"Folinate de calcium 10 mg/ml, solution injectable/pour perfusion - [Folinate et lévofolinate de calcium]",,,,,,2025-07-17,,supply tension,2026-03-12T15:53:53.725015
FR,France,ANSM,"Calcidia 1,54 g, granulé pour suspension buvable en sachet-dose",calcium (carbonate de),,,,,2025-07-17,2025-06-20,resolved,2026-03-12T15:53:53.725015
FR,France,ANSM,"Ipratropium Teva 0,5 mg/2 ml adultes, solution pour inhalation par nébuliseur en récipient unidose – [ipratropium (bromure d')",,,,R03BB01,,2025-07-17,,shortage,2026-03-12T15:53:53.725015
FR,France,ANSM,"Cresemba 200 mg, poudre pour solution à diluer pour perfusion",isavuconazonium (sulfate d'),,,J02AC05,,2025-07-17,2025-07-07,resolved,2026-03-12T15:53:53.725015
FR,France,ANSM,"Mivacron 10 mg/5 ml et 20 mg/10 ml, solution injectable (IV)",chlorure de mivacurium,,,M03AC10,,2025-07-17,2025-07-15,resolved,2026-03-12T15:53:53.725015
FR,France,ANSM,"Calciparine sous-cutanée 12 500 UI/0,5 ml, solution injectable",héparine calcique,,,B01AB01,,2025-07-15,,supply tension,2026-03-12T15:53:53.725015
FR,France,ANSM,"Anapen 150 microgrammes/0,3 ml et 300 microgrammes/0,3 ml, solution injectable en seringue préremplie - [adrénaline]",,,,C01CA24,,2025-07-15,2025-07-15,resolved,2026-03-12T15:53:53.726028
FR,France,ANSM,"Befizal 200 mg, comprimé pelliculé",bézafibrate,,,C10AB02,,2025-07-15,2025-07-15,resolved,2026-03-12T15:53:53.726028
FR,France,ANSM,"Rythmodan 100 mg, gélule",disopyramide (phosphate de),,,C01BA03,,2025-07-10,2025-07-10,resolved,2026-03-12T15:53:53.726028
FR,France,ANSM,"NovoMix 50 Flexpen 100 Unités/ml, suspension injectable en stylo prérempli",insuline asparte isophane biphasique (levure/saccharomyces cerevisiae),,,A10AB05,,2025-07-08,2025-04-02,resolved,2026-03-12T15:53:53.726028
FR,France,ANSM,"Isentress 100 mg, granulés pour suspension buvable",raltégravir potassique,,,J05AJ01,,2025-07-08,2025-06-18,resolved,2026-03-12T15:53:53.726028
FR,France,ANSM,"Vitamine A Provepharm 100 000 U.I./2 ml, solution injectable (I.M.)",palmitate de rétinol,,,A11CA01,,2025-07-04,,supply tension,2026-03-12T15:53:53.726028
FR,France,ANSM,"Novorapid Pumpcart 100 unités/ml, solution injectable en cartouche",insuline asparte ((levure/saccharomyces cerevisiae)),,,A10AB05,,2025-07-03,,supply tension,2026-03-12T15:53:53.727024
FR,France,ANSM,"Rythmodan 250 mg à libération prolongée, comprimé enrobé",disopyramide (phosphate de),,,C01BA03,,2025-07-03,2025-06-30,resolved,2026-03-12T15:53:53.727024
FR,France,ANSM,"Dexocol 1 mg/mL, collyre en solution - [dexaméthasone (phosphate sodique de)]",,,,H02AB02,,2025-07-02,,supply tension,2026-03-12T15:53:53.727024
FR,France,ANSM,"Diamox 250 mg, comprimé sécable",acétazolamide,,,S01EC01,,2025-06-30,2025-06-30,resolved,2026-03-12T15:53:53.727024
FR,France,ANSM,"Mitomycine Accord 10 mg, poudre pour solution injectable / perfusion ou voie intravésicale",mitomycine,,,L01DC03,,2025-06-27,,supply tension,2026-03-12T15:53:53.727024
FR,France,ANSM,"Ozalin 2 mg/mL, solution buvable en récipient unidose",midazolam,,,N05CD08,,2025-06-26,,shortage,2026-03-12T15:53:53.727024
FR,France,ANSM,"Toxicarb, suspension buvable",charbon activé,,,,,2025-06-26,2025-06-26,resolved,2026-03-12T15:53:53.727024
FR,France,ANSM,"Lantus Solostar 100 unités/ ml, solution injectable en stylo prérempli",insuline glargine,,,A10AE04,,2025-06-25,2025-06-25,resolved,2026-03-12T15:53:53.728024
FR,France,ANSM,"Travoprost 40 microgrammes/mL, collyre en solution",travoprost,,,S01EE04,,2025-06-23,2025-06-23,resolved,2026-03-12T15:53:53.728024
FR,France,ANSM,"Rimactan 300 mg, gélule",rifampicine,,,J04AB02,,2025-06-19,2025-04-14,resolved,2026-03-12T15:53:53.728024
FR,France,ANSM,"Rimifon 50 mg, comprimé",isoniazide,,,J04AC01,,2025-06-19,2025-04-14,resolved,2026-03-12T15:53:53.728024
FR,France,ANSM,"Rifadine 2 %, suspension buvable",rifampicine,,,J04AB02,,2025-06-19,2025-05-15,resolved,2026-03-12T15:53:53.728024
FR,France,ANSM,"Paliperidone Biogaran, suspension injectable à libération prolongée en seringue préremplie - [palipéridone]",,,,N05AX13,,2025-06-19,,shortage,2026-03-12T15:53:53.728024
FR,France,ANSM,"Sinemet 100 mg/10 mg, comprimé",lévodopa - carbidopa,,,N04BA02,,2025-06-19,2025-06-16,resolved,2026-03-12T15:53:53.728024
FR,France,ANSM,"Un-Alfa 0,50 microgramme, capsule molle",alfacalcidol,,,A11CC03,,2025-06-19,2025-05-05,resolved,2026-03-12T15:53:53.729059
FR,France,ANSM,"Fungizone nourrissons et enfants 10 %, suspension buvable",Amphotéricine B,,,,,2025-06-18,2025-06-18,resolved,2026-03-12T15:53:53.729059
FR,France,ANSM,"Kanokad 25 UI/mL de facteur IX, poudre et solvant pour solution injectable – Flacon de 250 UI (10 ml) et de 500 UI (20 ml)",,,,,,2025-06-17,,shortage,2026-03-12T15:53:53.729059
FR,France,ANSM,"Ondansétron Viatris 2 mg/ml, solution injectable (I.V.)",ondansétron,,,A04AA01,,2025-06-17,2025-06-16,resolved,2026-03-12T15:53:53.729059
FR,France,ANSM,"Étoposide Accord 20 mg/ml, solution à diluer pour perfusion",étoposide,,,L01CB01,,2025-06-17,2025-06-10,resolved,2026-03-12T15:53:53.729059
FR,France,ANSM,"Héparine calcique Panpharma 25 000 UI/mL, solution injectable en seringue pré-remplie (S.C.) de 0,2 mL, 0,3 ml et solution injectable en ampoule 0,5 ml",héparine calcique,,,B01AB01,,2025-06-13,2025-04-14,resolved,2026-03-12T15:53:53.730061
FR,France,ANSM,"Baclofène EG 10 mg, comprimé sécable",baclofène,,,M03BX01,,2025-06-13,,supply tension,2026-03-12T15:53:53.730061
FR,France,ANSM,"Caprelsa 100 mg et 300 mg, comprimé pelliculé",vandétanib,,,L01EX04,,2025-06-13,2025-06-05,resolved,2026-03-12T15:53:53.730061
FR,France,ANSM,"Savene 20 mg/ml, poudre et solvant pour solution à diluer pour perfusion",dexrazoxane (chlorhydrate de),,,V03AF02,,2025-06-12,2025-06-02,resolved,2026-03-12T15:53:53.730061
FR,France,ANSM,"Oseltamivir Zentiva 75 mg, gélule",oseltamivir,,,J05AH02,,2025-06-12,2025-04-15,resolved,2026-03-12T15:53:53.730061
FR,France,ANSM,"Gardenal 200 mg/4 ml, poudre et solvant pour solution injectable",phénobarbital sodique,,,N03AA02,,2025-06-11,2025-06-11,resolved,2026-03-12T15:53:53.730061
FR,France,ANSM,"Lytos 520 mg, comprimé pelliculé",clodronate de sodium anhydre,,,,,2025-06-10,2025-06-04,resolved,2026-03-12T15:53:53.730061
FR,France,ANSM,"Maginjectable 0,8 pour cent, solution injectable",magnésium (pidolate de),,,,,2025-06-06,,supply tension,2026-03-12T15:53:53.730061
FR,France,ANSM,"Repatha 140 mg, solution injectable en stylo prérempli",evolocumab (mammifère/hamster/cellules cho),,,C10AX13,,2025-06-06,,supply tension,2026-03-12T15:53:53.730061
FR,France,ANSM,Genotonorm Miniquick poudre et solvant pour solution injectable,somatropine,,,H01AC01,,2025-06-04,2025-06-04,resolved,2026-03-12T15:53:53.730061
FR,France,ANSM,"Nplate 250 microgrammes, poudre et solvant pour solution injectable",romiplostim,,,B02BX04,,2025-06-04,2025-06-04,resolved,2026-03-12T15:53:53.731059
FR,France,ANSM,"Hexatrione 2 pour cent, suspension injectable (intra-articulaire)",hexacetonide de triamcinolone,,,,,2025-05-28,,supply tension,2026-03-12T15:53:53.731059
FR,France,ANSM,"Acide Acetylsalicylique Panpharma 500 mg, poudre pour solution injectable (anciennement Kardegic 500 mg/5 ml, poudre pour solution injectable)",acide acétylsalicylique,,,,,2025-05-27,2025-05-27,resolved,2026-03-12T15:53:53.731059
FR,France,ANSM,"Quetiapine LP (Xeroquel LP) 50 mg, 300 mg et 400 mg comprimé à libération prolongée",quétiapine (fumarate de),,,N05AH04,,2025-05-27,,supply tension,2026-03-12T15:53:53.731059
FR,France,ANSM,"Bi Tildiem L.P. 90 mg, comprimé enrobé à libération prolongée",diltiazem (chlorhydrate de),,,C08DB01,,2025-05-27,2025-05-27,resolved,2026-03-12T15:53:53.731059
FR,France,ANSM,"Cordarone 150 mg/3 ml, solution injectable en ampoule (IV)",amiodarone,,,C01BD01,,2025-05-26,2025-05-26,resolved,2026-03-12T15:53:53.731059
FR,France,ANSM,"TCaps 37,5 microgrammes, capsule molle",lévothyroxine,,,H03AA01,,2025-05-26,2025-05-26,resolved,2026-03-12T15:53:53.731059
FR,France,ANSM,"Atracurium Pfizer 10 mg/mL, solution injectable/pour perfusion",Atracurium,,,M03AC04,,2025-05-23,2025-05-23,resolved,2026-03-12T15:53:53.731059
FR,France,ANSM,"Palipéridone Teva, suspension injectable à libération prolongée",palipéridone,,,N05AX13,,2025-05-23,,supply tension,2026-03-12T15:53:53.731059
FR,France,ANSM,"Egaten 250 mg, comprimé sécable",triclabendazole,,,,,2025-05-23,2025-05-23,resolved,2026-03-12T15:53:53.731059
FR,France,ANSM,"Clarithromycine Viatris 25 mg/ml, granulés pour suspension buvable et Zeclar 25 mg/ml, granulés pour suspension buvable",clarithromycine,,,J01FA09,,2025-05-22,2025-04-15,resolved,2026-03-12T15:53:53.731059
FR,France,ANSM,"Méthylphénidate Arrow LP, gélule à libération prolongée",méthylphénidate (chlorhydrate de),,,N06BA04,,2025-05-15,2025-05-15,resolved,2026-03-12T15:53:53.731059
FR,France,ANSM,"Sinemet 250 mg/25 mg, comprimé sécable",lévodopa - carbidopa,,,N04BA02,,2025-05-15,2025-05-15,resolved,2026-03-12T15:53:53.732055
FR,France,ANSM,"Nozinan 100 mg, comprimé pelliculé sécable",lévomépromazine,,,N05AA02,,2025-05-15,2025-05-15,resolved,2026-03-12T15:53:53.732055
FR,France,ANSM,"Baqsimi 3 mg, poudre nasale en récipient unidose",glucagon,,,H04AA01,,2025-05-09,,supply tension,2026-03-12T15:53:53.732055
FR,France,ANSM,"Ozempic 0,25 mg, 0,5 mg, 1 mg, solution injectable en stylo prérempli",sémaglutide (levure/saccharomyces cerevisiae),,,A10BJ06,,2025-05-09,2025-05-09,resolved,2026-03-12T15:53:53.732055
FR,France,ANSM,"Levodopa Carbidopa Teva 100 mg/10 mg, comprimé sécable",lévodopa - carbidopa,,,N04BA02,,2025-05-07,2025-05-07,resolved,2026-03-12T15:53:53.732055
FR,France,ANSM,"Scopoderm TTS 1 mg/72 heures, dispositif transdermique",scopolamine,,,A04AD01,,2025-05-05,2025-04-30,resolved,2026-03-12T15:53:53.732055
FR,France,ANSM,"Levodopa Carbidopa Teva LP 100 mg/25 mg, comprimé à libération prolongé",lévodopa - carbidopa,,,N04BA02,,2025-04-28,2025-04-28,resolved,2026-03-12T15:53:53.732055
FR,France,ANSM,"Zeclar 0,5 g, poudre pour solution à diluer pour perfusion",clarithromycine,,,J01FA09,,2025-04-25,2025-04-23,resolved,2026-03-12T15:53:53.732055
FR,France,ANSM,"Sectral LP 500 mg, comprimé pelliculé à libération prolongée",acébutolol (chlorhydrate d'),,,C07AB04,,2025-04-23,,shortage,2026-03-12T15:53:53.732055
FR,France,ANSM,"Daptomycine Noridem 500 mg, poudre pour solution injectable/pour perfusion en flacon de 10 ml",daptomycine,,,J01XX09,,2025-04-22,2025-04-18,resolved,2026-03-12T15:53:53.732055
FR,France,ANSM,"Zithromax 40 mg/ml enfants, poudre pour suspension buvable",azithromycine dihydratée,,,J01FA10,,2025-04-08,2025-04-08,resolved,2026-03-12T15:53:53.733060
FR,France,ANSM,"Pazenir 5 mg/mL, poudre pour dispersion pour perfusion",nab paclitaxel,,,L01CD01,,2025-04-07,2025-04-07,resolved,2026-03-12T15:53:53.733060
FR,France,ANSM,"Amoxicilline-Clamoxyl toutes formes orales, tous dosages",amoxicilline,,,J01CA04,,2025-04-02,2025-04-02,resolved,2026-03-12T15:53:53.733060
FR,France,ANSM,"Amoxicilline / Acide Clavulanique - Augmentin toutes formes orales, tous dosages",amoxicilline - acide clavulanique,,,J01CA04,,2025-04-02,2025-04-02,resolved,2026-03-12T15:53:53.733060
FR,France,ANSM,"Clopidogrel 75 mg, comprimé pelliculé",clopidogrel (hydrogénosulfate de),,,B01AC04,,2025-03-27,,supply tension,2026-03-12T15:53:53.733060
FR,France,ANSM,"Eurobiol 25 000 U, gélule gastro-résistante",poudre de pancréas,,,,,2025-03-27,2025-04-01,resolved,2026-03-12T15:53:53.733060
FR,France,ANSM,"Eurobiol 12 500 U, gélule gastrorésistante",poudre de pancréas,,,,,2025-03-27,2025-04-01,resolved,2026-03-12T15:53:53.733060
FR,France,ANSM,"Ebilfumin 75 mg, gélule",oseltamivir,,,J05AH02,,2025-03-27,2025-03-27,resolved,2026-03-12T15:53:53.733060
FR,France,ANSM,"Medikinet 30 mg, gélule à libération modifiée",méthylphénidate (chlorhydrate de),,,N06BA04,,2025-03-26,2025-03-25,resolved,2026-03-12T15:53:53.733060
FR,France,ANSM,"Tamiflu 75 mg, gélule",oseltamivir,,,J05AH02,,2025-03-25,2025-03-25,resolved,2026-03-12T15:53:53.733060
FR,France,ANSM,"Iopidine 0,5 %, collyre en solution",apraclonidine (chlorhydrate d'),,,S01EA03,,2025-03-24,2025-03-24,resolved,2026-03-12T15:53:53.733060
FR,France,ANSM,"Vancomycine Viatris 125 mg, poudre pour solution à diluer pour perfusion-vancomycine",chlorhydrate de,,,,,2025-03-18,,supply tension,2026-03-12T15:53:53.733060
FR,France,ANSM,"Virophta, préparation pour collyre (lyophilisat et solvant)",trifluridine,,,L01BC59,,2025-03-17,,supply tension,2026-03-12T15:53:53.734059
FR,France,ANSM,"Celsior, solution pour conservation d’organes - [acide glutamique, calcium (chlorure de) dihydraté, glutathion, histidine, lactobionique (acide), magnésium (chlorure de) hexahydraté, mannitol, potassium (chlorure de), sodium (hydroxyde de)]",,,,,,2025-03-13,,shortage,2026-03-12T15:53:53.734059
FR,France,ANSM,"Hydrocortisone Upjohn 100 mg, préparation injectable",hydrocortisone (hydrogénosuccinate sodique d'),,,H02AB09,,2025-03-06,,supply tension,2026-03-12T15:53:53.734059
FR,France,ANSM,"Xeplion, suspension injectable à libération prolongée",palipéridone,,,N05AX13,,2025-03-05,,supply tension,2026-03-12T15:53:53.734059
FR,France,ANSM,"Elvorine 25 mg/2,5 ml, 50 mg/5 ml, 100 mg/10 ml et 175 mg/17,5 ml, solution injectable",lévofolinate de calcium,,,,,2025-02-20,,discontinued,2026-03-12T15:53:53.734059
FR,France,ANSM,"Héparine calcique 25 000 UI/mL, solution injectable en seringue pré-remplie (S.C.) de 0,2 mL et 0,3 ml, Calciparine 5 000 UI/0,2 ml et 7 500 UI/0,3 ml, solution injectable en seringue pré-remplie (S.C.)",héparine calcique,,,B01AB01,,2025-02-12,,supply tension,2026-03-12T15:53:53.734059
FR,France,ANSM,"Tsoludose, solution buvable en récipient unidose",lévothyroxine,,,H03AA01,,2025-02-11,,discontinued,2026-03-12T15:53:53.734059
FR,France,ANSM,"Iobenguane (¹³¹I) pour thérapie CIS bio international 370 MBq/mL, solution pour perfusion",Iobenguane (¹³¹I),,,V10XA02,,2025-01-28,,discontinued,2026-03-12T15:53:53.734059
FR,France,ANSM,"Pediaven AP-HP G25, solution pour perfusion",,,,,,2025-01-22,,discontinued,2026-03-12T15:53:53.734059
FR,France,ANSM,"Amikacine Viatris 250 mg, 500 mg et 1g, poudre pour solution injectable en flacon",amikacine (sulfate d'),,,J01GB06,,2025-01-15,,supply tension,2026-03-12T15:53:53.734059
FR,France,ANSM,"Pomalidomide Viatris 1, 2, 3 et 4 mg, gélule",pomalidomide,,,L04AX06,,2025-01-14,,shortage,2026-03-12T15:53:53.734059
FR,France,ANSM,"Lutrelef 3,2 mg, poudre et solvant pour solution injectable",gonadoréline (acétate de),,,H01CA01,,2024-12-18,,supply tension,2026-03-12T15:53:53.734059
FR,France,ANSM,"Cinacalcet 30 mg, 60 mg et 90 mg comprimé pelliculé",cinacalcet (chlorhydrate de),,,H05BX01,,2024-12-06,,supply tension,2026-03-12T15:53:53.734059
FR,France,ANSM,"Spécialités à base d'aprépitant 125 mg, 80 mg et 125 mg/80 mg gélules",aprépitant,,,A04AD12,,2024-12-04,,supply tension,2026-03-12T15:53:53.734059
FR,France,ANSM,"Praluent 75 mg, 150 mg et 300 mg, solution injectable en stylo pré-rempli",alirocumab (mammifere/hamster/cellules cho),,,C10AX14,,2024-12-03,,supply tension,2026-03-12T15:53:53.734059
FR,France,ANSM,"Méthotrexate Accord 100 mg/mL, solution à diluer pour perfusion (flacon de 10 ml)",méthotrexate,,,L04AX03,,2024-11-28,,shortage,2026-03-12T15:53:53.735056
FR,France,ANSM,Zoryon gélules et sirop,chlorhydrate de méthadone,,,N07BC02,,2024-11-28,,discontinued,2026-03-12T15:53:53.735056
FR,France,ANSM,"Ydralbum 200 g/L, solution pour perfusion en flacon de 50 mL et 100 mL",albumine humaine ((mammifère/humain/plasma)),,,B05AA01,,2024-11-12,,discontinued,2026-03-12T15:53:53.735056
FR,France,ANSM,"Marsilid 50 mg, comprimé sécable",iproniazide,,,,,2024-11-07,,shortage,2026-03-12T15:53:53.735056
FR,France,ANSM,"Furosémide Zentiva 500 mg, comprimé sécable",furosémide,,,C03CA01,,2024-11-04,,supply tension,2026-03-12T15:53:53.735056
FR,France,ANSM,"Ribarivine Biogaran 200 mg/400 mg, comprimé pelliculé",Ribavirine,,,J05AP01,,2024-10-31,,discontinued,2026-03-12T15:53:53.735056
FR,France,ANSM,"Héparine Choay 25 000 UI/5 ml, solution injectable, 1 flacon(s) en verre de 5 ml",héparine sodique,,,B01AB01,,2024-10-25,,discontinued,2026-03-12T15:53:53.735056
FR,France,ANSM,"Atropine 1%, collyre",atropine (sulfate),,,S01FA01,,2024-10-16,,supply tension,2026-03-12T15:53:53.735056
FR,France,ANSM,"Ropinirole LP 2 mg, 4 mg et 8 mg comprimé pelliculé",ropinirole (chlorhydrate de),,,N04BC04,,2024-10-01,,supply tension,2026-03-12T15:53:53.735056
FR,France,ANSM,"Ropinirole 0,25 mg, 0,5 mg 1 mg, 2 mg et 5mg comprimé pelliculé",ropinirole,,,N04BC04,,2024-09-25,,supply tension,2026-03-12T15:53:53.735056
FR,France,ANSM,"Ancotil 1 pour cent, solution pour perfusion",Flucytosine,,,J02AX01,,2024-09-18,,discontinued,2026-03-12T15:53:53.735056
FR,France,ANSM,"Claventin 3g/200 mg et 5g/200 mg, poudre pour solution injectable (I.V.)","ticarcilline (sodique), acide clavulanique",,,,,2024-08-06,,shortage,2026-03-12T15:53:53.735056
FR,France,ANSM,"Tofranil 10 mg, comprimé enrobé",imipramine,,,N06AA02,,2024-07-29,,supply tension,2026-03-12T15:53:53.735056
FR,France,ANSM,"Atropine 0,5%, collyre",atropine (sulfate),,,S01FA01,,2024-07-18,,supply tension,2026-03-12T15:53:53.735056
FR,France,ANSM,"Eldisine 5 mg, poudre pour solution injectable",sulfate de vindésine,,,L01CA03,,2024-06-19,,shortage,2026-03-12T15:53:53.735056
FR,France,ANSM,Malocide 50 mg comprimé pelliculé,pyriméthamine,,,P01BD01,,2024-06-04,,shortage,2026-03-12T15:53:53.736054
FR,France,ANSM,"Cidermex, pommade ophtalmique","néomycine (sulfate de), triamcinolone (acétonide de)",,,S02CA07,,2024-05-24,,supply tension,2026-03-12T15:53:53.736054
FR,France,ANSM,"Creon 35 000 U, gélule gastrorésistante",pancréatine,,,,,2024-03-20,,supply tension,2026-03-12T15:53:53.736054
FR,France,ANSM,"Creon 5 000 U, granulés gastro-résistants",pancréatine,,,,,2024-03-12,,supply tension,2026-03-12T15:53:53.736054
FR,France,ANSM,"Creon 10 000 U, gélule gastrorésistante",pancréatine,,,,,2024-01-11,,supply tension,2026-03-12T15:53:53.736054
FR,France,ANSM,"Creon 25 000 U, gélule gastrorésistante",pancréatine,,,,,2024-01-11,,supply tension,2026-03-12T15:53:53.736054
FR,France,ANSM,"Skiacol 0,5 pour cent, collyre",cyclopentolate (chlorhydrate de),,,S01FA04,,2023-11-07,,supply tension,2026-03-12T15:53:53.736054
FR,France,ANSM,"Acadione 250 mg, comprimé dragéifié",tiopronine,,,G04BX16,,2023-10-25,,discontinued,2026-03-12T15:53:53.736054
FR,France,ANSM,"Digidot 80mg, poudre pour solution pour perfusion (Digifab importation)",Fragment Fab d’immunoglobuline antidigitalique ovin,,,,,2023-08-04,,discontinued,2026-03-12T15:53:53.736054
FR,France,ANSM,"Pylera 140 mg/125 mg/125 mg, gélule",bismuth potassique (sous-citrate de) /métronidazole /tétracycline (chlorhydrate de),,,,,2023-07-27,,supply tension,2026-03-12T15:53:53.736054
FR,France,ANSM,"Spécialités à base de roxithromycine 150 mg, comprimé pelliculé",roxithromycine,,,,,2023-07-17,,supply tension,2026-03-12T15:53:53.736054
FR,France,ANSM,"Kayexalate, poudre pour suspension orale et rectale",sodium (polystyrène sulfonate de),,,V03AE01,,2023-05-17,,supply tension,2026-03-12T15:53:53.736054
FR,France,ANSM,Montélukast comprimé 5 mg et 10 mg,montélukast sodique,,,R03DC03,,2023-02-01,,supply tension,2026-03-12T15:53:53.736054
FR,France,ANSM,"Minirin 0,1 mg/mL, solution pour administration endonasale",Desmopressine,,,H01BA02,,2023-01-24,,discontinued,2026-03-12T15:53:53.737023
FR,France,ANSM,"Alprostadil Intsel Chimos 0,5 mg/ml, solution injectable",Alprostadil,,,G04BE01,,2022-11-23,,shortage,2026-03-12T15:53:53.737023
FR,France,ANSM,"Alyostal venin de guêpe polistes 110 microgrammes et 550 microgrammes, poudre et solvant pour solution injectable- [Guêpe Polistes (venin de)]",,,,,,2022-11-04,,shortage,2026-03-12T15:53:53.737023
FR,France,ANSM,"Actosolv 100 000 UI et 600 000 UI, poudre pour solution injectable / pour perfusion- [Urokinase]",,,,B01AD04,,2022-08-09,,shortage,2026-03-12T15:53:53.737023
FR,France,ANSM,"SEMAP 20 mg, comprimé",,,,,,2021-05-19,,shortage,2026-03-12T15:53:53.737023
