country_code,country_name,source,medicine_name,active_substance,strength,package_size,product_no,atc_code,distribution_method,marketing_auth_holder,shortage_start,estimated_end,status,reason,therapeutic_alternatives,scraped_at
GR,Greece,EOF,BELIFAX GR.CAP 20MG/CAP BT X 30 (ΣΕ ΠΛΑΣΤΙΚΌ ΦΙΑΛΊΔΙΟ),OMEPRAZOLE,,,2802065001064,A02BC01,ΦΑΡΜΑΚΕΙΟΥ,INNOVIS PHARMA A.E.B.E.,2025-08-04,2026-06-30,shortage,Καθυστέρηση παράδοσης,"Εναλλακτικά άλλα σκευάσματα της ίδιας δραστικής, μορφής και περιεκτικότητας",2026-03-12T16:42:03.347998
GR,Greece,EOF,DICETEL F.C.TAB 50MG/TAB BTx50 (BLIST 2x25),"PINAVERIUM, BROMIDE",,,2801970801011,A03AX04,ΦΑΡΜΑΚΕΙΟΥ,"VIATRIS HEALTHCARE LIMITED, IRELAND",2026-02-12,2026-03-16,shortage,Καθυστέρηση παράδοσης,Εναλλακτικά μέσω έκτακτης εισαγωγής,2026-03-12T16:42:03.347998
GR,Greece,EOF,GLICRON CON.R.TAB 60MG/TAB BTX30 (PVC/PVDC/AL BLISTERS),GLICLAZIDE,,,2803077702048,A10BB09,ΦΑΡΜΑΚΕΙΟΥ,"WIN MEDICA A.E., ΕΛΛΑΔΑ",2025-12-15,2026-03-15,shortage,Προβλήματα στην παραγωγική διαδικασία,"Εναλλακτικά άλλο σκεύασμα της ίδιας δραστικής, μορφής και περιεκτικότητας",2026-03-12T16:42:03.347998
GR,Greece,EOF,DIALOSA TABLET 3MG/TAB BTX 30 ΣΕ BLISTER PVC/ALUMINIUM,GLIMEPIRIDE,,,2802694103030,A10BB12,ΦΑΡΜΑΚΕΙΟΥ,PHARMAPATH ABEE,2026-02-10,2026-03-20,shortage,Καθυστέρηση παράδοσης,"Εναλλακτικά άλλα σκευάσματα της ίδιας δραστικής, μορφής και περιεκτικότητας",2026-03-12T16:42:03.347998
GR,Greece,EOF,SILTABEN PLUS F.C.TAB (50+1000)MG/TAB BT X 56 TABS ΣΕ BLISTER (PVC/PVDC/ALU),"SITAGLIPTIN,, METFORMIN",,,2803358902013,A10BD07,ΦΑΡΜΑΚΕΙΟΥ,BENNETT ΦΑΡΜΑΚΕΥΤΙΚΗ Α.Ε.,2026-01-15,2026-04-30,shortage,Καθυστέρηση παράδοσης,"Εναλλακτικά άλλα σκευάσματα των ίδιων δραστικών, της ίδιας μορφής και ίδιων περιεκτικοτήτων",2026-03-12T16:42:03.347998
GR,Greece,EOF,SILTABEN PLUS F.C.TAB (50+850)MG/TAB BT X 56 TABS ΣΕ BLISTER (PVC/PVDC/ALU),"SITAGLIPTIN,, METFORMIN",,,2803358901016,A10BD07,ΦΑΡΜΑΚΕΙΟΥ,BENNETT ΦΑΡΜΑΚΕΥΤΙΚΗ Α.Ε.,2026-01-22,2026-04-30,shortage,Καθυστέρηση παράδοσης,"Εναλλακτικά άλλα σκευάσματα των ίδιων δραστικών, της ίδιας μορφής και ίδιων περιεκτικοτήτων",2026-03-12T16:42:03.347998
GR,Greece,EOF,SITAGLIPTIN+METFORMIN/PHARMAZAC F.C.TAB (50+1000)MG/TAB BT X 56 TABS ΣΕ PVC/PE/PVDC//ALU BLISTERS,"SITAGLIPTIN,, METFORMIN",,,2803256102034,A10BD07,ΦΑΡΜΑΚΕΙΟΥ,PHARMAZAC AE,2025-08-26,2026-03-30,shortage,Καθυστέρηση παράδοσης,"Εναλλακτικά άλλα σκευάσματα των ίδιων δραστικών, της ίδιας μορφής και ίδιων περιεκτικοτήτων",2026-03-12T16:42:03.347998
GR,Greece,EOF,SITAGLIPTIN+METFORMIN/PHARMAZAC F.C.TAB (50+850)MG/TAB BT X 56 TABS ΣΕ PVC/PE/PVDC//ALU BLISTERS,"SITAGLIPTIN,, METFORMIN",,,2803256101037,A10BD07,ΦΑΡΜΑΚΕΙΟΥ,PHARMAZAC AE,2024-11-13,2026-03-30,shortage,Προβλήματα στην παραγωγική διαδικασία,"Εναλλακτικά άλλα σκευάσματα των ίδιων δραστικών, της ίδιας μορφής και ίδιων περιεκτικοτήτων",2026-03-12T16:42:03.347998
GR,Greece,EOF,VILDABEN PLUS® F.C.TAB (50+1000)MG/TAB BT x 60 tabs σε blister (AL/OPA-AL-PVC),"METFORMIN,, VILDAGLIPTIN",,,2803306502012,A10BD08,ΦΑΡΜΑΚΕΙΟΥ,BENNETT ΦΑΡΜΑΚΕΥΤΙΚΗ Α.Ε.,2026-03-10,2026-04-30,shortage,Καθυστέρηση παράδοσης,"Εναλλακτικά άλλα σκευάσματα των ίδιων δραστικών, της ίδιας μορφής και ίδιων περιεκτικοτήτων",2026-03-12T16:42:03.347998
GR,Greece,EOF,VEDFA® F.C.TAB (50+1000)MG/TAB BT X 60 TABS (ΣΕ BLISTER PVC/PCTFE TRASPARENT-ALU),"METFORMIN,, VILDAGLIPTIN",,,2803226102026,A10BD08,ΦΑΡΜΑΚΕΙΟΥ,ΦΑΡΜΑΤΕΝ ΑΒΕΕ,2025-12-16,2026-09-30,shortage,Αυξημένη ζήτηση,"Εναλλακτικά άλλα σκευάσματα των ίδιων δραστικών, της ίδιας μορφής και ίδιων περιεκτικοτήτων",2026-03-12T16:42:03.347998
GR,Greece,EOF,VEDFA® F.C.TAB (50+850)MG/TAB BT X 60 TABS (ΣΕ BLISTER PVC/PCTFE TRASPARENT-ALU),"METFORMIN,, VILDAGLIPTIN",,,2803226101029,A10BD08,ΦΑΡΜΑΚΕΙΟΥ,ΦΑΡΜΑΤΕΝ ΑΒΕΕ,2025-06-30,2026-09-30,shortage,Αυξημένη ζήτηση,"Εναλλακτικά άλλα σκευάσματα των ίδιων δραστικών, της ίδιας μορφής και ίδιων περιεκτικοτήτων",2026-03-12T16:42:03.347998
GR,Greece,EOF,CUFENCE CAPS 200MG/CAP ΦΙΆΛΗ (ΓΥΆΛΙΝΗ)X 100 ΚΑΨΆΚΙΑ,"TRIENTINE, DIHYDROCHLORI, DE",,,2803236301013,A16AX12,ΦΑΡΜΑΚΕΙΟΥ,"UNIVAR SOLUTIONS BV, THE NETHERLANDS",2026-03-02,2026-06-30,shortage,Καθυστέρηση παράδοσης,"Εναλλακτικά άλλο σκεύασμα της ίδιας δραστικής και μορφής, διαφορετικής περιεκτικότητας",2026-03-12T16:42:03.347998
GR,Greece,EOF,CLODELIB F.C.TAB 75MG/TAB BTX30 (BLISTERS PVC/PE/PVDC/ ALUMINIUM FOIL 3X10),CLOPIDOGREL,,,2802914401038,B01AC04,ΦΑΡΜΑΚΕΙΟΥ,LIBYTEC A.E.,2025-10-02,2026-04-01,shortage,Καθυστέρηση παράδοσης,"Εναλλακτικά άλλα σκευάσματα της ίδιας δραστικής, μορφής και περιεκτικότητας",2026-03-12T16:42:03.347998
GR,Greece,EOF,CLOPADEL F.C.TAB 75MG/TAB BTX28 (ALU/ALU FOIL BLISTER 4X7),"CLOPIDOGREL, HYDROGEN, SULPHATE",,,2803047501015,B01AC04,ΦΑΡΜΑΚΕΙΟΥ,ADELCO A.E. ΧΡΩΜ. ΑΘΗΝ. ΑΦΟΙ Ε. ΚΟΛΟΚΟΤΡΩΝΗ,2026-01-30,2026-03-31,shortage,Καθυστέρηση παράδοσης,"Εναλλακτικά άλλα σκευάσματα της ίδιας δραστικής, μορφής και περιεκτικότητας",2026-03-12T16:42:03.347998
GR,Greece,EOF,PLAVIX F.C.TAB 300MG/TAB BTx10x1 σε BLIST ALU/ALU διάτρητα,CLOPIDOGREL,,,2802363502041,B01AC04,ΦΑΡΜΑΚΕΙΟΥ,"SANOFI WINTHROP INDUSTRIE, FRANCE",2026-02-19,2026-03-31,shortage,Καθυστέρηση παράδοσης,,2026-03-12T16:42:03.347998
GR,Greece,EOF,THROIMPER F.C.TAB 75MG/TAB BT X 30 X75MG (BLISTERS PVC/PE/PVDC 3X10),CLOPIDOGREL,,,2802885501058,B01AC04,ΦΑΡΜΑΚΕΙΟΥ,MEDIAPHARM ΕΠΕ,2025-05-15,2026-09-30,shortage,Καθυστέρηση παράδοσης,"Εναλλακτικά άλλα σκευάσματα της ίδιας δραστικής, μορφής και περιεκτικότητας",2026-03-12T16:42:03.347998
GR,Greece,EOF,ZAKOGREL F.C.TAB 75MG/TAB BTX30,CLOPIDOGREL,,,2803046901038,B01AC04,ΦΑΡΜΑΚΕΙΟΥ,PHARMAZAC AE,2025-10-07,2026-06-08,shortage,Καθυστέρηση παράδοσης,"Εναλλακτικά άλλα σκευάσματα της ίδιας δραστικής, μορφής και περιεκτικότητας",2026-03-12T16:42:03.347998
GR,Greece,EOF,PERSANTIN C.TAB 75MG/TAB BTX30 (BLIST 2X15) (PVC/PVDC),DIPYRIDAMOLE,,,2800436902026,B01AC07,ΦΑΡΜΑΚΕΙΟΥ,"GLENWOOD GESELLSCHAFT MIT BESCHRANKTER HAFTUNG PHARMAZEUTISCHE ERZEUGNISSE, GERMANY",2026-05-12,2026-12-31,shortage,Καθυστέρηση παράδοσης,Εναλλακτικά το ίδιο φάρμακο μέσω έκτακτης εισαγωγής,2026-03-12T16:42:03.347998
GR,Greece,EOF,RIVAROXABAN VIATRIS F.C.TAB 2.5MG/TAB BT X 56 Χ 1 ΔΙΣΚΙΑ - ΜΟΝΑΔΑ ΔΟΣΗΣ ΣΕ BLISTERS PVC/PVDC/ΑΛΟΥΜΙΝΙΟ,RIVAROXABAN,,,2803348301093,B01AF01,ΦΑΡΜΑΚΕΙΟΥ,"VIATRIS LIMITED, IRELAND",2025-12-30,2026-06-15,shortage,Καθυστέρηση παράδοσης,"Εναλλακτικά άλλα σκευάσματα της ίδιας δραστικής, μορφής και περιεκτικότητας",2026-03-12T16:42:03.347998
GR,Greece,EOF,RIVAROXABAN VIATRIS F.C.TAB 10MG/TAB BT X 10 X 1 ΔΙΣΚΙΑ - ΜΟΝΑΔΑ ΔΟΣΗΣ ΣΕ BLISTERS PVC/PVDC/ΑΛΟΥΜΙΝΙΟ,RIVAROXABAN,,,2803348302045,B01AF01,ΦΑΡΜΑΚΕΙΟΥ,"VIATRIS LIMITED, IRELAND",2026-02-01,2026-06-15,shortage,Καθυστέρηση παράδοσης,"Εναλλακτικά άλλα σκευάσματα της ίδιας δραστικής, μορφής και περιεκτικότητας",2026-03-12T16:42:03.347998
GR,Greece,EOF,RIVAROXABAN VIATRIS F.C.TAB 20MG/TAB BT X 28 Χ 1 ΔΙΣΚΙΑ - ΜΟΝΑΔΑ ΔΟΣΗΣ ΣΕ BLISTERS PVC/PVDC/ΑΛΟΥΜΙΝΙΟ,RIVAROXABAN,,,2803348304070,B01AF01,ΦΑΡΜΑΚΕΙΟΥ,"VIATRIS LIMITED, IRELAND",2026-01-30,2026-05-15,shortage,Καθυστέρηση παράδοσης,"Εναλλακτικά άλλα σκευάσματα της ίδιας δραστικής, μορφής και περιεκτικότητας",2026-03-12T16:42:03.347998
GR,Greece,EOF,ZAOFER EF.TAB 695MG (80.5 MGFE++)/TAB BTX1 (TUBX10),"FERROUS, GLUCONATE",,,2802988602010,B03AA03,ΦΑΡΜΑΚΕΙΟΥ,PHARMAZAC AE,2025-06-26,2026-09-07,shortage,Ποιοτικό πρόβλημα - Δραστική ουσία,"Εναλλακτικά άλλα σκευάσματα της ίδιας δραστικής ουσίας, μορφής και περιεκτικότητας",2026-03-12T16:42:03.347998
GR,Greece,EOF,ZAOFER EF.TAB 695MG (80.5 MGFE++)/TAB BTX3 (TUBX10),"FERROUS, GLUCONATE",,,2802988602034,B03AA03,ΦΑΡΜΑΚΕΙΟΥ,PHARMAZAC AE,2025-02-12,2026-09-07,shortage,Καθυστέρηση παράδοσης,Εναλλακτικά άλλα σκευάσματα της ίδιας δραστικής και περιεκτικότητας,2026-03-12T16:42:03.347998
GR,Greece,EOF,"ZAOFER PD.ORA.SOL 300MG (37,5MG FE++)/SACHET BTX20 SACHETS","FERROUS, GLUCONATE",,,2802988601020,B03AA03,ΦΑΡΜΑΚΕΙΟΥ,PHARMAZAC AE,2025-02-12,2026-09-07,shortage,Καθυστέρηση παράδοσης,"Εναλλακτικά άλλα σκευάσματα της ίδιας δραστικής, μορφής και περιεκτικότητας",2026-03-12T16:42:03.347998
GR,Greece,EOF,"TARDYFERON PR.TAB 247,25(80)MG/TAB ΒΤX30 (PVC/PVDC ALU)","FERROUS, SULPHATE DRIED",,,2801218401010,B03AA07,ΦΑΡΜΑΚΕΙΟΥ,PIERRE FABRE FARMAKA AE,2026-01-01,2026-03-31,shortage,Προβλήματα στην παραγωγική διαδικασία,"Εναλλακτικά άλλα σκευάσματα της ίδιας δραστικής, μορφής και περιεκτικότητας",2026-03-12T16:42:03.347998
GR,Greece,EOF,"RETACRIT INJ.SOL 40000IU/1ML PF.SYR BTx4 PF.SYR x 1,0ML",EPOETIN ZETA,,,2802815111029,B03XA01,ΝΟΣΟΚΟΜΕΙΑΚΟ,"PFIZER EUROPE MA EEIG, BELGIUM",2026-03-09,2026-03-30,shortage,Αυξημένη ζήτηση,"Εναλλακτικά άλλα σκευάσματα της ίδιας δραστικής, μορφής και περιεκτικότητας",2026-03-12T16:42:03.347998
GR,Greece,EOF,ALBUMINE LFB SOL.INF 20% BTx1 VIALx50 ML,ALBUMIN HUMAN,,,2802587601018,B05AA01,ΝΟΣΟΚΟΜΕΙΑΚΟ,ΒΙΑΝΕΞ Α.Ε.,2026-02-26,2026-03-20,shortage,Καθυστέρηση παράδοσης,"Εναλλακτικά άλλα σκευάσματα της ίδιας δραστικής, μορφής και περιεκτικότητας",2026-03-12T16:42:03.347998
GR,Greece,EOF,ALBUREX 20 SOL.INF 20% BTx1 VIALx50 ML,ALBUMIN HUMAN,,,2802577402014,B05AA01,ΝΟΣΟΚΟΜΕΙΑΚΟ,CSL BEHRING Ε.Π.Ε.,2026-03-23,2026-04-30,shortage,Αυξημένη ζήτηση,"Εναλλακτικά άλλα σκευάσματα της ίδιας δραστικής, μορφής και περιεκτικότητας",2026-03-12T16:42:03.347998
GR,Greece,EOF,HUMAN ALBUMIN/BAXALTA SOL.INF 200G/L BTX1 VIAL X 100 ML,ALBUMIN HUMAN,,,2803139002031,B05AA01,ΝΟΣΟΚΟΜΕΙΑΚΟ,"BAXALTA INNOVATIONS GMBH, AUSTRIA",2026-03-01,2026-03-31,shortage,Αυξημένη ζήτηση,"Εναλλακτικά άλλα σκευάσματα της ίδιας δραστικής, μορφής και περιεκτικότητας",2026-03-12T16:42:03.347998
GR,Greece,EOF,HUMAN ALBUMIN/BAXALTA SOL.INF 200G/L BTX1 VIAL X 50 ML,ALBUMIN HUMAN,,,2803139002017,B05AA01,ΝΟΣΟΚΟΜΕΙΑΚΟ,"BAXALTA INNOVATIONS GMBH, AUSTRIA",2026-03-01,2026-03-31,shortage,Αυξημένη ζήτηση,"Εναλλακτικά άλλα σκευάσματα της ίδιας δραστικής, μορφής και περιεκτικότητας",2026-03-12T16:42:03.347998
GR,Greece,EOF,HUMAN ALBUMIN/BAXALTA SOL.INF 50G/L BTX1 VIAL X 500 ML,ALBUMIN HUMAN,,,2803139001034,B05AA01,ΝΟΣΟΚΟΜΕΙΑΚΟ,"BAXALTA INNOVATIONS GMBH, AUSTRIA",2026-03-01,2026-03-31,shortage,Αυξημένη ζήτηση,"Εναλλακτικά άλλα σκευάσματα της ίδιας δραστικής, μορφής και περιεκτικότητας",2026-03-12T16:42:03.347998
GR,Greece,EOF,ALBUMINE LFB SOL.INF 20% BTx1 VIALx100 ML,ALBUMIN HUMAN,,,2802587601025,B05AA01,ΝΟΣΟΚΟΜΕΙΑΚΟ,ΒΙΑΝΕΞ Α.Ε.,2026-02-25,2026-03-19,shortage,Καθυστέρηση παράδοσης,"Εναλλακτικά άλλα σκευάσματα της ίδιας δραστικής, μορφής και περιεκτικότητας",2026-03-12T16:42:03.347998
GR,Greece,EOF,"GELOFUSINE SOL.IV.INF 4%+0,701%+0,136% BTX10ECOFLAC ΤΩΝ 500ML",GELATIN AGENTS,,,2802334901033,B05AA06,ΝΟΣΟΚΟΜΕΙΑΚΟ,ΒΙΟΣΕΡ Α.Ε.,2026-05-11,2026-10-31,shortage,Προβλήματα στην παραγωγική διαδικασία,,2026-03-12T16:42:03.347998
GR,Greece,EOF,"BICAVERA 2,30% ΓΛΥΚΟΖΗ, 1,75MMOL/L ΑΣΒΕΣΤΙΟ SOL.PER.DI 2,30%ΣΕ ΓΛΥΚΟΖΗ BTX4 BAGSX2000 ML","SODIUM, BICARBONATE",,,2802539203024,B05DB,ΝΟΣΟΚΟΜΕΙΑΚΟ,"FRESENIUS MEDICAL CARE DEUTSCHLAND GMBH, GERMANY",2025-12-23,2026-03-31,shortage,Ποιοτικό πρόβλημα - Συσκευασία,Εναλλακτικά άλλο σκεύασμα της ίδιας κατηγορίας B05DB με τις ίδιες ενδείξεις,2026-03-12T16:42:03.347998
GR,Greece,EOF,"BICAVERA 4,25% ΓΛΥΚΟΖΗ, 1,75MMOL/L ΑΣΒΕΣΤΙΟ SOL.PER.DI 4,25% ΣΕ ΓΛΥΚΟΖΗ BTX4 BAGSX2000 ML","SODIUM, BICARBONATE",,,2802539202027,B05DB,ΝΟΣΟΚΟΜΕΙΑΚΟ,"FRESENIUS MEDICAL CARE DEUTSCHLAND GMBH, GERMANY",2026-02-01,2026-05-31,shortage,Ποιοτικό πρόβλημα - Συσκευασία,Εναλλακτικά άλλο σκεύασμα της ίδιας κατηγορίας B05DB με τις ίδιες ενδείξεις,2026-03-12T16:42:03.347998
GR,Greece,EOF,"BICAVERA 1,5% ΓΛΥΚΟΖΗ, 1,75MMOL/L ΑΣΒΕΣΤΙΟ SOL.PER.DI 1,5% ΣΕ ΓΛΥΚΟΖΗ BTX4 BAGSX2000 ML","SODIUM, BICARBONATE",,,2802539201020,B05DB,ΝΟΣΟΚΟΜΕΙΑΚΟ,"FRESENIUS MEDICAL CARE DEUTSCHLAND GMBH, GERMANY",2026-01-01,2026-03-31,shortage,Ποιοτικό πρόβλημα - Συσκευασία,Εναλλακτικά άλλο σκεύασμα της ίδιας κατηγορίας B05DB με τις ίδιες ενδείξεις,2026-03-12T16:42:03.347998
GR,Greece,EOF,BICAVERA 1.25MMOL/L CALCIUM SOL.PER.DI 1.5% ΣΕ ΓΛΥΚΌΖΗ BTX4 BAGS X 2000ML (STAY SAFE),"SODIUM, BICARBONATE",,,2803113001012,B05DB,ΝΟΣΟΚΟΜΕΙΑΚΟ,"FRESENIUS MEDICAL CARE DEUTSCHLAND GMBH, GERMANY",2025-12-31,2026-03-31,shortage,Ποιοτικό πρόβλημα - Συσκευασία,Εναλλακτικά άλλο σκεύασμα της ίδιας κατηγορίας B05DB με τις ίδιες ενδείξεις,2026-03-12T16:42:03.347998
GR,Greece,EOF,BICAVERA 1.25MMOL/L CALCIUM SOL.PER.DI 2.3% ΣΕ ΓΛΥΚΌΖΗ BTX4 BAGS X 2000ML (STAY SAFE),"SODIUM, BICARBONATE",,,2803113003016,B05DB,ΝΟΣΟΚΟΜΕΙΑΚΟ,"FRESENIUS MEDICAL CARE DEUTSCHLAND GMBH, GERMANY",2026-06-01,2026-09-30,shortage,Ποιοτικό πρόβλημα - Συσκευασία,Εναλλακτικά άλλο σκεύασμα της ίδιας κατηγορίας B05DB με τις ίδιες ενδείξεις,2026-03-12T16:42:03.347998
GR,Greece,EOF,SOLUVIT PD.SOL.INF  BTX10 VIALS X 10 ML & 10 ΠΛΑΣΤΙΚΈΣ ΘΗΚΕΣ ΓΙΑ ΤΗΝ ΠΡΟΣΤΑΣΊΑ ΤΟΥ ΑΝΑΣΥΣΤΑΘΈΝΤΟΣ ΔΙΑΛΎΜΑΤΟΣ ΑΠΌ ΤΟ ΦΩΣ,"RIBOFLAVINE-5-, PHOSPHATE,, SODIUM SALT",,,2800227901016,B05XC,ΦΑΡΜΑΚΕΙΟΥ,"FRESENIUS KABI HELLAS ΜΟΝΟΠΡΌΣΩΠΗ Α.Ε., ΕΛΛΑΔΑ",2026-01-19,2026-12-31,shortage,Προβλήματα στην παραγωγική διαδικασία,Εναλλακτικά όμοιο προϊόν μέσω έκτακτης εισαγωγής,2026-03-12T16:42:03.347998
GR,Greece,EOF,OXBRYTA F.C.TAB 500 MG/TAB BT X 1 ΦΙΑΛΗ (HDPE) X 90 ΔΙΣΚΙΑ,VOXELOTOR,,,2803343201015,B06AX03,ΦΑΡΜΑΚΕΙΟΥ,"PFIZER EUROPE MA EEIG, BELGIUM",2024-09-24,2026-04-30,shortage,Πρόβλημα ασφάλειας χρήσης φαρμάκου,Εναλλακτική αγωγή σύμφωνα με τις οδηγίες του θεράποντος ιατρού,2026-03-12T16:42:03.347998
GR,Greece,EOF,"ANAPEN INJ.SOL 150MCG/0,3ML PF.SYR BTX2PF.SYR.X0,3ML",EPINEPHRINE,,,2802660901028,C01CA24,ΦΑΡΜΑΚΕΙΟΥ,ALLERTEC HELLAS A.E.,2023-11-01,2026-04-30,shortage,Καθυστέρηση παράδοσης,Εναλλακτικά όμοιο προϊόν μέσω έκτακτης εισαγωγής,2026-03-12T16:42:03.347998
GR,Greece,EOF,"ANAPEN INJ.SOL 300MCG/0,3ML PF.SYR. BTX2PF.SYR.X0,3ML",EPINEPHRINE,,,2802660902025,C01CA24,ΦΑΡΜΑΚΕΙΟΥ,ALLERTEC HELLAS A.E.,2024-01-01,2026-04-30,shortage,Προβλήματα στην παραγωγική διαδικασία,Εναλλακτικά όμοιο προϊόν μέσω έκτακτης εισαγωγής,2026-03-12T16:42:03.347998
GR,Greece,EOF,LEVOSIMENDAN/WIN MEDICA C/S.SOL.IN 2.5MG/ML BT X 1 VIAL X 5ML,LEVOSIMENDAN,,,2803289801010,C01CX08,ΝΟΣΟΚΟΜΕΙΑΚΟ,"WIN MEDICA A.E., ΕΛΛΑΔΑ",2026-02-09,2026-03-31,shortage,Καθυστέρηση παράδοσης,"Εναλλακτικά άλλο σκεύασμα της ίδιας δραστικής, μορφής και περιεκτικότητας",2026-03-12T16:42:03.347998
GR,Greece,EOF,APREDONAV F.C.TAB 5MG/TAB BTx56 TABS (σε BLISTER PA/AL/PVC/Aluminium),"IVABRADINE, HYDROCHLORID, E",,,2803181201031,C01EB17,ΦΑΡΜΑΚΕΙΟΥ,MEDOCHEMIE HELLAS A.E.,2026-01-28,2026-04-10,shortage,Καθυστέρηση παράδοσης,"Εναλλακτικά άλλα σκευάσματα της ίδιας δραστικής, μορφής και περιεκτικότητας",2026-03-12T16:42:03.347998
GR,Greece,EOF,"CATAPRESAN TABLET 0,150MG/TAB BTX30 (BLIST 3X10) ΣΕ BLISTERS WHITE OPAQUE PVC/PVDC- ALU","CLONIDINE, HYDROCHLORID, E",,,2800219102032,C02AC01,ΦΑΡΜΑΚΕΙΟΥ,"GLENWOOD GESELLSCHAFT MIT BESCHRANKTER HAFTUNG PHARMAZEUTISCHE ERZEUGNISSE, GERMANY",2026-04-27,2026-12-31,shortage,Καθυστέρηση παράδοσης,,2026-03-12T16:42:03.347998
GR,Greece,EOF,VOLIBRIS F.C.TAB 10MG/TAB BT X 30 ΣΕ BLIST (PVC/PVDC/ALU),AMBRISENTAN,,,2802836302024,C02KX02,ΦΑΡΜΑΚΕΙΟΥ,"GLAXOSMITHKLINE (IRELAND) LIMITED, IRELAND",2026-01-30,2026-04-24,shortage,Προβλήματα στην παραγωγική διαδικασία,,2026-03-12T16:42:03.347998
GR,Greece,EOF,LASIX INJ.SOL 20MG/2ML AMP BTx5 AMPx2 ML,FUROSEMIDE,,,2800362805019,C03CA01,ΦΑΡΜΑΚΕΙΟΥ,SANOFI-AVENTIS,2026-04-01,2026-04-30,shortage,Καθυστέρηση έγκρισης τροποποίησης Ε.Ο.Φ.,"Εναλλακτικά άλλα σκευάσματα της ίδιας δραστικής, μορφής και περιεκτικότητας",2026-03-12T16:42:03.347998
GR,Greece,EOF,TOLVAPTAN/TEVA TABLET 15MG/TAB BT X 56: 4 BLISTERS PVC/ACLAR/PVC FORMING FOIL AND LIDDING ALU FOIL ΜΕ 7 Χ 15 MG ΚΑΙ 7 Χ 45 MG ΔΙΣΚΙΑ,TOLVAPTAN,,,2803311203119,C03XA01,ΦΑΡΜΑΚΕΙΟΥ,"TEVA B.V., THE NETHERLANDS",2025-12-22,2026-03-16,shortage,Καθυστέρηση παράδοσης,Εναλλακτικά μέσω έκτακτης εισαγωγής,2026-03-12T16:42:03.347998
GR,Greece,EOF,TOLVAPTAN/TEVA TABLET 60MG/TAB BT X 56: 4 BLISTERS PVC/ACLAR/PVC FORMING FOIL AND LIDDING ALU FOIL ΜΕ 7 Χ 30 MG ΚΑΙ 7 Χ 60 MG ΔΙΣΚΙΑ,TOLVAPTAN,,,2803311204116,C03XA01,ΦΑΡΜΑΚΕΙΟΥ,"TEVA B.V., THE NETHERLANDS",2026-02-18,2026-04-15,shortage,Καθυστέρηση παράδοσης,,2026-03-12T16:42:03.347998
GR,Greece,EOF,TOLVAPTAN/TEVA TABLET 30MG/TAB BT X 56: 4 BLISTERS PVC/ACLAR/PVC FORMING FOIL AND LIDDING ALU FOIL ΜΕ 7 Χ 30 MG ΚΑΙ 7 Χ 90 MG ΔΙΣΚΙΑ,TOLVAPTAN,,,2803311205113,C03XA01,ΦΑΡΜΑΚΕΙΟΥ,"TEVA B.V., THE NETHERLANDS",2025-10-30,2026-05-12,shortage,Καθυστέρηση παράδοσης,Εναλλακτικά μέσω έκτακτης εισαγωγής,2026-03-12T16:42:03.347998
GR,Greece,EOF,LOPRESOR F.C.TAB 100MG/TAB ΒΤΧ40(ΣΕBLISTERS),"METOPROLOL, TARTRATE",,,2801288702017,C07AB02,ΦΑΡΜΑΚΕΙΟΥ,RECORDATI HELLAS PHARMACEUTICALS A.E.,2026-02-17,2026-03-16,shortage,Καθυστέρηση παράδοσης,,2026-03-12T16:42:03.347998
GR,Greece,EOF,"METAZERO® XR PR.TAB 23,75MG/TAB BT X 30 TAB PVC/PE/PVDC-ΦΥΛΛΟ ΑΛΟΥΜΙΝΙΟΥ",METOPROLOL,,,2803268101049,C07AB02,ΦΑΡΜΑΚΕΙΟΥ,"KRKA D.D. NOVO MESTO, SLOVENIA",2025-12-05,2026-03-15,shortage,Αυξημένη ζήτηση,Εναλλακτικά το ίδιο φάρμακο σε διαφορετική περιεκτικότητα. Εναλλακτικά άλλο σκεύασμα της ίδιας δραστικής και μορφής,2026-03-12T16:42:03.347998
GR,Greece,EOF,PLENDIL PR.TAB 10MG/TAB ΒΤ X 28 (ΣΕ CALENDAR BLISTER),FELODIPINE,,,2801978901027,C08CA02,ΦΑΡΜΑΚΕΙΟΥ,"GLENWOOD GESELLSCHAFT MIT BESCHRANKTER HAFTUNG PHARMAZEUTISCHE ERZEUGNISSE, GERMANY",2026-05-12,2026-12-31,shortage,Καθυστέρηση παράδοσης,Εναλλακτικά άλλα σκευάσματα της ίδιας κατηγορίας C08CA - Παράγωγα διυδροπυριδίνης με τις ίδιες ενδείξεις,2026-03-12T16:42:03.347998
GR,Greece,EOF,PLENDIL PR.TAB 5MG/TAB ΒΤX 28 (ΣΕ CALENDAR BLISTER),FELODIPINE,,,2801978902024,C08CA02,ΦΑΡΜΑΚΕΙΟΥ,"GLENWOOD GESELLSCHAFT MIT BESCHRANKTER HAFTUNG PHARMAZEUTISCHE ERZEUGNISSE, GERMANY",2026-05-12,2026-12-31,shortage,Καθυστέρηση παράδοσης,Εναλλακτικά άλλα σκευάσματα της ίδιας κατηγορίας C08CA - Παράγωγα διυδροπυριδίνης με τις ίδιες ενδείξεις,2026-03-12T16:42:03.347998
GR,Greece,EOF,ISOPTIN F.C.TAB 120MG/TAB BTx20(BLIST2x10),"VERAPAMIL, HYDROCHLORID, E",,,2800501909011,C08DA01,ΦΑΡΜΑΚΕΙΟΥ,"VIATRIS HEALTHCARE LIMITED, IRELAND",2026-02-01,2026-03-20,shortage,Αυξημένη ζήτηση,Εναλλακτικά άλλα σκευάσματα της ίδιας κατηγορίας C08D - Εκλεκτικοί Αποκλειστές Διαύλων Ασβεστίου με Άμεση Δράση στην Καρδιά με τις ίδιες ενδείξεις,2026-03-12T16:42:03.347998
GR,Greece,EOF,"ZESTORETIC TABLET (20+12,5)MG/TAB BTX14(BLIST1X14)","LISINOPRIL ,, HYDROCHLOROT, HIAZIDE",,,2802027801015,C09BA03,ΦΑΡΜΑΚΕΙΟΥ,"ATNAHS PHARMA NETHERLANDS B.V., THE NETHERLANDS",2025-11-26,2026-05-14,shortage,Καθυστέρηση παράδοσης,Εναλλακτικά άλλα σκευάσματα της ίδιας κατηγορίας C09BA - Αναστολείς του μετατρεπτικού ενζύμου της αγγειοτασίνης σε συνδυασμό με διουρητικά με τις ίδιες ενδείξεις. Εναλλακτικά διαφορετικά προϊόντα για κάθε μία από τις δραστικές ουσίες.,2026-03-12T16:42:03.347998
GR,Greece,EOF,VALSARETA® F.C.TAB 40MG/TAB BT x 28 (σε BLISTERS PVC/PE/PVDC/Al foil),VALSARTAN,,,2803239401031,C09CA03,ΦΑΡΜΑΚΕΙΟΥ,"KRKA D.D. NOVO MESTO, SLOVENIA",2026-02-19,2026-03-31,shortage,Αυξημένη ζήτηση,"Εναλλακτικά άλλα σκευάσματα της ίδιας δραστικής, μορφής και περιεκτικότητας",2026-03-12T16:42:03.347998
GR,Greece,EOF,FYRONEXE TABLET 16MG/TAB BTx30 δισκία σε κυψέλες (blisters) από AL/AL,"CANDESARTAN, CILEXETIL",,,2802776303051,C09CA06,ΦΑΡΜΑΚΕΙΟΥ,"SANDOZ GMBH, KUNDL, AUSTRIA",2026-01-26,2026-03-20,shortage,Αυξημένη ζήτηση,"Εναλλακτικά άλλο σκεύασμα της ίδιας δραστικής, μορφής και περιεκτικότητας",2026-03-12T16:42:03.347998
GR,Greece,EOF,OLMESARTAN+HCTZ/SANDOZ F.C.TAB (20+25)MG/TAB BTX30 TABS (BLISTER PVC/PVDC/AL),"OLMESARTAN,, HYDROCHLOROT, HIAZIDE",,,2803072602121,C09DA08,ΦΑΡΜΑΚΕΙΟΥ,"SANDOZ PHARMACEUTICALS D.D. (ABBR. SANDOZ D.D.), SLOVENIA",2025-09-03,2026-03-31,shortage,Καθυστέρηση παράδοσης,"Εναλλακτικά άλλα σκευάσματα των ίδιων δραστικών, της ίδιας μορφής και ίδιων περιεκτικοτήτων",2026-03-12T16:42:03.347998
GR,Greece,EOF,OLMESARTAN+HCTZ/SANDOZ F.C.TAB (40+12.5)MG/TAB BTX30 TABS (BLISTER PVC/PVDC/AL),"OLMESARTAN,, HYDROCHLOROT, HIAZIDE",,,2803072603128,C09DA08,ΦΑΡΜΑΚΕΙΟΥ,"SANDOZ PHARMACEUTICALS D.D. (ABBR. SANDOZ D.D.), SLOVENIA",2025-09-03,2026-03-31,shortage,Καθυστέρηση παράδοσης,"Εναλλακτικά άλλα σκευάσματα των ίδιων δραστικών, της ίδιας μορφής και ίδιων περιεκτικοτήτων",2026-03-12T16:42:03.347998
GR,Greece,EOF,COMPRELAN® F.C.TAB (20+5)MG/TAB BT X 28 TABS ΣΕ BLISTER (OPA/AL/PVC-AL),"OLMESARTAN,, AMLODIPINE",,,2803218401021,C09DB02,ΦΑΡΜΑΚΕΙΟΥ,RAFARM A.E.B.E.,2026-01-07,2026-03-20,shortage,Καθυστέρηση παράδοσης,"Εναλλακτικά άλλα σκευάσματα των ίδιων δραστικών, της ίδιας μορφής και ίδιων περιεκτικοτήτων",2026-03-12T16:42:03.347998
GR,Greece,EOF,COMPRELAN® F.C.TAB (40+10)MG/TAB BT X 28 TABS ΣΕ BLISTER (OPA/AL/PVC-AL),"OLMESARTAN,, AMLODIPINE",,,2803218403025,C09DB02,ΦΑΡΜΑΚΕΙΟΥ,RAFARM A.E.B.E.,2025-11-05,2026-03-20,shortage,Καθυστέρηση παράδοσης,"Εναλλακτικά άλλα σκευάσματα των ίδιων δραστικών, της ίδιας μορφής και ίδιων περιεκτικοτήτων",2026-03-12T16:42:03.347998
GR,Greece,EOF,OLMEDIPIN F.C.TAB (40+5)MG/TAB 1 BTx28 TABS σε BLISTER PVC/Alu/OPA-Alu,"OLMESARTAN,, AMLODIPINE",,,2803152502020,C09DB02,ΦΑΡΜΑΚΕΙΟΥ,"VIATRIS LIMITED, IRELAND",2026-03-02,2026-03-31,shortage,Καθυστέρηση παράδοσης,"Εναλλακτικά άλλα σκευάσματα των ίδιων δραστικών, της ίδιας μορφής και ίδιων περιεκτικοτήτων",2026-03-12T16:42:03.355582
GR,Greece,EOF,NELIBAT F.C.TAB 40MG/TAB BTX30 (BLIST 3X10),ATORVASTATIN,,,2802964203033,C10AA05,ΦΑΡΜΑΚΕΙΟΥ,LIBYTEC ΦΑΡΜΑΚΕΥΤΙΚΗ Α.Ε. Δ.Τ. LIBYTEC A.E.,2025-12-22,2026-04-01,shortage,Καθυστέρηση παράδοσης,"Εναλλακτικά άλλα σκευάσματα της ίδιας δραστικής, μορφής και περιεκτικότητας",2026-03-12T16:42:03.355582
GR,Greece,EOF,ROSUVASTATIN/MYLAN F.C.TAB 10MG/TAB BTx28 (Polyamide/Al/LDPE DESICCANT-HDPE/Al/ blister),"ROSUVASTATIN, CALCIUM",,,2803112002034,C10AA07,ΦΑΡΜΑΚΕΙΟΥ,"MYLAN PHARMACEUTICALS LIMITED, IRELAND",2026-04-01,2026-07-31,shortage,Καθυστέρηση παράδοσης,"Εναλλακτικά άλλα σκευάσματα της ίδιας δραστικής, μορφής και περιεκτικότητας",2026-03-12T16:42:03.355582
GR,Greece,EOF,ROSUVASTATIN/MYLAN F.C.TAB 40MG/TAB BTx28 (Polyamide/Al/LDPE DESICCANT-HDPE/Al/ blister),"ROSUVASTATIN, CALCIUM",,,2803112004038,C10AA07,ΦΑΡΜΑΚΕΙΟΥ,"MYLAN PHARMACEUTICALS LIMITED, IRELAND",2026-04-01,2026-07-31,shortage,Καθυστέρηση παράδοσης,"Εναλλακτικά άλλα σκευάσματα της ίδιας δραστικής, μορφής και περιεκτικότητας",2026-03-12T16:42:03.355582
GR,Greece,EOF,ROSUVASTATIN/MYLAN F.C.TAB 5MG/TAB BTX28 (POLYAMIDE/AL/LDPE DESICCANT-HDPE/AL/ BLISTER),ROSUVASTATIN,,,2803112001037,C10AA07,ΦΑΡΜΑΚΕΙΟΥ,"MYLAN PHARMACEUTICALS LIMITED, IRELAND",2025-12-12,2026-07-31,shortage,Καθυστέρηση παράδοσης,"Εναλλακτικά άλλα σκευάσματα της ίδιας δραστικής, μορφής και περιεκτικότητας",2026-03-12T16:42:03.355582
GR,Greece,EOF,EZETIMIBE+SIMVASTATIN/MYLAN TABLET (10+10)MG/TAB BTX(28 X 1) TABS ΣΕ BLISTER (UNIT DOSE),"SIMVASTATIN,, EZETIMIBE",,,2803076101064,C10BA02,ΦΑΡΜΑΚΕΙΟΥ,"MYLAN PHARMACEUTICALS LIMITED, IRELAND",2026-01-30,2026-06-30,shortage,Καθυστέρηση παράδοσης,"Εναλλακτικά άλλα σκευάσματα των ίδιων δραστικών, της ίδιας μορφής και ίδιων περιεκτικοτήτων",2026-03-12T16:42:03.355582
GR,Greece,EOF,SIMVEZOR TABLET (10+20)MG/TAB BTX30 TABS ΣΕ BLISTER (AL-OPA/AL),"SIMVASTATIN,, EZETIMIBE",,,2803186202057,C10BA02,ΦΑΡΜΑΚΕΙΟΥ,VOCATE ΦΑΡΜΑΚΕΥΤΙΚΗ Α.Ε.,2025-10-01,2026-06-30,shortage,Προβλήματα στην παραγωγική διαδικασία,"Εναλλακτικά άλλα σκευάσματα των ίδιων δραστικών, της ίδιας μορφής και ίδιων περιεκτικοτήτων",2026-03-12T16:42:03.355582
GR,Greece,EOF,EZETIMIBE+SIMVASTATIN/MYLAN TABLET (10+20)MG/TAB BTX(28 X 1) TABS  ( PVC/PVDC- ALU BLISTER-UNIT DOSE),"SIMVASTATIN,, EZETIMIBE",,,2803076102078,C10BA02,ΦΑΡΜΑΚΕΙΟΥ,"MYLAN PHARMACEUTICALS LIMITED, IRELAND",2026-02-23,2026-06-30,shortage,Καθυστέρηση παράδοσης,"Εναλλακτικά άλλα σκευάσματα των ίδιων δραστικών, της ίδιας μορφής και ίδιων περιεκτικοτήτων",2026-03-12T16:42:03.355582
GR,Greece,EOF,SIMVEZOR TAB (10+10)MG/TAB BTX30 TABS ΣΕ BLISTER (AL-OPA/AL),"SIMVASTATIN,, EZETIMIBE",,,2803186201050,C10BA02,ΦΑΡΜΑΚΕΙΟΥ,VOCATE ΦΑΡΜΑΚΕΥΤΙΚΗ Α.Ε.,2025-05-15,2026-06-30,shortage,Καθυστέρηση παράδοσης,"Εναλλακτικά άλλα σκευάσματα της ίδιας δραστικής, μορφής και περιεκτικότητας",2026-03-12T16:42:03.355582
GR,Greece,EOF,PEVARYL CREAM 1% W/W BTx30G,"ECONAZOLE, NITRATE",,,2800599806018,D01AC03,ΦΑΡΜΑΚΕΙΟΥ,"KARO HEALTHCARE AB, SWEDEN",2026-05-11,2026-12-31,shortage,Καθυστέρηση παράδοσης,Εναλλακτικά άλλα σκευάσματα της ίδιας κατηγορίας D01AC με τις ίδιες ενδείξεις,2026-03-12T16:42:03.355582
GR,Greece,EOF,FUNGORAL CREAM 2% TUBX30 G,KETOCONAZOLE,,,2801850902012,D01AC08,ΦΑΡΜΑΚΕΙΟΥ,"KARO HEALTHCARE AB, SWEDEN",2025-12-15,2026-12-31,shortage,Καθυστέρηση παράδοσης,Εναλλακτικά άλλα σκευάσματα της ίδιας κατηγορίας D01AC - Παράγωγα ιμιδαζολίου και τριαζολίου με τις ίδιες ενδείξεις,2026-03-12T16:42:03.355582
GR,Greece,EOF,TOPIDERM CREAM 1% W/W TUBX30G,FLUTRIMAZOLE,,,2802340901010,D01AC16,ΦΑΡΜΑΚΕΙΟΥ,GALENICA ΑΕ,2025-12-16,2026-04-30,shortage,Καθυστέρηση παράδοσης,Εναλλακτικά άλλα σκευάσματα της ίδιας κατηγορίας D01AC με τις ίδιες ενδείξεις,2026-03-12T16:42:03.355582
GR,Greece,EOF,TOPIDERM CUT.SOL 1% W/V FL X 30 ML,FLUTRIMAZOLE,,,2802340902017,D01AC16,ΦΑΡΜΑΚΕΙΟΥ,GALENICA ΑΕ,2025-12-16,2026-04-30,shortage,Προβλήματα στην παραγωγική διαδικασία,Εναλλακτικά άλλα σκευάσματα της ίδιας κατηγορίας D01AC με τις ίδιες ενδείξεις,2026-03-12T16:42:03.355582
GR,Greece,EOF,FUSIDIC ACID/PROMOPHARMA CREAM 2% TUBX15G,FUSIDIC ACID,,,2803182901015,D06AX01,ΦΑΡΜΑΚΕΙΟΥ,PROMOPHARMA A.E./PROMOPHARMA S.A.,2025-01-28,2027-01-28,shortage,Καθυστέρηση παράδοσης,"Εναλλακτικά άλλα σκευάσματα της ίδιας δραστικής, μορφής και περιεκτικότητας",2026-03-12T16:42:03.355582
GR,Greece,EOF,"PULVO-47 CUT.SP.PD (10811 UC+2,23MG)/G FLx148G","NEOMYCIN, SULFATE",,,2801313001023,D06AX04,ΜΗΣΥΦΑ,"COOPER CONSUMER HEALTH B.V., NETHERLANDS",2026-02-20,2026-07-31,shortage,Καθυστέρηση παράδοσης,Εναλλακτικά άλλο σκεύασμα της ίδιας δραστικής και μορφής,2026-03-12T16:42:03.355582
GR,Greece,EOF,SYLFIO CREAM 1% W/W BOTTLE (ΠΛΑΣΤ.) X500G,"SULFADIAZINE, SILVER",,,2802611001012,D06BA01,ΦΑΡΜΑΚΕΙΟΥ,"ZWITTER PHARMACEUTICALS ΕΠΕ, GREECE",2025-09-10,2026-03-27,shortage,Καθυστέρηση παράδοσης,,2026-03-12T16:42:03.355582
GR,Greece,EOF,"ROBAZ GEL.EXT.US 0,75% W/W TUB X 30 G",METRONIDAZOLE,,,2802013801012,D06BX01,ΦΑΡΜΑΚΕΙΟΥ,"GALDERMA INTERNATIONAL, FRANCE",2024-05-13,2026-12-31,shortage,Καθυστέρηση παράδοσης,"Εναλλακτικά άλλο σκεύασμα της ίδιας δραστικής, μορφής και περιεκτικότητας",2026-03-12T16:42:03.356598
GR,Greece,EOF,INDOXYL GEL.EXT.US (1+3)% W/W 1 TUB X 30G (ΣΩΛΗΝΆΡΙΟ LLDPE),"CLINDAMYCIN,, BENZOYL, PEROXIDE",,,2802691402013,D10AF51,ΦΑΡΜΑΚΕΙΟΥ,GLAXOSMITHKLINE ΜΟΝΟΠΡΟΣΩΠΗ Α.Ε.Β.Ε.,2022-11-10,2026-12-31,shortage,Προβλήματα στην παραγωγική διαδικασία,"Εναλλακτικά το ίδιο φάρμακο σε διαφορετική περιεκτικότητα. Εναλλακτικά άλλα σκευάσματα της ίδιας κατηγορίας - D10AF Αντιμικροβιακά για τη θεραπεία της Ακμής, με τις ίδιες ενδείξεις.",2026-03-12T16:42:03.356598
GR,Greece,EOF,DALACIN C VAG.CR 2% (W/W) TUB X 40G (7 ΔΟΣΟΜΕΤΡΙΚΟΊ ΕΦΑΡΜΟΣΤΈΣ),"CLINDAMYCIN, PHOSPHATE",,,2800235408019,G01AA10,ΦΑΡΜΑΚΕΙΟΥ,PFIZER ΕΛΛΑΣ Α.Ε.,2026-03-05,2026-06-30,shortage,Καθυστέρηση παράδοσης,"Εναλλακτικά άλλα σκευάσματα της ίδιας δραστικής, μορφής και περιεκτικότητας",2026-03-12T16:42:03.356598
GR,Greece,EOF,PROSTIN E2 VAG.TAB 3MG/TAB ΒΤX4,DINOPROSTONE,,,2801839901012,G02AD02,ΝΟΣΟΚΟΜΕΙΑΚΟ,PFIZER ΕΛΛΑΣ Α.Ε.,2025-12-15,2026-08-31,shortage,Καθυστέρηση παράδοσης,Εναλλακτικά μέσω έκτακτης εισαγωγής,2026-03-12T16:42:03.356598
GR,Greece,EOF,MERIOFERT PS.INJ.SOL 150 IU 10 ΣΕΤ (10 VIALS + 10 PF.SYR x 1ML SOLV +2 ΒΕΛΟΝΕΣ),MENOTROPHIN,,,2803064902031,G03GA02,ΦΑΡΜΑΚΕΙΟΥ,"IBSA FARMACEUTICI ITALIA SRL, ITALY",2026-03-16,2026-05-18,shortage,Καθυστέρηση παράδοσης,Εναλλακτικά το ίδιο φάρμακο σε διαφορετική περιεκτικότητα,2026-03-12T16:42:03.356598
GR,Greece,EOF,TOLDESOR PR.CAP 2MG/CAP BTX28 (ΣΕ PVC/PE/PVDC-ALU BLISTERS),"TOLTERODINE L-, TARTRATE",,,2802968701023,G04BD07,ΦΑΡΜΑΚΕΙΟΥ,RAFARM A.E.B.E.,2025-12-22,2026-03-13,shortage,Καθυστέρηση παράδοσης,"Εναλλακτικά άλλα σκευάσματα της ίδιας δραστικής, μορφής και περιεκτικότητας",2026-03-12T16:42:03.356598
GR,Greece,EOF,VITAROS CREAM 3MG/G BTx4 (1 SACHET x1 APPLICATOR AccuDose ® x 100mg),ALPROSTADIL,,,2803086002016,G04BE01,ΦΑΡΜΑΚΕΙΟΥ,"RECORDATI IRELAND LTD, IRELAND",2026-02-11,2026-03-15,shortage,Καθυστέρηση παράδοσης,Εναλλακτικά άλλο σκεύασμα της ίδιας δραστικής διαφορετικής μορφής,2026-03-12T16:42:03.356598
GR,Greece,EOF,REVATIO PD.ORA.SUS 10MG/ML FLx112ML,"SILDENAFIL, CITRATE",,,2802704603017,G04BE03,ΦΑΡΜΑΚΕΙΟΥ,"UPJOHN EESV, NETHERLANDS",2026-02-11,2026-07-15,shortage,Καθυστέρηση παράδοσης,Εναλλακτικά το ίδιο φάρμακο σε διαφορετική μορφή,2026-03-12T16:42:03.356598
GR,Greece,EOF,PROHYPE F.C.TAB 5MG/TAB BT X 30 (BLIST 2X15),FINASTERIDE,,,2802697501055,G04CB01,ΦΑΡΜΑΚΕΙΟΥ,"PHARMATHEN INVESTMENTS GROUP LIMITED, CYPRUS",2025-12-10,2026-03-30,shortage,Καθυστέρηση παράδοσης,"Εναλλακτικά άλλα σκευάσματα της ίδιας δραστικής, μορφής και περιεκτικότητας",2026-03-12T16:42:03.356598
GR,Greece,EOF,NATPAR PS.INJ.SOL 100MCG/ΔΌΣΗ 2 ΦΥΣΊΓΓΙΑ - ΓΥΆΛΙΝΟ (ΔΙΠΛΟΎ ΘΑΛΆΜΟΥ),"RECOMBINANT, HUMAN, PARATHYROID, HORMONE",,,2803168404011,H05AA03,ΦΑΡΜΑΚΕΙΟΥ,"TAKEDA PHARMACEUTICALS INTERNATIONAL AG IRELAND BRANCH, IRELAND",2025-07-14,2026-06-30,shortage,Προβλήματα στην παραγωγική διαδικασία,Εναλλακτικά το ίδιο φάρμακο σε διαφορετική περιεκτικότητα,2026-03-12T16:42:03.356598
GR,Greece,EOF,CINACALCET/ PHARMAZAC F.C.TAB 30MG/TAB BTX28 TABS ΣΕ BLISTER (PVC/PE/PVDC/AL),CINACALCET,,,2803199301020,H05BX01,ΦΑΡΜΑΚΕΙΟΥ,PHARMAZAC AE,2025-11-03,2026-07-06,shortage,Καθυστέρηση παράδοσης,"Εναλλακτικά άλλα σκευάσματα της ίδιας δραστικής, μορφής και περιεκτικότητας",2026-03-12T16:42:03.356598
GR,Greece,EOF,CINACALCET/ PHARMAZAC F.C.TAB 60MG/TAB BTX28 TABS ΣΕ BLISTER (PVC/PE/PVDC/AL),CINACALCET,,,2803199302027,H05BX01,ΦΑΡΜΑΚΕΙΟΥ,PHARMAZAC AE,2025-11-17,2026-07-06,shortage,Αυξημένη ζήτηση,"Εναλλακτικά άλλα σκευάσματα της ίδιας δραστικής, μορφής και περιεκτικότητας",2026-03-12T16:42:03.356598
GR,Greece,EOF,CINACALCET/ PHARMAZAC F.C.TAB 90MG/TAB BTX28 TABS ΣΕ BLISTER (PVC/PE/PVDC/AL),CINACALCET,,,2803199303024,H05BX01,ΦΑΡΜΑΚΕΙΟΥ,PHARMAZAC AE,2025-09-15,2026-07-06,shortage,Αυξημένη ζήτηση,"Εναλλακτικά άλλα σκευάσματα της ίδιας δραστικής, μορφής και περιεκτικότητας",2026-03-12T16:42:03.356598
GR,Greece,EOF,CINACALCET/FARAN F.C.TAB 30MG/TAB BTX28 (PVC/PE/PVDC/ALU TRANSPARENT BLISTER),CINACALCET,,,2803180101028,H05BX01,ΦΑΡΜΑΚΕΙΟΥ,ΦΑΡΑΝ Α.Β.Ε.Ε.,2025-09-09,2026-03-31,shortage,Καθυστέρηση παράδοσης,"Εναλλακτικά άλλα σκευάσματα της ίδιας δραστικής, μορφής και περιεκτικότητας",2026-03-12T16:42:03.356598
GR,Greece,EOF,CINACALCET/TEVA F.C.TAB 30MG/TAB BTX28 TABS (ΣΕ BLISTER PVC/ACLAR/PVC-ALU),CINACALCET,,,2803094001032,H05BX01,ΦΑΡΜΑΚΕΙΟΥ,"TEVA B.V., THE NETHERLANDS",2025-09-12,2026-04-15,shortage,Καθυστέρηση παράδοσης,"Εναλλακτικά άλλα σκευάσματα της ίδιας δραστικής, μορφής και περιεκτικότητας",2026-03-12T16:42:03.356598
GR,Greece,EOF,CINACALCET/TEVA F.C.TAB 60MG/TAB BTX28 TABS (ΣΕ BLISTER PVC/ACLAR/PVC-ALU),CINACALCET,,,2803094002039,H05BX01,ΦΑΡΜΑΚΕΙΟΥ,"TEVA B.V., THE NETHERLANDS",2025-07-03,2026-04-15,shortage,Καθυστέρηση παράδοσης,"Εναλλακτικά άλλα σκευάσματα της ίδιας δραστικής, μορφής και περιεκτικότητας",2026-03-12T16:42:03.356598
GR,Greece,EOF,CINACALCET/TEVA F.C.TAB 90MG/TAB BTX28 TABS (ΣΕ BLISTER PVC/ACLAR/PVC-ALU),CINACALCET,,,2803094003036,H05BX01,ΦΑΡΜΑΚΕΙΟΥ,"TEVA B.V., THE NETHERLANDS",2025-11-17,2026-04-15,shortage,Καθυστέρηση παράδοσης,"Εναλλακτικά άλλα σκευάσματα της ίδιας δραστικής, μορφής και περιεκτικότητας",2026-03-12T16:42:03.357595
GR,Greece,EOF,MEFOXIL PD.INJ.SOL 2G/VIAL BT X 1 VIAL,CEFOXITIN,,,2801545102017,J01DC01,ΦΑΡΜΑΚΕΙΟΥ,ΒΙΑΝΕΞ Α.Ε.,2025-02-06,2026-05-07,shortage,Καθυστέρηση παράδοσης,Εναλλακτικά το ίδιο φάρμακο σε διαφορετική περιεκτικότητα,2026-03-12T16:42:03.357595
GR,Greece,EOF,ZINACEF PD.I.SO.SU 750MG/VIAL BTx1 VIAL,"CEFUROXIME, SODIUM",,,2801669602011,J01DC02,ΦΑΡΜΑΚΕΙΟΥ,"SANDOZ PHARMACEUTICALS D.D. (ABBR. SANDOZ D.D.), SLOVENIA",2026-02-25,2026-03-16,shortage,Καθυστέρηση παράδοσης,"Εναλλακτικά άλλα σκευάσματα της ίδιας δραστικής, μορφής και περιεκτικότητας",2026-03-12T16:42:03.357595
GR,Greece,EOF,ZINADOL F.C.TAB 250MG/TAB ΒΤΧ12 (BLIST 2X6),"CEFUROXIME, AXETIL",,,2801965002058,J01DC02,ΦΑΡΜΑΚΕΙΟΥ,"SANDOZ PHARMACEUTICALS D.D. (ABBR. SANDOZ D.D.), SLOVENIA",2026-02-25,2026-03-31,shortage,Καθυστέρηση παράδοσης,Εναλλακτικά το ίδιο φάρμακο σε διαφορετική περιεκτικότητα,2026-03-12T16:42:03.357595
GR,Greece,EOF,PROCEF PD.ORA.SUS 250MG/5ML FLX60ML,"CEFPROZIL, MONOHYDRATE",,,2802099103017,J01DC10,ΦΑΡΜΑΚΕΙΟΥ,"BAUSCH HEALTH IRELAND LIMITED, IRELAND",2026-08-17,2027-08-31,shortage,Καθυστέρηση παράδοσης,"Εναλλακτικά άλλα σκευάσματα της ίδιας δραστικής, μορφής και περιεκτικότητας",2026-03-12T16:42:03.357595
GR,Greece,EOF,CARBENEM PD.I.S.INF 500MG/VIAL BTX10,MEROPENEM,,,2802800301015,J01DH02,ΦΑΡΜΑΚΕΙΟΥ,ΚΟΠΕΡ Α.Ε.,2025-10-24,2026-03-31,shortage,Καθυστέρηση παράδοσης,"Εναλλακτικά άλλα σκευάσματα της ίδιας δραστικής, μορφής και περιεκτικότητας",2026-03-12T16:42:03.357595
GR,Greece,EOF,DALACIN C INJ.SOL 600MG/4ML AMP BTx1AMPx4ML,"CLINDAMYCIN, PHOSPHATE",,,2800235404011,J01FF01,ΦΑΡΜΑΚΕΙΟΥ,PFIZER ΕΛΛΑΣ Α.Ε.,2026-02-13,2026-03-13,shortage,Αυξημένη ζήτηση,"Εναλλακτικά άλλα σκευάσματα της ίδιας δραστικής, μορφής και περιεκτικότητας",2026-03-12T16:42:03.357595
GR,Greece,EOF,TOBI INH.SOL.N 300MG/5ML BTX 56 AMPSX 5 ML,TOBRAMYCIN,,,2802489501010,J01GB01,ΦΑΡΜΑΚΕΙΟΥ,"VIATRIS HEALTHCARE LIMITED, IRELAND",2026-05-01,2026-09-30,shortage,Καθυστέρηση παράδοσης,"Εναλλακτικά άλλο σκεύασμα της ίδιας δραστικής, μορφής και περιεκτικότητας",2026-03-12T16:42:03.357595
GR,Greece,EOF,OCTORET® INJ.SO.INF 160MG/2ML BTX5 ΦΎΣΙΓΓΕΣ X 2 ML,GENTAMICIN,,,2803206603017,J01GB03,ΦΑΡΜΑΚΕΙΟΥ,DEMO ABEE,2025-10-16,2026-03-31,shortage,Προβλήματα στην παραγωγική διαδικασία,Εναλλακτικά το ίδιο φάρμακο σε διαφορετική περιεκτικότητα,2026-03-12T16:42:03.357595
GR,Greece,EOF,OCTORET® INJ.SO.INF 40MG/2ML BTx5 φύσιγγες x 2 ML,"GENTAMICIN, SULFATE",,,2803206601013,J01GB03,ΦΑΡΜΑΚΕΙΟΥ,DEMO ABEE,2026-05-01,2026-07-31,shortage,Αυξημένη ζήτηση,,2026-03-12T16:42:03.357595
GR,Greece,EOF,COLISTIN/NORMA PD.I.S.INF 2.000.000IU/VIAL BTX 1VIAL,"COLISTIMETHAN, E SODIUM",,,2801871704015,J01XB01,ΦΑΡΜΑΚΕΙΟΥ,ΝΟΡΜΑ ΕΛΛΑΣ Α.Ε.,2025-07-31,2026-07-31,shortage,Καθυστέρηση παράδοσης,Εναλλακτικά άλλα σκευάσματα της ίδιας δραστικής και μορφής σε διαφορετική περιεκτικότητα,2026-03-12T16:42:03.357595
GR,Greece,EOF,COLISTIMETHATE SODIUM/ARITI PD.I.S.INF 2000000 IU/VIAL BT X 10 VIALS X 10 ML,"COLISTIMETHATE, SODIUM",,,2803269702016,J01XB01,ΦΑΡΜΑΚΕΙΟΥ,ΑΡΗΤΗ A.E.,2026-02-25,2026-08-10,shortage,Καθυστέρηση παράδοσης,"Εναλλακτικά άλλα σκευάσματα της ίδιας δραστικής, μορφής και περιεκτικότητας",2026-03-12T16:42:03.357595
GR,Greece,EOF,ISOFLON ORAL.SOL 10MG/ML FL  x 150 ML,ITRACONAZOLE,,,2802591901012,J02AC02,ΦΑΡΜΑΚΕΙΟΥ,ΑΔΗΦΑΡΜ Μ.Ε.Π.Ε.,2026-02-10,2026-06-30,shortage,Ποιοτικό πρόβλημα - Συσκευασία,"Εναλλακτικά άλλα σκευάσματα της ίδιας δραστικής, μορφής και περιεκτικότητας",2026-03-12T16:42:03.357595
GR,Greece,EOF,VORICONAZOLE/TEVA F.C.TAB 200MG/TAB BTX14 (PVC/AL BLISTER),VORICONAZOLE,,,2803022202036,J02AC03,ΦΑΡΜΑΚΕΙΟΥ,"TEVA PHARMA B.V., HAARLEM, THE NETHERLANDS",2025-07-31,2026-04-06,shortage,Καθυστέρηση παράδοσης,"Εναλλακτικά άλλα σκευάσματα της ίδιας δραστικής, μορφής και περιεκτικότητας",2026-03-12T16:42:03.357595
GR,Greece,EOF,POSACONAZOLE ACCORD GR.TAB 100MG/TAB 24X1 ΔΙΣΚΊΑ (ΜΟΝΆΔΑ ΔΌΣΗΣ) ΣΕ BLISTERS PVC/PE/PVDC/ΑΛΟΥΜΙΝΊΟΥ,POSACONAZOLE,,,2803223901028,J02AC04,ΦΑΡΜΑΚΕΙΟΥ,"ACCORD HEALTHCARE S.L.U., SPAIN",2026-01-30,2026-03-31,shortage,Καθυστέρηση παράδοσης,"Εναλλακτικά άλλα σκευάσματα της ίδιας δραστικής, μορφής και περιεκτικότητας",2026-03-12T16:42:03.357595
GR,Greece,EOF,VALOMED F.C.TAB 1000MG/TAB BTX21 TABS,VALACICLOVIR,,,2802911002016,J05AB11,ΦΑΡΜΑΚΕΙΟΥ,"TARGET PHARMA ΜΟΝΟΠΡΟΣΩΠΗ ΕΠΕ, ΕΛΛΑΔΑ",2024-04-10,2026-06-30,shortage,Προβλήματα στην παραγωγική διαδικασία,"Εναλλακτικά άλλο σκεύασμα της ίδιας δραστικής, μορφής και περιεκτικότητας",2026-03-12T16:42:03.357595
GR,Greece,EOF,VALOMED F.C.TAB 500MG/TAB BTX10 TABS,VALACICLOVIR,,,2802911001019,J05AB11,ΦΑΡΜΑΚΕΙΟΥ,"TARGET PHARMA ΜΟΝΟΠΡΟΣΩΠΗ ΕΠΕ, ΕΛΛΑΔΑ",2024-04-10,2026-06-30,shortage,Προβλήματα στην παραγωγική διαδικασία,"Εναλλακτικά άλλο σκεύασμα της ίδιας δραστικής, μορφής και περιεκτικότητας",2026-03-12T16:42:03.358594
GR,Greece,EOF,VALOMED F.C.TAB 500MG/TAB BTX42 TABS,VALACICLOVIR,,,2802911001026,J05AB11,ΦΑΡΜΑΚΕΙΟΥ,"TARGET PHARMA ΜΟΝΟΠΡΟΣΩΠΗ ΕΠΕ, ΕΛΛΑΔΑ",2024-04-10,2026-06-30,shortage,Προβλήματα στην παραγωγική διαδικασία,"Εναλλακτικά άλλο σκεύασμα της ίδιας δραστικής, μορφής και περιεκτικότητας",2026-03-12T16:42:03.358594
GR,Greece,EOF,TAMIFLU CAPS 45MG/CAP BTx10 σε BLISTERS (PVC/PE/PVDC/ALU),OSELTAMIVIR,,,2802575704011,J05AH02,ΦΑΡΜΑΚΕΙΟΥ,"ROCHE REGISTRATION GMBH, GERMANY",2026-02-05,2026-03-31,shortage,Αυξημένη ζήτηση,Εναλλακτικά το ίδιο φάρμακο σε διαφορετική περιεκτικότητα ή μορφή,2026-03-12T16:42:03.358594
GR,Greece,EOF,EFAVIRENZ/EMTRICITABINE/TENOFOVIR DISOPROXIL MYLAN F.C.TAB (600+200+245)MG/TAB ΒΤ X 1 BOTTLE (HDPE) X 30 TABS,"EMTRICITABINE,, TENOFOVIR,, EFAVIRENZ",,,2803174801019,J05AR06,ΦΑΡΜΑΚΕΙΟΥ,"MYLAN PHARMACEUTICALS LIMITED, IRELAND",2024-07-10,2026-04-30,shortage,Καθυστέρηση παράδοσης,"Εναλλακτικά άλλο σκεύασμα της ίδιας δραστικής, μορφής και περιεκτικότητας. Εναλλακτικά άλλα σκευάσματα της ίδιας κατηγορίας J05AR -Αντι-ιικά για τη θεραπεία λοιμώξεων από HIV, συνδυασμοί με τις ίδιες ενδείξεις",2026-03-12T16:42:03.358594
GR,Greece,EOF,IQYMUNE SOL.INF 100MG/ML BTX1 VIAL X 100ML,"IMMUNOGLOBULI, N HUMAN, NORMAL",,,2803090201030,J06BA02,ΝΟΣΟΚΟΜΕΙΑΚΟ,LAB.FRANCAIS DU FRACTIONNEMENT ET DES BIOTECHNOLOGIES (LFB),2025-10-10,2026-07-01,shortage,Καθυστέρηση παράδοσης,Εναλλακτικά άλλα σκευάσματα της ίδιας κατηγορίας J06BA - Ανθρώπινες Φυσιολογικές Ανοσοσφαιρίνες με τις ίδιες ενδείξεις,2026-03-12T16:42:03.358594
GR,Greece,EOF,KIOVIG SOL.IV.INF 100MG/ML BTX1 VIALX100 ML,"IMMUNOGLOBULI, N HUMAN, NORMAL",,,2802720501045,J06BA02,ΝΟΣΟΚΟΜΕΙΑΚΟ,TAKEDA MANUFACTURING AUSTRIA AG,2025-01-09,2027-03-31,shortage,Καθυστέρηση παράδοσης,Εναλλακτικά άλλα σκευάσματα της ίδιας κατηγορίας J06BA - Ανθρώπινες Φυσιολογικές Ανοσοσφαιρίνες με τις ίδιες ενδείξεις.,2026-03-12T16:42:03.358594
GR,Greece,EOF,KIOVIG SOL.IV.INF 100MG/ML BTX1 VIALX200 ML,"IMMUNOGLOBULI, N HUMAN, NORMAL",,,2802720501052,J06BA02,ΝΟΣΟΚΟΜΕΙΑΚΟ,TAKEDA MANUFACTURING AUSTRIA AG,2025-01-09,2027-03-31,shortage,Καθυστέρηση παράδοσης,Εναλλακτικά άλλα σκευάσματα της ίδιας κατηγορίας J06BA - Ανθρώπινες Φυσιολογικές Ανοσοσφαιρίνες με τις ίδιες ενδείξεις.,2026-03-12T16:42:03.358594
GR,Greece,EOF,KIOVIG SOL.IV.INF 100MG/ML BTX1 VIALX50 ML,"IMMUNOGLOBULI, N HUMAN, NORMAL",,,2802720501038,J06BA02,ΝΟΣΟΚΟΜΕΙΑΚΟ,TAKEDA MANUFACTURING AUSTRIA AG,2025-01-09,2027-03-31,shortage,Καθυστέρηση παράδοσης,Εναλλακτικά άλλα σκευάσματα της ίδιας κατηγορίας J06BA - Ανθρώπινες Φυσιολογικές Ανοσοσφαιρίνες με τις ίδιες ενδείξεις.,2026-03-12T16:42:03.358594
GR,Greece,EOF,IG VENA SOL.INF 50G/L BOTTLEx100 ML + άγκιστρο,"IMMUNOGLOBULI, N HUMAN, NORMAL",,,2802721401061,J06BA02,ΝΟΣΟΚΟΜΕΙΑΚΟ,"KEDRION SPA (LUCCA), ITALY",2026-02-13,2026-12-31,shortage,Καθυστέρηση παράδοσης,"Εναλλακτικά άλλα σκευάσματα της ίδιας δραστικής, μορφής και περιεκτικότητας",2026-03-12T16:42:03.358594
GR,Greece,EOF,IG VENA SOL.INF 50G/L BOTTLEx200 ML + άγκιστρο,"IMMUNOGLOBULI, N HUMAN, NORMAL",,,2802721401078,J06BA02,ΝΟΣΟΚΟΜΕΙΑΚΟ,"KEDRION SPA (LUCCA), ITALY",2026-02-13,2026-12-31,shortage,Καθυστέρηση παράδοσης,"Εναλλακτικά άλλα σκευάσματα της ίδιας δραστικής, μορφής και περιεκτικότητας",2026-03-12T16:42:03.358594
GR,Greece,EOF,IQYMUNE SOL.INF 100MG/ML BTX1 VIAL X 50ML,"IMMUNOGLOBULI, N HUMAN, NORMAL",,,2803090201023,J06BA02,ΝΟΣΟΚΟΜΕΙΑΚΟ,LAB.FRANCAIS DU FRACTIONNEMENT ET DES BIOTECHNOLOGIES (LFB),2025-07-22,2026-06-30,shortage,Καθυστέρηση παράδοσης,Εναλλακτικά άλλα σκευάσματα της ίδιας δραστικής και μορφής,2026-03-12T16:42:03.358594
GR,Greece,EOF,VENBIG PS.SOL.INF 50 IU/ML BTx1 VIAL x  500 IU+ 1 VIAL x 10 ML SOLV + σετ έγχυσης.,"HUMAN PLASMA, PROTEIN OF, WHICH HUMAN, IMMUNOGLOBULI, NS AT LEAST 95%",,,2802819101019,J06BB04,ΝΟΣΟΚΟΜΕΙΑΚΟ,"KEDRION SPA (LUCCA), ITALY",2026-02-13,2026-12-31,shortage,Καθυστέρηση παράδοσης,Εναλλακτικά όμοιο προϊόν μέσω έκτακτης εισαγωγής,2026-03-12T16:42:03.358594
GR,Greece,EOF,"NIMENRIX (ΣΥΖΕΥΓΜΕΝΟ ΕΜΒΟΛΙΟ ΚΑΤΑ ΤΟΥ ΜΗΝΙΓΓΙΤΙΔΟΚΟΚΚΟΥ ΟΜΑΔΑΣ A,C,W-135 ΚΑΙ Y) PS.INJ.SOL (5MCG+5MCG+5MCG)/0.5ML (1ΔΌΣΗ) BTX1VIAL (ΚΌΝΙΣ) +1PFSYR (ΔΙΑΛΎΤΗΣ)+2 ΒΕΛΌΝΕΣ","NEISSERIA, MENINGITIDIS Y",,,2803025401030,J07AH08,ΦΑΡΜΑΚΕΙΟΥ,"PFIZER EUROPE MA EEIG, BELGIUM",2026-02-09,2026-03-13,shortage,Καθυστέρηση παράδοσης,Εναλλακτικά άλλα εμβόλια σύμφωνα με τις συστάσεις του θεράποντος ιατρού,2026-03-12T16:42:03.358594
GR,Greece,EOF,"PRIORIX-TETRA (ΕΜΒ.ΙΛΑΡ.,ΕΡΥΘΡΑ,ΠΑΡΩΤΙΤ.&ΑΝΕΜΟΒΛ.) PS.INJ.SOL BTX 1VIAL + 1PF.SYR. (ΧΩΡΊΣ ΣΤΑΘΕΡΉ ΒΕΛΌΝΑ ΑΛΛΆ ΜΕ ΔΎΟ ΧΩΡΙΣΤΈΣ ΒΕΛΌΝΕΣ) X 0,5 ML SOLVENT","MEASLES,COMBI, NATIONS WITH, MUMPS,RUBELLA, AND VARICELLA,, LIVE, ATTENUATED",,,2802758301051,J07BD54,ΕΜΒΟΛΙΟ,GLAXOSMITHKLINE ΜΟΝΟΠΡΟΣΩΠΗ Α.Ε.Β.Ε.,2024-11-30,2026-12-31,shortage,Ποιοτικό πρόβλημα - Δραστική ουσία,Εναλλακτικά άλλο εμβόλιο σύμφωνα με τις συστάσεις του θεράποντος ιατρού,2026-03-12T16:42:03.358594
GR,Greece,EOF,RIDOCA CAPS 5MG/CAP BTX20,TEMOZOLOMIDE,,,2802920501029,L01AX03,ΦΑΡΜΑΚΕΙΟΥ,ΕΝΟΡΑΣΙΣ ΑΕ,2026-01-21,2026-03-18,shortage,Καθυστέρηση παράδοσης,"Εναλλακτικά άλλα σκευάσματα της ίδιας δραστικής, μορφής και περιεκτικότητας",2026-03-12T16:42:03.358594
GR,Greece,EOF,ARMISARTE C/S.SOL.IN 25MG/ML BTX1VIALX40ML,PEMETREXED,,,2803135201032,L01BA04,ΝΟΣΟΚΟΜΕΙΑΚΟ,"ACTAVIS GROUP PTC EHF., ICELAND",2026-02-19,2026-05-11,shortage,Καθυστέρηση παράδοσης,"Εναλλακτικά άλλα σκευάσματα της ίδιας δραστικής, μορφής, ίδιας ή/και διαφορετικής περιεκτικότητας",2026-03-12T16:42:03.359596
GR,Greece,EOF,FLUOROURACIL/ANABIOSIS INJ.SO.INF 50MG/ML BTX1 VIAL X100 ML,FLUOROURACIL,,,2803095201011,L01BC02,ΝΟΣΟΚΟΜΕΙΑΚΟ,ΑΝΑΒΙΩΣΙΣ ΙΚΕ (ANABIOSIS PC),2025-03-28,2026-09-02,shortage,Καθυστέρηση παράδοσης,Εναλλακτικά όμοιο σκεύασμα μέσω έκτακτης εισαγωγής,2026-03-12T16:42:03.359596
GR,Greece,EOF,FLUOROURACIL/OPUS INJ.SO.INF 50MG/ML BOTTLE (ΤΎΠΟΥ I) X 100 ML,FLUOROURACIL,,,2803135301015,L01BC02,ΝΟΣΟΚΟΜΕΙΑΚΟ,OPUS MATERIA ΕΠΕ,2025-02-17,2026-11-30,shortage,Καθυστέρηση παράδοσης,Εναλλακτικά όμοιο σκεύασμα μέσω έκτακτης εισαγωγής,2026-03-12T16:42:03.359596
GR,Greece,EOF,PREVELODA F.C.TAB 150MG/TAB BTX60 (6X10),CAPECITABINE,,,2803105301014,L01BC06,ΦΑΡΜΑΚΕΙΟΥ,PHARMAZAC AE,2025-07-28,2026-11-23,shortage,Καθυστέρηση παράδοσης,"Εναλλακτικά άλλο σκεύασμα της ίδιας δραστικής,μορφής και περιεκτικότητας",2026-03-12T16:42:03.359596
GR,Greece,EOF,ZERECTUM F.C.TAB 500MG/TAB BTX120 TABS (ΣΕ BLISTER PVC/PVDC/ALU),CAPECITABINE,,,2803103602069,L01BC06,ΦΑΡΜΑΚΕΙΟΥ,"ΑΝΑΒΙΩΣΙΣ Α.Ε., ΕΛΛΑΔΑ",2026-03-01,2026-12-31,shortage,Καθυστέρηση παράδοσης,"Εναλλακτικά άλλα σκευάσματα της ίδιας δραστικής, μορφής και περιεκτικότητας",2026-03-12T16:42:03.359596
GR,Greece,EOF,ZAOLIN® SOFT.CAPS 30MG/CAP BTX1 CAP ΣΕ BLISTER (PVC/PVDC-AL),"VINORELBINE, DITARTRATE",,,2802942204014,L01CA04,ΦΑΡΜΑΚΕΙΟΥ,PHARMAZAC AE,2026-01-23,2026-06-30,shortage,Καθυστέρηση παράδοσης,"Εναλλακτικά άλλα σκευάσματα της ίδιας δραστικής, μορφής, ίδιας ή/και διαφορετικής περιεκτικότητας",2026-03-12T16:42:03.359596
GR,Greece,EOF,JAVLOR C/S.SOL.IN 25MG/ML BTX1VIAL (ΜΕ ΓΚΡΙ ΕΛΑΣΤΙΚΌ ΠΏΜΑ) X 2ML,VINFLUNINE,,,2802916401012,L01CA05,ΝΟΣΟΚΟΜΕΙΑΚΟ,"PIERRE FABRE MEDICAMENT, FRANCE",2026-09-01,2027-05-01,shortage,Προβλήματα στην παραγωγική διαδικασία,.,2026-03-12T16:42:03.359596
GR,Greece,EOF,ABRAXANE PD.DIS.INF 5MG/ML VIALX 100MG,"PACLITAXEL, FORMULATED AS, ALBUMIN BOUND, NANOPARTICLES",,,2802978401012,L01CD01,ΝΟΣΟΚΟΜΕΙΑΚΟ,"BRISTOL-MYERS SQUIBB PHARMA EEIG, IRELAND",2026-02-16,2026-04-17,shortage,Καθυστέρηση παράδοσης,"Εναλλακτικά άλλα σκευάσματα της ίδιας δραστικής, μορφής και περιεκτικότητας με τις ίδιες ενδείξεις.",2026-03-12T16:42:03.359596
GR,Greece,EOF,DOCETAXEL ACCORD C/S.SOL.IN 160MG/8ML BTX1 VIAL X8ML,DOCETAXEL,,,2803160203018,L01CD02,ΝΟΣΟΚΟΜΕΙΑΚΟ,"ACCORD HEALTHCARE S.L.U., SPAIN",2026-01-30,2026-04-30,shortage,Καθυστέρηση παράδοσης,"Εναλλακτικά άλλα σκευάσματα της ίδιας δραστικής, μορφής και περιεκτικότητας",2026-03-12T16:42:03.359596
GR,Greece,EOF,CAELYX PEGYLATED LIPOSOMAL C/S.SOL.IN 2MG/ML 1VIALX10ML,"DOXORUBICIN, HYDROCHLORID, E",,,2802258101014,L01DB01,ΝΟΣΟΚΟΜΕΙΑΚΟ,"BAXTER HOLDING B.V., THE NETHERLANDS",2026-02-09,2026-03-31,shortage,Καθυστέρηση παράδοσης,Εναλλακτικά το ίδιο σκεύασμα με ξενόγλωσση συσκευασία,2026-03-12T16:42:03.359596
GR,Greece,EOF,ZOLSKETIL PEGYLATED LIPOSOMAL CO.DIS.INF 2MG/ML 1 VIAL X 10 ML,"DOXORUBICIN, HYDROCHLORID, E",,,2803308301019,L01DB01,ΝΟΣΟΚΟΜΕΙΑΚΟ,"ACCORD HEALTHCARE S.L.U., SPAIN",2026-01-30,2026-03-31,shortage,Καθυστέρηση παράδοσης,"Εναλλακτικά άλλο σκεύασμα της ίδιας δραστικής, μορφής και περιεκτικότητας",2026-03-12T16:42:03.359596
GR,Greece,EOF,FARMORUBICIN PS.INJ.SOL 10MG/VIAL BTX1VIAL+1AMPX5ML SOLV,EPIRUBICIN,,,2801895801011,L01DB03,ΝΟΣΟΚΟΜΕΙΑΚΟ,PFIZER ΕΛΛΑΣ Α.Ε.,2025-01-02,2026-06-30,shortage,Καθυστέρηση παράδοσης,"Εναλλακτικά άλλα σκευάσματα της ίδιας δραστικής, μορφής και περιεκτικότητας",2026-03-12T16:42:03.359596
GR,Greece,EOF,OXALIPLATIN/TEVA C/S.SOL.IN 5MG/ML BTX1VIALX100MG/20ML,OXALIPLATIN,,,2802726501032,L01XA03,ΝΟΣΟΚΟΜΕΙΑΚΟ,"TEVA PHARMA B.V., HAARLEM, THE NETHERLANDS",2026-02-20,2026-03-10,shortage,Καθυστέρηση παράδοσης,"Εναλλακτικά άλλο σκεύασμα της ίδιας δραστικής, μορφής και ίδιας ή διαφορετικής περιεκτικότητας",2026-03-12T16:42:03.359596
GR,Greece,EOF,ALUNBRIG F.C.TAB 180MG/TAB BTX28 ΔΙΣΚΊΑ ΣΕ BLISTERS ACLAR/ALU,BRIGATINIB,,,2803207203025,L01XE43,ΦΑΡΜΑΚΕΙΟΥ,"TAKEDA PHARMA A/S, DENMARK",2026-02-10,2026-04-10,shortage,Προβλήματα στην παραγωγική διαδικασία,Εναλλακτικά το ίδιο φάρμακο σε διαφορετική περιεκτικότητα. Εναλλακτικά άλλα σκευάσματα της ίδιας κατηγορίας L01ED Αναστολείς κινάσης αναπλαστικού λεμφώματος (ALK) με τις ίδιες ενδείξεις,2026-03-12T16:42:03.359596
GR,Greece,EOF,BORTEZOMIB/PHARMAZAC PD.INJ.SOL 3.5MG/ML BTX1 VIAL,BORTEZOMIB,,,2803177201014,L01XG01,ΝΟΣΟΚΟΜΕΙΑΚΟ,PHARMAZAC AE,2025-04-09,2027-01-26,shortage,Καθυστέρηση παράδοσης,"Εναλλακτικά άλλα σκευάσματα της ίδιας δραστικής, μορφής και περιεκτικότητας",2026-03-12T16:42:03.359596
GR,Greece,EOF,TOPOCAN PD.C.SO.IN 4mg/VIAL (Γενόσημο) BTx5 (VIALx4 MG),"TOPOTECAN, HYDROCHLORID, E",,,2802889301012,L01XX17,ΝΟΣΟΚΟΜΕΙΑΚΟ,ΑΡΗΤΗ A.E.,2026-02-18,2027-02-08,shortage,Προβλήματα στην παραγωγική διαδικασία,,2026-03-12T16:42:03.359596
GR,Greece,EOF,TOPOTECAN HOSPIRA C/S.SOL.IN 4MG/4ML 5VIALSx4ML,TOPOTECAN,,,2802950701024,L01XX17,ΝΟΣΟΚΟΜΕΙΑΚΟ,"PFIZER EUROPE MA EEIG, BELGIUM",2026-03-23,2026-04-13,shortage,Καθυστέρηση παράδοσης,,2026-03-12T16:42:03.359596
GR,Greece,EOF,"LEUPROL PS.INJ.SUS 11,25MG/VIAL ΚΙΤ ΠΟΥ ΠΕΡΙΈΧΕΙ: BTX1 VIAL+1 AMPX2 ML","LEUPRORELIN, ACETATE",,,2802704402016,L02AE02,ΦΑΡΜΑΚΕΙΟΥ,PHARMAZAC AE,2025-11-27,2026-09-07,shortage,Καθυστέρηση παράδοσης,"Εναλλακτικά άλλα σκευάσματα της ίδιας δραστικής, μορφής και περιεκτικότητας",2026-03-12T16:42:03.360594
GR,Greece,EOF,MYFENAX CAPS 250MG/CAP BT X 100 ΣΕ BLISTERS (PVC/PVDC/ALU),"MYCOPHENOLAT, E MOFETIL",,,2802836401017,L04AA06,ΦΑΡΜΑΚΕΙΟΥ,"TEVA B.V., THE NETHERLANDS",2026-01-28,2026-06-10,shortage,Καθυστέρηση παράδοσης,,2026-03-12T16:42:03.360594
GR,Greece,EOF,MYFENAX F.C.TAB 500MG/ΤΑΒ BT X 50 ΣΕ BLISTERS (PVC/PVDC/ALU),"MYCOPHENOLAT, E MOFETIL",,,2802836402014,L04AA06,ΦΑΡΜΑΚΕΙΟΥ,"TEVA B.V., THE NETHERLANDS",2026-01-13,2026-05-30,shortage,Καθυστέρηση παράδοσης,,2026-03-12T16:42:03.360594
GR,Greece,EOF,XELJANZ ORAL.SOL 1MG/ML 1 ΦΙΑΛΗ (HDPE) X 250 ML + 1 ΣΥΡΙΓΓΑ + 1 ΠΡΟΣΑΡΜΟΓΕΑΣ ΦΙΑΛΗΣ,TOFACITINIB,,,2803163704017,L04AA29,ΦΑΡΜΑΚΕΙΟΥ,"PFIZER EUROPE MA EEIG, BELGIUM",2025-12-02,2026-03-09,shortage,Αυξημένη ζήτηση,Εναλλακτικά το ίδιο φάρμακο σε διαφορετική μορφή,2026-03-12T16:42:03.360594
GR,Greece,EOF,NEPEXTO INJ.SOL 50 MG/1ML 4 PF. SYRS X 1 ML,ETANERCEPT,,,2803245102014,L04AB01,ΦΑΡΜΑΚΕΙΟΥ,"BIOSIMILAR COLLABORATIONS IRELAND LIMITED, IRELAND",2025-12-17,2026-04-01,shortage,Καθυστέρηση παράδοσης,"Εναλλακτικά άλλα σκευάσματα της ίδιας δραστικής, μορφής και περιεκτικότητας",2026-03-12T16:42:03.360594
GR,Greece,EOF,HUKYNDRA INJ.SOL 40MG/0.4ML 1 PF.PEN + 1 ΕΠΙΘΕΜΑ ΑΛΚΟΟΛΗΣ,ADALIMUMAB,,,2803285801045,L04AB04,ΦΑΡΜΑΚΕΙΟΥ,"STADA ARZNEIMITTEL AG, GERMANY",2026-02-26,2026-03-16,shortage,Καθυστέρηση παράδοσης,,2026-03-12T16:42:03.360594
GR,Greece,EOF,IMULDOSA C/S.SOL.IN 130MG/26ML (5MG/ML) BT X 1 VIAL,USTEKINUMAB,,,2803396003017,L04AC05,ΝΟΣΟΚΟΜΕΙΑΚΟ,"ACCORD HEALTHCARE S.L.U., SPAIN",2026-01-15,2026-03-30,shortage,Αυξημένη ζήτηση,"Εναλλακτικά άλλα σκευάσματα της ίδιας δραστικής, μορφής και περιεκτικότητας",2026-03-12T16:42:03.360594
GR,Greece,EOF,UZPRUVO C/S.SOL.IN 130MG/26ML (5MG/ML) BT X 1 VIAL X 26ML,USTEKINUMAB,,,2803362803016,L04AC05,ΝΟΣΟΚΟΜΕΙΑΚΟ,"STADA ARZNEIMITTEL AG, GERMANY",2026-03-02,2026-04-30,shortage,Καθυστέρηση παράδοσης,"Εναλλακτικά άλλα σκευάσματα της ίδιας δραστικής, μορφής και περιεκτικότητας",2026-03-12T16:42:03.360594
GR,Greece,EOF,NOSATEL INJ.SO.INF 50MG/2ML AMP BTx6 AMPSx2 ML,"DEXKETOPROFE, N TROMETAMOL",,,2802377503027,M01AE17,ΦΑΡΜΑΚΕΙΟΥ,"MENARINI INTER.OPERAT.LUXEMBU RG SA, LUXEMBURG",2026-02-04,2026-03-15,shortage,Καθυστέρηση παράδοσης,"Εναλλακτικά άλλα σκευάσματα της ίδιας δραστικής, μορφής και περιεκτικότητας",2026-03-12T16:42:03.360594
GR,Greece,EOF,CELEBREX CAPS 200MG/CAP BTX10(BLIST1X10),CELECOXIB,,,2802475102016,M01AH01,ΦΑΡΜΑΚΕΙΟΥ,"VIATRIS HELLAS LTD, ΕΛΛΑΔΑ",2026-03-06,2026-04-30,shortage,Καθυστέρηση παράδοσης,Εναλλακτικά το ίδιο φάρμακο σε διαφορετική περιεκτικότητα. Εναλλακτικά άλλα σκευάσματα της ίδιας κατηγορίας M01AH- Κοξίμπες με τις ίδιες ενδείξεις.,2026-03-12T16:42:03.360594
GR,Greece,EOF,DYNASTAT PS.INJ.SOL 40MG/VIAL BTX1VIALX40MG+1AMPX2ML SOLV,PARECOXIB,,,2802509804015,M01AH04,ΦΑΡΜΑΚΕΙΟΥ,"PFIZER EUROPE MA EEIG, BELGIUM",2025-05-29,2026-04-17,shortage,Καθυστέρηση παράδοσης,"Εναλλακτικά άλλα σκευάσματα της ίδιας δραστικής, μορφής και περιεκτικότητας",2026-03-12T16:42:03.360594
GR,Greece,EOF,COLCHICINE/FARMASYN TABLET 1MG/TAB BTx40 tabs σε αδιαφανές PVC/ALU blisters,COLCHICINE,,,2803121801017,M04AC01,ΦΑΡΜΑΚΕΙΟΥ,"ΦΑΡΜΑΣΥΝ Α.Ε., ΕΛΛΑΔΑ",2026-03-01,2026-12-31,shortage,Καθυστέρηση παράδοσης,Εναλλακτικά το ίδιο φάρμακο σε διαφορετική συσκευασία,2026-03-12T16:42:03.360594
GR,Greece,EOF,MELDOZ TABLET 70MG/TAB BT X 4 (BLIST  1X4),"ALENDRONATE, SODIUM",,,2802796701028,M05BA04,ΦΑΡΜΑΚΕΙΟΥ,ADELCO A.E. ΧΡΩΜ. ΑΘΗΝ. ΑΦΟΙ Ε. ΚΟΛΟΚΟΤΡΩΝΗ,2025-12-01,2026-05-30,shortage,Προβλήματα στην παραγωγική διαδικασία,"Εναλλακτικά άλλα σκευάσματα της ίδιας δραστικής, μορφής και περιεκτικότητας",2026-03-12T16:42:03.360594
GR,Greece,EOF,PROPOFOL/BAXTER INJ.EM.IN 10MG/ML BTx1x50 ML (colourless glass vial-type II),PROPOFOL,,,2803241401043,N01AX10,ΝΟΣΟΚΟΜΕΙΑΚΟ,"BAXTER HOLDING B.V., THE NETHERLANDS",2026-01-26,2026-04-10,shortage,Αυξημένη ζήτηση,"Εναλλακτικά άλλα σκευάσματα της ίδιας δραστικής, μορφής και περιεκτικότητας",2026-03-12T16:42:03.360594
GR,Greece,EOF,XYLOCAINE GEL.EXT.US 2% W/W TUBx30G,"LIDOCAINE, HYDROCHLORID, E, MONOHYDRATE",,,2800057004017,N01BB02,ΦΑΡΜΑΚΕΙΟΥ,"ASPEN PHARMA TRADING LIMITED, IRELAND",2026-02-10,2026-04-17,shortage,Προβλήματα στην παραγωγική διαδικασία,,2026-03-12T16:42:03.360594
GR,Greece,EOF,QUTENZA CUT.PATCH 179MG/CM(2) 1 SACHETx1 PATCH+ σετ χορήγησης,CAPSAICIN,,,2802930801010,N01BX04,ΦΑΡΜΑΚΕΙΟΥ,"GRUNENTHAL GMBH, GERMANY",2026-01-28,2026-03-16,shortage,Καθυστέρηση παράδοσης,"Εναλλακτικά άλλα σκευάσματα της ίδιας δραστικής, αλλά διαφορετικής μορφής",2026-03-12T16:42:03.360594
GR,Greece,EOF,ALGOTRA® EF.TAB (37.5+325)MG/TAB BTX40 TABS ΣΕ BOTTLE (PP),"TRAMADOL,, PARACETAMOL",,,2803227801027,N02AJ13,ΦΑΡΜΑΚΕΙΟΥ,"ΑΝΑΒΙΩΣΙΣ Α.Ε., ΕΛΛΑΔΑ",2026-03-16,2026-07-31,shortage,Καθυστέρηση παράδοσης,"Εναλλακτικά άλλο σκεύασμα των ίδιων δραστικών, της ίδιας μορφής και ίδιων περιεκτικοτήτων",2026-03-12T16:42:03.361595
GR,Greece,EOF,TRAMAL OR.SO.D 100MG/ML FL X 10 ML,"TRAMADOL, HYDROCHLORID, E",,,2802395402012,N02AX02,ΦΑΡΜΑΚΕΙΟΥ,ΒΙΑΝΕΞ Α.Ε.,2026-01-28,2026-03-13,shortage,Καθυστέρηση παράδοσης,Εναλλακτικά το ίδιο φάρμακο σε διαφορετική μορφή,2026-03-12T16:42:03.361595
GR,Greece,EOF,TRILEPTAL F.C.TAB 600MG/TAB BTx50(BLIST5x10),OXCARBAZEPINE,,,2801988805018,N03AF02,ΦΑΡΜΑΚΕΙΟΥ,NOVARTIS (HELLAS) A.E.B.E.,2026-02-04,2026-03-09,shortage,Καθυστέρηση παράδοσης,Εναλλακτικά το ίδιο φάρμακο σε διαφορετική περιεκτικότητα,2026-03-12T16:42:03.361595
GR,Greece,EOF,DEPAKINE CHRONO (SPHERE) CR.GRAN 250MG/SACHET BTx30SACHET,VALPROIC ACID,,,2802008707015,N03AG01,ΦΑΡΜΑΚΕΙΟΥ,SANOFI-AVENTIS,2026-02-05,2026-03-16,shortage,Καθυστέρηση παράδοσης,Εναλλακτικά το ίδιο φάρμακο σε διαφορετική μορφή,2026-03-12T16:42:03.361595
GR,Greece,EOF,PREGABALIN SANDOZ CAPS 300MG/CAP BTX56 ΚΑΨΆΚΙΑ ΣΕ BLISTER (PVC/PVDC/ALU),PREGABALIN,,,2803143108040,N03AX16,ΦΑΡΜΑΚΕΙΟΥ,"SANDOZ GMBH, KUNDL, AUSTRIA",2025-12-15,2026-03-26,shortage,Αυξημένη ζήτηση,"Εναλλακτικά άλλα σκευάσματα της ίδιας δραστικής, μορφής και περιεκτικότητας",2026-03-12T16:42:03.361595
GR,Greece,EOF,PREGABALIN VIATRIS CAPS 25MG/CAP BTX56 ΚΑΨΆΚΙΑ ΣΕ BLISTER (PVC/PVDC/ΑΛΟΥΜΙΝΊΟΥ),PREGABALIN,,,2803391401030,N03AX16,ΦΑΡΜΑΚΕΙΟΥ,"VIATRIS LIMITED, IRELAND",2025-11-25,2026-05-15,shortage,Καθυστέρηση παράδοσης,"Εναλλακτικά άλλα σκευάσματα της ίδιας δραστικής, μορφής και περιεκτικότητας",2026-03-12T16:42:03.361595
GR,Greece,EOF,PREGABALIN VIATRIS CAPS 300MG/CAP BTX56 ΚΑΨΆΚΙΑ ΣΕ BLISTER (PVC/PVDC/ΑΛΟΥΜΙΝΊΟΥ),PREGABALIN,,,2803391408022,N03AX16,ΦΑΡΜΑΚΕΙΟΥ,"VIATRIS LIMITED, IRELAND",2025-07-30,2026-03-31,shortage,Καθυστέρηση παράδοσης,"Εναλλακτικά άλλα σκευάσματα της ίδιας δραστικής, μορφής και περιεκτικότητας",2026-03-12T16:42:03.361595
GR,Greece,EOF,LYGABRIN CAPS 150MG/CAP BOTTLE X 200 (ΣΕ BOTTLE ΑΠΌ HDPE),PREGABALIN,,,2803125705113,N03AX16,ΦΑΡΜΑΚΕΙΟΥ,"ΑΝΑΒΙΩΣΙΣ Α.Ε., ΕΛΛΑΔΑ",2025-04-04,2026-12-31,shortage,Καθυστέρηση παράδοσης,"Εναλλακτικά άλλα σκευάσματα της ίδιας δραστικής, μορφής και περιεκτικότητας",2026-03-12T16:42:03.361595
GR,Greece,EOF,LYGABRIN CAPS 25MG/CAP BOTTLE X 30 (ΣΕ BOTTLE ΑΠΌ HDPE),PREGABALIN,,,2803125701108,N03AX16,ΦΑΡΜΑΚΕΙΟΥ,"ΑΝΑΒΙΩΣΙΣ Α.Ε., ΕΛΛΑΔΑ",2025-04-04,2026-12-31,shortage,Καθυστέρηση παράδοσης,"Εναλλακτικά άλλα σκευάσματα της ίδιας δραστικής, μορφής και περιεκτικότητας",2026-03-12T16:42:03.361595
GR,Greece,EOF,LYGABRIN CAPS 300MG/CAP BOTTLE X 30 (ΣΕ BOTTLE ΑΠΌ HDPE),PREGABALIN,,,2803125706103,N03AX16,ΦΑΡΜΑΚΕΙΟΥ,"ΑΝΑΒΙΩΣΙΣ Α.Ε., ΕΛΛΑΔΑ",2025-04-04,2026-12-31,shortage,Καθυστέρηση παράδοσης,"Εναλλακτικά άλλα σκευάσματα της ίδιας δραστικής, μορφής και περιεκτικότητας",2026-03-12T16:42:03.361595
GR,Greece,EOF,LYGABRIN CAPS 75MG/CAP BOTTLE X 30 (ΣΕ BOTTLE ΑΠΌ HDPE),PREGABALIN,,,2803125703102,N03AX16,ΦΑΡΜΑΚΕΙΟΥ,"ΑΝΑΒΙΩΣΙΣ Α.Ε., ΕΛΛΑΔΑ",2025-04-04,2026-12-31,shortage,Καθυστέρηση παράδοσης,"Εναλλακτικά άλλα σκευάσματα της ίδιας δραστικής, μορφής και περιεκτικότητας",2026-03-12T16:42:03.361595
GR,Greece,EOF,REQUIP XL PR.TAB 8MG/TAB BTx28,"ROPINIROLE, HYDROCHLORID, E",,,2802330609018,N04BC04,ΦΑΡΜΑΚΕΙΟΥ,GLAXOSMITHKLINE ΜΟΝΟΠΡΟΣΩΠΗ Α.Ε.Β.Ε.,2026-02-20,2026-04-06,shortage,Προβλήματα στην παραγωγική διαδικασία,Εναλλακτικά το ίδιο φάρμακο σε διαφορετική περιεκτικότητα,2026-03-12T16:42:03.361595
GR,Greece,EOF,REQUIP XL PR.TAB 4MG/TAB BTx28,"ROPINIROLE, HYDROCHLORID, E",,,2802330608011,N04BC04,ΦΑΡΜΑΚΕΙΟΥ,GLAXOSMITHKLINE ΜΟΝΟΠΡΟΣΩΠΗ Α.Ε.Β.Ε.,2026-02-27,2026-04-06,shortage,Προβλήματα στην παραγωγική διαδικασία,Εναλλακτικά το ίδιο φάρμακο σε διαφορετική περιεκτικότητα,2026-03-12T16:42:03.361595
GR,Greece,EOF,"GLEPARK TABLET 0,18MG/TAB BTX100","PRAMIPEXOLE, DIHYDROCHLORI, DE, MONOHYDRATE",,,2802817402026,N04BC05,ΦΑΡΜΑΚΕΙΟΥ,BENNETT ΦΑΡΜΑΚΕΥΤΙΚΗ Α.Ε.,2026-01-22,2026-04-30,shortage,Καθυστέρηση παράδοσης,,2026-03-12T16:42:03.361595
GR,Greece,EOF,"GLEPARK TABLET 0,18MG/TAB BTX30","PRAMIPEXOLE, DIHYDROCHLORI, DE, MONOHYDRATE",,,2802817402019,N04BC05,ΦΑΡΜΑΚΕΙΟΥ,BENNETT ΦΑΡΜΑΚΕΥΤΙΚΗ Α.Ε.,2026-01-22,2026-04-30,shortage,Καθυστέρηση παράδοσης,"Εναλλακτικά άλλα σκευάσματα της ίδιας δραστικής, μορφής και περιεκτικότητας",2026-03-12T16:42:03.361595
GR,Greece,EOF,"GLEPARK TABLET 0,7MG/TAB BTX100",PRAMIPEXOLE,,,2802817404020,N04BC05,ΦΑΡΜΑΚΕΙΟΥ,BENNETT ΦΑΡΜΑΚΕΥΤΙΚΗ Α.Ε.,2026-01-15,2026-04-30,shortage,Καθυστέρηση παράδοσης,"Εναλλακτικά άλλα σκευάσματα της ίδιας δραστικής, μορφής και περιεκτικότητας",2026-03-12T16:42:03.361595
GR,Greece,EOF,"GLEPARK TABLET 0,7MG/TAB BTX30","PRAMIPEXOLE, DIHYDROCHLORI, DE, MONOHYDRATE",,,2802817404013,N04BC05,ΦΑΡΜΑΚΕΙΟΥ,BENNETT ΦΑΡΜΑΚΕΥΤΙΚΗ Α.Ε.,2026-01-15,2026-04-30,shortage,Καθυστέρηση παράδοσης,"Εναλλακτικά άλλα σκευάσματα της ίδιας δραστικής, μορφής και περιεκτικότητας",2026-03-12T16:42:03.362594
GR,Greece,EOF,"MARIPRAX TABLET 0,18MG/TAB BTx100 (Blister 10x10), (PA/Alu/PVC/Alu)","PRAMIPEXOLE, DIHYDROCHLORI, DE, MONOHYDRATE",,,2802809102026,N04BC05,ΦΑΡΜΑΚΕΙΟΥ,"PHARMATHEN INVESTMENTS GROUP LIMITED, CYPRUS",2026-04-27,2026-06-30,shortage,Καθυστέρηση παράδοσης,"Εναλλακτικά άλλα σκευάσματα της ίδιας δραστικής, μορφής και περιεκτικότητας",2026-03-12T16:42:03.362594
GR,Greece,EOF,LATOMNO® F.C.TAB 18.5MG/TAB BT X 28 TABS (OPA-PA/ALU/PVC-ALU BLISTERS),"LURASIDONE, HYDROCHLORID, E",,,2803305701027,N05AE05,ΦΑΡΜΑΚΕΙΟΥ,INNOVIS PHARMA A.E.B.E.,2026-03-02,2026-06-30,shortage,Καθυστέρηση παράδοσης,"Εναλλακτικά άλλο σκεύασμα της ίδιας δραστικής, μορφής και περιεκτικότητας",2026-03-12T16:42:03.362594
GR,Greece,EOF,LATOMNO® F.C.TAB 74MG/TAB BT X 28 TABS (OPA-PA/ALU/PVC-ALU BLISTERS),"LURASIDONE, HYDROCHLORID, E",,,2803305703021,N05AE05,ΦΑΡΜΑΚΕΙΟΥ,INNOVIS PHARMA A.E.B.E.,2026-02-26,2026-03-31,shortage,Καθυστέρηση παράδοσης,"Εναλλακτικά άλλα σκευάσματα της ίδιας δραστικής, μορφής και περιεκτικότητας",2026-03-12T16:42:03.362594
GR,Greece,EOF,CLOPIXOL F.C.TAB 10MG/TAB ΒΤΧ50(ΠΛΑΣΤ.ΦΙΑΛΙΔΙΟ,"ZUCLOPENTHIXO, L, DIHYDROCHLORI, DE",,,2801963304017,N05AF05,ΦΑΡΜΑΚΕΙΟΥ,LUNDBECK HELLAS S.A.,2026-01-21,2026-03-20,shortage,Καθυστέρηση παράδοσης,Εναλλακτικά το ίδιο φάρμακο σε διαφορετική περιεκτικότητα ή/και διαφορετική μορφή,2026-03-12T16:42:03.362594
GR,Greece,EOF,OLANZAPINE/MYLAN OR.DISP.TA 10MG/TAB BTX28 (OPA/AL/PVC BLISTERS),OLANZAPINE,,,2803057502149,N05AH03,ΦΑΡΜΑΚΕΙΟΥ,"MYLAN PHARMACEUTICALS LIMITED, IRELAND",2025-11-17,2026-03-31,shortage,Καθυστέρηση παράδοσης,"Εναλλακτικά άλλα σκευάσματα της ίδιας δραστικής, μορφής και περιεκτικότητας",2026-03-12T16:42:03.362594
GR,Greece,EOF,OLANZAPINE/MYLAN OR.DISP.TA 20MG/TAB BTx28 (OPA/Al/PVC BLISTERS),OLANZAPINE,,,2803057504143,N05AH03,ΦΑΡΜΑΚΕΙΟΥ,"MYLAN PHARMACEUTICALS LIMITED, IRELAND",2026-06-15,2026-09-30,shortage,Καθυστέρηση παράδοσης,"Εναλλακτικά άλλα σκευάσματα της ίδιας δραστικής, μορφής και περιεκτικότητας",2026-03-12T16:42:03.362594
GR,Greece,EOF,OLANZAPINE/MYLAN OR.DISP.TA 5MG/TAB BTX28 (OPA/AL/PVC BLISTERS),OLANZAPINE,,,2803057501142,N05AH03,ΦΑΡΜΑΚΕΙΟΥ,"MYLAN PHARMACEUTICALS LIMITED, IRELAND",2026-05-01,2026-09-30,shortage,Καθυστέρηση παράδοσης,"Εναλλακτικά άλλα σκευάσματα της ίδιας δραστικής, μορφής και περιεκτικότητας",2026-03-12T16:42:03.362594
GR,Greece,EOF,ZYPADHERA PD.S.IN.PR 405MG/VIAL BTx1VIAL+1VIALx3ML SOLV + σετ χορήγησης,OLANZAPINE,,,2802893503013,N05AH03,ΦΑΡΜΑΚΕΙΟΥ,"CHEPLAPHARM REGISTRATION GMBH, GERMANY",2026-03-15,2026-04-30,shortage,Καθυστέρηση παράδοσης,,2026-03-12T16:42:03.362594
GR,Greece,EOF,ZYPREXA C.TAB 5MG/TAB BTX28 ΣΕ BLISTERS (ALU/ALU),OLANZAPINE,,,2802286902027,N05AH03,ΦΑΡΜΑΚΕΙΟΥ,"CHEPLAPHARM REGISTRATION GMBH, GERMANY",2026-01-01,2026-05-12,shortage,Καθυστέρηση παράδοσης,"Εναλλακτικά άλλα σκευάσματα της ίδιας δραστικής, μορφής και περιεκτικότητας",2026-03-12T16:42:03.363597
GR,Greece,EOF,OLANSEK C.TAB 10MG/TAB BT X 28,OLANZAPINE,,,2802951404016,N05AH03,ΦΑΡΜΑΚΕΙΟΥ,"CHEPLAPHARM REGISTRATION GMBH, GERMANY",2025-12-01,2026-04-28,shortage,Καθυστέρηση παράδοσης,"Εναλλακτικά άλλα σκευάσματα της ίδιας δραστικής, μορφής και περιεκτικότητας",2026-03-12T16:42:03.363597
GR,Greece,EOF,ETIABEN XR® PR.TAB 200MG/TAB BTX30 (3X10) TABS ΣΕ PVC/PCTFE-ALUMINIUM FOIL BLISTERS,QUETIAPINE,,,2803148103026,N05AH04,ΦΑΡΜΑΚΕΙΟΥ,BENNETT ΦΑΡΜΑΚΕΥΤΙΚΗ Α.Ε.,2025-10-16,2026-03-30,shortage,Καθυστέρηση παράδοσης,"Εναλλακτικά άλλα σκευάσματα της ίδιας δραστικής, μορφής και περιεκτικότητας",2026-03-12T16:42:03.363597
GR,Greece,EOF,ETIABEN XR® PR.TAB 400MG/TAB BTx30 (3x10) tabs σε PVC/PCTFE-Aluminium foil blisters,QUETIAPINE,,,2803148105020,N05AH04,ΦΑΡΜΑΚΕΙΟΥ,BENNETT ΦΑΡΜΑΚΕΥΤΙΚΗ Α.Ε.,2026-02-06,2026-03-31,shortage,Καθυστέρηση παράδοσης,"Εναλλακτικά άλλα σκευάσματα της ίδιας δραστικής, μορφής ίδιας ή/και διαφορετικής περιεκτικότητας",2026-03-12T16:42:03.363597
GR,Greece,EOF,ETIABEN XR® PR.TAB 50MG/TAB BTx30 (3x10) tabs σε PVC/PCTFE-Aluminium foil blisters,QUETIAPINE,,,2803148101022,N05AH04,ΦΑΡΜΑΚΕΙΟΥ,BENNETT ΦΑΡΜΑΚΕΥΤΙΚΗ Α.Ε.,2026-01-15,2026-03-30,shortage,Καθυστέρηση παράδοσης,,2026-03-12T16:42:03.363597
GR,Greece,EOF,MEGAZON PR.TAB 400MG/TAB BTX30 ΣΕ PVC/PCTFE-ALUMINIUM FOIL BLISTERS,QUETIAPINE,,,2803055505036,N05AH04,ΦΑΡΜΑΚΕΙΟΥ,"PHARMATHEN INVESTMENTS GROUP LIMITED, CYPRUS",2025-12-01,2026-03-30,shortage,Καθυστέρηση παράδοσης,"Εναλλακτικά άλλα σκευάσματα της ίδιας δραστικής, μορφής και περιεκτικότητας",2026-03-12T16:42:03.363597
GR,Greece,EOF,QUENTAL PR.TAB 200MG/TAB BTX30 (WHITE OPAQUE PVC/-PVDC-ALU BLISTER),QUETIAPINE,,,2803093102020,N05AH04,ΦΑΡΜΑΚΕΙΟΥ,PHARMAZAC AE,2025-10-07,2026-12-07,shortage,Καθυστέρηση παράδοσης,"Εναλλακτικά άλλα σκευάσματα της ίδιας δραστικής, μορφής και περιεκτικότητας",2026-03-12T16:42:03.363597
GR,Greece,EOF,QUENTAL PR.TAB 300MG/TAB BTX30 (WHITE OPAQUE PVC/-PVDC-ALU BLISTER),QUETIAPINE,,,2803093103027,N05AH04,ΦΑΡΜΑΚΕΙΟΥ,PHARMAZAC AE,2025-10-07,2026-12-07,shortage,Καθυστέρηση παράδοσης,"Εναλλακτικά άλλα σκευάσματα της ίδιας δραστικής, μορφής και περιεκτικότητας",2026-03-12T16:42:03.363597
GR,Greece,EOF,QUENTAL PR.TAB 400MG/TAB BTX30 (WHITE OPAQUE PVC/-PVDC-ALU BLISTER),QUETIAPINE,,,2803093104024,N05AH04,ΦΑΡΜΑΚΕΙΟΥ,PHARMAZAC AE,2025-10-07,2026-12-07,shortage,Καθυστέρηση παράδοσης,"Εναλλακτικά άλλα σκευάσματα της ίδιας δραστικής, μορφής και περιεκτικότητας",2026-03-12T16:42:03.363597
GR,Greece,EOF,QUETIAPINE/MYLAN PR.TAB 200MG/TAB BTX30 (PVC/PVDC-ALU BLISTERS),QUETIAPINE,,,2803058403124,N05AH04,ΦΑΡΜΑΚΕΙΟΥ,"MYLAN PHARMACEUTICALS LIMITED, IRELAND",2025-07-18,2026-03-17,shortage,Αυξημένη ζήτηση,Εναλλακτικά άλλα σκευάσματα της ίδιας δραστικής και περιεκτικότητας για από του στόματος χορήγηση,2026-03-12T16:42:03.363597
GR,Greece,EOF,ANAQUETAN XR PR.TAB 200MG/TAB BTX30 TABS (WHITE OPAQUE BLISTER PVC/PVDC-ALU),QUETIAPINE,,,2803094902025,N05AH04,ΦΑΡΜΑΚΕΙΟΥ,"ΑΝΑΒΙΩΣΙΣ Α.Ε., ΕΛΛΑΔΑ",2025-04-04,2027-09-30,shortage,Καθυστέρηση παράδοσης,"Εναλλακτικά άλλα σκευάσματα της ίδιας δραστικής, μορφής και περιεκτικότητας",2026-03-12T16:42:03.363597
GR,Greece,EOF,ANAQUETAN XR PR.TAB 300MG/TAB BTX30 TABS (WHITE OPAQUE BLISTER PVC/PVDC-ALU),QUETIAPINE,,,2803094903022,N05AH04,ΦΑΡΜΑΚΕΙΟΥ,"ΑΝΑΒΙΩΣΙΣ Α.Ε., ΕΛΛΑΔΑ",2025-04-04,2027-09-30,shortage,Καθυστέρηση παράδοσης,"Εναλλακτικά άλλα σκευάσματα της ίδιας δραστικής, αλλά διαφορετικής περιεκτικότητας",2026-03-12T16:42:03.363597
GR,Greece,EOF,ANAQUETAN XR PR.TAB 400MG/TAB BTX30 TABS (WHITE OPAQUE BLISTER PVC/PVDC-ALU),QUETIAPINE,,,2803094904029,N05AH04,ΦΑΡΜΑΚΕΙΟΥ,"ΑΝΑΒΙΩΣΙΣ Α.Ε., ΕΛΛΑΔΑ",2025-04-04,2027-09-30,shortage,Καθυστέρηση παράδοσης,Εναλλακτικά άλλα σκευάσματα της ίδιας δραστικής και περιεκτικότητας,2026-03-12T16:42:03.363597
GR,Greece,EOF,ANAQUETAN XR PR.TAB 50MG/TAB BTX30 TABS (WHITE OPAQUE BLISTER PVC/PVDC-ALU),QUETIAPINE,,,2803094901028,N05AH04,ΦΑΡΜΑΚΕΙΟΥ,"ΑΝΑΒΙΩΣΙΣ Α.Ε., ΕΛΛΑΔΑ",2025-09-08,2026-09-24,shortage,Καθυστέρηση παράδοσης,"Εναλλακτικά άλλα σκευάσματα της ίδιας δραστικής, μορφής και περιεκτικότητας",2026-03-12T16:42:03.363597
GR,Greece,EOF,MATEPIL PR.TAB 150MG/TAB BTX30 TABS ΣΕ BLISTER (WHITE OPAQUE PVC/PVDC-ALU),QUETIAPINE,,,2803104705028,N05AH04,ΦΑΡΜΑΚΕΙΟΥ,GAP A.E.,2025-05-12,2026-05-31,shortage,Καθυστέρηση παράδοσης,"Εναλλακτικά άλλα σκευάσματα της ίδιας δραστικής, μορφής και περιεκτικότητας",2026-03-12T16:42:03.363597
GR,Greece,EOF,MATEPIL PR.TAB 200MG/TAB BTX30 (PVC/PVDC/ALU BLISTER),QUETIAPINE,,,2803104701020,N05AH04,ΦΑΡΜΑΚΕΙΟΥ,GAP A.E.,2024-09-16,2026-05-31,shortage,Καθυστέρηση παράδοσης,"Εναλλακτικά άλλα σκευάσματα της ίδιας δραστικής, μορφής και περιεκτικότητας",2026-03-12T16:42:03.363597
GR,Greece,EOF,MATEPIL PR.TAB 300MG/TAB BTX30 (PVC/PVDC/ALU BLISTER),QUETIAPINE,,,2803104702027,N05AH04,ΦΑΡΜΑΚΕΙΟΥ,GAP A.E.,2024-09-16,2026-05-31,shortage,Καθυστέρηση παράδοσης,"Εναλλακτικά άλλα σκευάσματα της ίδιας δραστικής, μορφής και περιεκτικότητας",2026-03-12T16:42:03.363597
GR,Greece,EOF,MATEPIL PR.TAB 400MG/TAB BTX30 (PVC/PVDC/ALU BLISTER),QUETIAPINE,,,2803104703024,N05AH04,ΦΑΡΜΑΚΕΙΟΥ,GAP A.E.,2025-07-11,2026-05-31,shortage,Καθυστέρηση παράδοσης,"Εναλλακτικά άλλα σκευάσματα της ίδιας δραστικής, μορφής και περιεκτικότητας",2026-03-12T16:42:03.364593
GR,Greece,EOF,MATEPIL PR.TAB 50MG/TAB BTX30 TABS (PVC/PVDC-ALU BLISTER PACK),QUETIAPINE,,,2803104704052,N05AH04,ΦΑΡΜΑΚΕΙΟΥ,GAP A.E.,2025-05-19,2026-05-31,shortage,Καθυστέρηση παράδοσης,"Εναλλακτικά άλλα σκευάσματα της ίδιας δραστικής, μορφής και περιεκτικότητας",2026-03-12T16:42:03.364593
GR,Greece,EOF,QUENTAL PR.TAB 50MG/TAB BTX30 (WHITE OPAQUE PVC/-PVDC-ALU BLISTER),QUETIAPINE,,,2803093101023,N05AH04,ΦΑΡΜΑΚΕΙΟΥ,PHARMAZAC AE,2025-10-07,2026-12-07,shortage,Καθυστέρηση παράδοσης,"Εναλλακτικά άλλα σκευάσματα της ίδιας δραστικής, μορφής και περιεκτικότητας",2026-03-12T16:42:03.364593
GR,Greece,EOF,RUBRUM F.C.TAB 3MG/TAB BTX30 TABS (BLISTER),RISPERIDONE,,,2802828203025,N05AX08,ΦΑΡΜΑΚΕΙΟΥ,"TARGET PHARMA ΜΟΝΟΠΡΟΣΩΠΗ ΕΠΕ, ΕΛΛΑΔΑ",2025-10-21,2026-08-31,shortage,Προβλήματα στην παραγωγική διαδικασία,"Εναλλακτικά άλλα σκευάσματα της ίδιας δραστικής, μορφής και περιεκτικότητας",2026-03-12T16:42:03.364593
GR,Greece,EOF,RUBRUM F.C.TAB 4MG/TAB BTX30 TABS (BLISTER),RISPERIDONE,,,2802828204022,N05AX08,ΦΑΡΜΑΚΕΙΟΥ,"TARGET PHARMA ΜΟΝΟΠΡΟΣΩΠΗ ΕΠΕ, ΕΛΛΑΔΑ",2025-10-21,2026-08-31,shortage,Προβλήματα στην παραγωγική διαδικασία,"Εναλλακτικά άλλα σκευάσματα της ίδιας δραστικής, μορφής και περιεκτικότητας",2026-03-12T16:42:03.364593
GR,Greece,EOF,ARPOYA TABLET 15MG/TAB BTx28 tabs σε (PA/Alu foil perforated blisters (alu-alu blister),ARIPIPRAZOLE,,,2803083003023,N05AX12,ΦΑΡΜΑΚΕΙΟΥ,"PHARMATHEN INVESTMENTS GROUP LIMITED, CYPRUS",2026-02-12,2026-06-30,shortage,Καθυστέρηση παράδοσης,"Εναλλακτικά άλλα σκευάσματα της ίδιας δραστικής, μορφής και περιεκτικότητας",2026-03-12T16:42:03.364593
GR,Greece,EOF,ARPOYA TABLET 5MG/TAB BTx28 tabs σε (PA/Alu foil perforated blisters (alu-alu blister),ARIPIPRAZOLE,,,2803083001029,N05AX12,ΦΑΡΜΑΚΕΙΟΥ,"PHARMATHEN INVESTMENTS GROUP LIMITED, CYPRUS",2026-02-12,2026-06-30,shortage,Καθυστέρηση παράδοσης,Εναλλακτικά άλλα σκευάσματα της ίδιας δραστικής και μορφής,2026-03-12T16:42:03.364593
GR,Greece,EOF,DOPELIR® INJ.SU.PRO 100MG/PF.SYR BT X 1 PF.SYR + 2 NEEDLES,PALIPERIDONE,,,2803243504018,N05AX13,ΦΑΡΜΑΚΕΙΟΥ,INNOVIS PHARMA A.E.B.E.,2026-02-13,2026-03-31,shortage,Καθυστέρηση παράδοσης,"Εναλλακτικά άλλα σκευάσματα της ίδιας δραστικής, μορφής και περιεκτικότητας",2026-03-12T16:42:03.364978
GR,Greece,EOF,DOPELIR® INJ.SU.PRO 150MG/PF.SYR BT X 1 PF.SYR + 2 NEEDLES,PALIPERIDONE,,,2803243505015,N05AX13,ΦΑΡΜΑΚΕΙΟΥ,INNOVIS PHARMA A.E.B.E.,2026-02-13,2026-03-31,shortage,Καθυστέρηση παράδοσης,"Εναλλακτικά άλλα σκευάσματα της ίδιας δραστικής, μορφής και περιεκτικότητας",2026-03-12T16:42:03.364978
GR,Greece,EOF,DOPELIR® INJ.SU.PRO 75MG/PF.SYR BT X 1 PF.SYR + 2 NEEDLES,PALIPERIDONE,,,2803243503011,N05AX13,ΦΑΡΜΑΚΕΙΟΥ,INNOVIS PHARMA A.E.B.E.,2026-02-13,2026-03-31,shortage,Καθυστέρηση παράδοσης,"Εναλλακτικά άλλα σκευάσματα της ίδιας δραστικής, μορφής και περιεκτικότητας",2026-03-12T16:42:03.364978
GR,Greece,EOF,PSOKADRON® INJ.SU.PRO 100MG/PF.SYR BT X 1 PF.SYR + 2 NEEDLES,PALIPERIDONE,,,2803241704014,N05AX13,ΦΑΡΜΑΚΕΙΟΥ,ELPEN AE ΦΑΡΜΑΚΕΥΤΙΚΗ ΒΙΟΜΗΧΑΝΙΑ,2025-12-29,2026-03-31,shortage,Προβλήματα στην παραγωγική διαδικασία,"Εναλλακτικά άλλα σκευάσματα της ίδιας δραστικής, μορφής και περιεκτικότητας",2026-03-12T16:42:03.364978
GR,Greece,EOF,PSOKADRON® INJ.SU.PRO 150MG/PF.SYR BT X 1 PF.SYR + 2 NEEDLES,PALIPERIDONE,,,2803241705011,N05AX13,ΦΑΡΜΑΚΕΙΟΥ,ELPEN AE ΦΑΡΜΑΚΕΥΤΙΚΗ ΒΙΟΜΗΧΑΝΙΑ,2025-12-29,2026-03-31,shortage,Προβλήματα στην παραγωγική διαδικασία,"Εναλλακτικά άλλα σκευάσματα της ίδιας δραστικής, μορφής και περιεκτικότητας",2026-03-12T16:42:03.364978
GR,Greece,EOF,PSOKADRON® INJ.SU.PRO 75MG/PF.SYR BT X 1 PF.SYR + 2 NEEDLES,PALIPERIDONE,,,2803241703017,N05AX13,ΦΑΡΜΑΚΕΙΟΥ,ELPEN AE ΦΑΡΜΑΚΕΥΤΙΚΗ ΒΙΟΜΗΧΑΝΙΑ,2025-12-29,2026-03-31,shortage,Προβλήματα στην παραγωγική διαδικασία,"Εναλλακτικά άλλα σκευάσματα της ίδιας δραστικής, μορφής και περιεκτικότητας",2026-03-12T16:42:03.364978
GR,Greece,EOF,PRALOTAM F.C.TAB 40MG/TAB BTX30 (BLIST 2 X 15),CITALOPRAM,,,2802672202038,N06AB04,ΦΑΡΜΑΚΕΙΟΥ,MEDIAPHARM ΕΠΕ,2025-11-21,2026-04-30,shortage,Καθυστέρηση παράδοσης,"Εναλλακτικά άλλα σκευάσματα της ίδιας δραστικής, μορφής και περιεκτικότητας",2026-03-12T16:42:03.364978
GR,Greece,EOF,SILOAM F.C.TAB 40MG/TAB BTX28 (BLIST 2X14),CITALOPRAM,,,2802677202026,N06AB04,ΦΑΡΜΑΚΕΙΟΥ,"ΜΕΝΤΙΜΑΡ Α.Ε. ΦΑΡΜΑΚΩΝ,ΚΑΛ/ΚΩΝ,ΙΑΤ ΡΙΚΟΥ ΕΞΟΠΛΙΣΜΟΥ Δ.Τ.ΜΕΝΤΙ",2025-12-30,2026-03-31,shortage,Καθυστέρηση έγκρισης τροποποίησης Ε.Ο.Φ.,"Εναλλακτικά άλλα σκευάσματα της ίδιας δραστικής, μορφής και περιεκτικότητας",2026-03-12T16:42:03.364978
GR,Greece,EOF,SOLBEN TABLET 30MG/TAB BTx30 (BLIST 3x10),"PAROXETINE, HYDROCHLORID, E",,,2802728903049,N06AB05,ΦΑΡΜΑΚΕΙΟΥ,INNOVIS PHARMA A.E.B.E.,2026-02-04,2026-04-15,shortage,Καθυστέρηση παράδοσης,"Εναλλακτικά άλλα σκευάσματα της ίδιας δραστικής, μορφής και περιεκτικότητας",2026-03-12T16:42:03.364978
GR,Greece,EOF,SEROLUX F.C.TAB 50MG/TAB BTx30 (BLISTER AL/PVC),"SERTRALINE, HYDROCHLORID, E",,,2802801901061,N06AB06,ΦΑΡΜΑΚΕΙΟΥ,"SANDOZ GMBH, KUNDL, AUSTRIA",2025-11-26,2026-03-31,shortage,Αυξημένη ζήτηση,,2026-03-12T16:42:03.364978
GR,Greece,EOF,ZOLOTRIN F.C.TAB 100MG/TAB ΒΤ X 30 ΣΕ BLISTERS PVC/ALUMINIUM,SERTRALINE,,,2802689202052,N06AB06,ΦΑΡΜΑΚΕΙΟΥ,INNOVIS PHARMA A.E.B.E.,2025-06-30,2026-09-30,shortage,Καθυστέρηση παράδοσης,"Εναλλακτικά άλλα σκευάσματα της ίδιας δραστικής, μορφής και περιεκτικότητας",2026-03-12T16:42:03.364978
GR,Greece,EOF,ZOLOTRIN F.C.TAB 50MG/TAB ΒΤ X 30 ΣΕ BLISTERS PVC/ALUMINIUM,SERTRALINE,,,2802689201055,N06AB06,ΦΑΡΜΑΚΕΙΟΥ,INNOVIS PHARMA A.E.B.E.,2025-06-30,2026-09-30,shortage,Καθυστέρηση παράδοσης,"Εναλλακτικά άλλα σκευάσματα της ίδιας δραστικής, μορφής και περιεκτικότητας",2026-03-12T16:42:03.364978
GR,Greece,EOF,EFEXOR XR PR.CAP 75MG/CAP BTx28 (BLIST 2x14),"VENLAFAXINE, HYDROCHLORID, E",,,2802203705045,N06AX16,ΦΑΡΜΑΚΕΙΟΥ,"VIATRIS HELLAS LTD, ΕΛΛΑΔΑ",2026-03-15,2026-04-30,shortage,Καθυστέρηση παράδοσης,,2026-03-12T16:42:03.364978
GR,Greece,EOF,SEROSMINE PR.TAB 150MG/TAB BT X 30 ΣΕ BLISTERS (PVC/ACLAR/ALU FOIL),VENLAFAXINE,,,2802722202056,N06AX16,ΦΑΡΜΑΚΕΙΟΥ,ITF HELLAS S.A.,2025-11-10,2026-03-18,shortage,Καθυστέρηση παράδοσης,"Εναλλακτικά άλλα σκευάσματα της ίδιας δραστικής, μορφής και περιεκτικότητας",2026-03-12T16:42:03.364978
GR,Greece,EOF,ZACALEN PR.CAP 75MG/CAP BTX28,VENLAFAXINE,,,2802947501026,N06AX16,ΦΑΡΜΑΚΕΙΟΥ,PHARMAZAC AE,2025-08-26,2026-03-24,shortage,Καθυστέρηση παράδοσης,"Εναλλακτικά άλλα σκευάσματα της ίδιας δραστικής, μορφής και περιεκτικότητας",2026-03-12T16:42:03.364978
GR,Greece,EOF,CONCERTA PR.TAB 36MG/TAB (ΛΕΥΚΑ) BT x 1 BOTTLE x 30,"METHYLPHENIDA, TE, HYDROCHLORID, E",,,2802571802025,N06BA04,ΦΑΡΜΑΚΕΙΟΥ,JANSSEN-CILAG ΦΑΡΜΑΚΕΥΤΙΚΗ ΜΟΝΟΠΡΟΣΩΠΗ ΑΕΒΕ,2026-03-18,2026-04-15,shortage,Προβλήματα στην παραγωγική διαδικασία,,2026-03-12T16:42:03.364978
GR,Greece,EOF,ARICEPT F.C.TAB 10 MG/TAB BT X28(BLIST2X14),DONEPEZIL,,,2802354502029,N06DA02,ΦΑΡΜΑΚΕΙΟΥ,PFIZER ΕΛΛΑΣ Α.Ε.,2025-11-15,2026-04-06,shortage,Καθυστέρηση παράδοσης,"Εναλλακτικά άλλα σκευάσματα της ίδιας δραστικής, μορφής και περιεκτικότητας",2026-03-12T16:42:03.364978
GR,Greece,EOF,ARICEPT F.C.TAB 5MG/TAB BTX28(BLIST2X14),DONEPEZIL,,,2802354501022,N06DA02,ΦΑΡΜΑΚΕΙΟΥ,PFIZER ΕΛΛΑΣ Α.Ε.,2026-01-20,2026-04-06,shortage,Καθυστέρηση παράδοσης,"Εναλλακτικά άλλα σκευάσματα της ίδιας δραστικής, μορφής και περιεκτικότητας",2026-03-12T16:42:03.364978
GR,Greece,EOF,CIDREN F.C.TAB 5MG/TAB BTx84 (BLIST 6x14),"PILOCARPINE, HYDROCHLORID, E",,,2802620801023,N07AX01,ΦΑΡΜΑΚΕΙΟΥ,VOCATE ΦΑΡΜΑΚΕΥΤΙΚΗ Α.Ε.,2026-05-29,2026-09-02,shortage,Καθυστέρηση παράδοσης,,2026-03-12T16:42:03.364978
GR,Greece,EOF,ATOVAQUONE/VOCATE ORAL.SUSP 750MG/5ML BTX1 BOTTLE  (HDPE) X250 ML,ATOVAQUONE,,,2803182601014,P01AX06,ΦΑΡΜΑΚΕΙΟΥ,VOCATE ΦΑΡΜΑΚΕΥΤΙΚΗ Α.Ε.,2025-02-04,2026-05-31,shortage,Καθυστέρηση παράδοσης,"Εναλλακτικά άλλο σκεύασμα της ίδιας δραστικής, μορφής και περιεκτικότητας",2026-03-12T16:42:03.364978
GR,Greece,EOF,"OTRIVIN (MOISTURISING FORMULA) NASPR.SOL (0,1% (W/V) BOTTLEX10ML ΜΕ ΨΕΚΑΣΤΉΡΑ","XYLOMETAZOLIN, E",,,2800055315016,R01AA07,ΜΗΣΥΦΑ,"HALEON ΕΛΛΑΣ, ΕΛΛΑΔΑ",2025-06-05,2028-06-01,shortage,Καθυστέρηση παράδοσης,"Εναλλακτικά άλλα σκευάσματα της ίδιας δραστικής, μορφής και περιεκτικότητας",2026-03-12T16:42:03.364978
GR,Greece,EOF,NEVANAC EY.DRO.SUS 3MG/ML BT x 1 LDPE BOTTLE (OVAL) x 3 ML,NEPAFENAC,,,2802820902025,S01BC10,ΦΑΡΜΑΚΕΙΟΥ,"NOVARTIS EUROPHARM LIMITED, IRELAND",2026-07-01,2026-09-30,shortage,Καθυστέρηση παράδοσης,Εναλλακτικά το ίδιο φάρμακο σε διαφορετική περιεκτικότητα,2026-03-12T16:42:03.364978
GR,Greece,EOF,"GENTADEX EY.DRO.SOL 0,1+0,3% BTX1FLX5ML","DEXAMETHASON, E, GENTAMICIN",,,2802450901016,S01CA01,ΦΑΡΜΑΚΕΙΟΥ,ΦΑΡΜΕΞ Α.Ε.,2025-04-25,2026-03-31,shortage,Αυξημένη ζήτηση,Εναλλακτικά άλλο σκεύασμα της ίδιας κατηγορίας S01CA01 και της ίδιας μορφής,2026-03-12T16:42:03.364978
GR,Greece,EOF,MIOCHOL-E P.S.I.I.U 1% W/V 1 VIAL+1 AMPx2 ML SOLV,ACETYLCHOLINE,,,2801981601020,S01EB09,ΦΑΡΜΑΚΕΙΟΥ,"DR.GERHARD MANN CHEM-PHARM. FABRIK G.M.B.H, GERMANY",2026-02-01,2026-05-31,shortage,Καθυστέρηση παράδοσης,Με ειδική νοσοκομειακή παραγγελία,2026-03-12T16:42:03.364978
GR,Greece,EOF,DORZYLEA® EY.DRO.SOL (20+5)MG/ML BTx30 FL (LDPE) σταγονομετρικά SDx0.3 MLσε 3 SACHETS (2 STRIPS x 5),"DORZOLAMIDE,, TIMOLOL",,,2803233401037,S01ED51,ΦΑΡΜΑΚΕΙΟΥ,PHARMA STULLN GMBH GERMANY,2026-02-09,2026-03-31,shortage,Καθυστέρηση παράδοσης,,2026-03-12T16:42:03.364978
GR,Greece,EOF,VIZIDOR DUO® EY.DRO.SOL (20+5)MG/ML BTX1 ΦΙΆΛΗ (LDPE) X 5 ML,"DORZOLAMIDE,TI, MOLOL",,,2803177101017,S01ED51,ΦΑΡΜΑΚΕΙΟΥ,"BAUSCH + LOMB IRELAND LIMITED, IRELAND",2025-10-17,2026-03-30,shortage,Καθυστέρηση παράδοσης,"Εναλλακτικά άλλα σκευάσματα της ίδιας δραστικής, μορφής και περιεκτικότητας",2026-03-12T16:42:03.364978
GR,Greece,EOF,"ZADITOR EY.DRO.SOL 0,25MG/1ML FLX5 ML",KETOTIFEN,,,2803041101013,S01GX08,ΦΑΡΜΑΚΕΙΟΥ,"LABORATOIRES THEA, FRANCE",2025-10-01,2026-04-30,shortage,Προβλήματα στην παραγωγική διαδικασία,"Εναλλακτικά άλλα σκευάσματα της ίδιας δραστικής, μορφής και περιεκτικότητας",2026-03-12T16:42:03.364978
GR,Greece,EOF,ALCAINE EY.DRO.SOL 0.5% BTX 1 BOTTLE X15 ML,"PROXYMETACAIN, E, HYDROCHLORID, E",,,2801915801014,S01HA04,ΦΑΡΜΑΚΕΙΟΥ,ΑΛΚΟΝ ΛΑΜΠΟΡΑΤΟΡΙΣ ΕΛΛΑΣ - ΜΟΝΟΠΡΟΣΩΠΗ ΑΝΩΝΥΜΗ ΕΜΠΟΡΙΚΗ ΚΑΙ ΒΙΟΜΗΧΑΝΙΚΗ ΕΤΑΙΡΕΙΑ,2025-12-20,2026-04-30,shortage,Καθυστέρηση παράδοσης,"Εναλλακτικά άλλα σκευάσματα της ίδιας δραστικής, μορφής και περιεκτικότητας",2026-03-12T16:42:03.364978
GR,Greece,EOF,"HYALOVET PLUS EY.DR.S.SD 0,0975MG/0,65ML BTx30 x 0,65 ML SINGLE DOSE CONTAINERS","HYALURONATE, SODIUM",,,2802939101012,S01XA20,ΦΑΡΜΑΚΕΙΟΥ,"ZWITTER PHARMACEUTICALS ΕΠΕ, GREECE",2026-02-13,2026-05-31,shortage,Καθυστέρηση παράδοσης,Εναλλακτικά άλλα σκευάσματα της ίδιας κατηγορίας S01XA20 με τις ίδιες ενδείξεις,2026-03-12T16:42:03.364978
GR,Greece,EOF,SUGAMMADEX/ANABIOSIS INJ.SOL 100MG/ML BT X 10 VIALS X 2 ML,"SUGAMMADEX, SODIUM",,,2803257401013,V03AB35,ΝΟΣΟΚΟΜΕΙΑΚΟ,"ΑΝΑΒΙΩΣΙΣ Α.Ε., ΕΛΛΑΔΑ",2026-05-22,2027-05-31,shortage,Προβλήματα στην παραγωγική διαδικασία,"Εναλλακτικά άλλα σκευάσματα της ίδιας δραστικής, μορφής και περιεκτικότητας",2026-03-12T16:42:03.364978
GR,Greece,EOF,SUGAMMADEX/PHARMAZAC INJ.SOL 100MG/ML BTX 10 VIALS X 2ML,"SUGAMMADEX, SODIUM",,,2803299501016,V03AB35,ΝΟΣΟΚΟΜΕΙΑΚΟ,PHARMAZAC AE,2024-12-17,2026-06-15,shortage,Καθυστέρηση παράδοσης,"Εναλλακτικά άλλα σκευάσματα της ίδιας δραστικής, μορφής και περιεκτικότητας",2026-03-12T16:42:03.364978
GR,Greece,EOF,SEVELAMER/DEMO F.C.TAB 800MG/TAB HDPE BOTTLE X 180 (ΜΕ ΕΞΩΤΕΡΙΚΌ ΚΟΥΤΊ),SEVELAMER,,,2803039301012,V03AE02,ΦΑΡΜΑΚΕΙΟΥ,DEMO ABEE,2025-09-04,2026-06-30,shortage,Καθυστέρηση παράδοσης,"Εναλλακτικά άλλα σκευάσματα της ίδιας δραστικής, μορφής και περιεκτικότητας",2026-03-12T16:42:03.364978
GR,Greece,EOF,WATER FOR INJECTION/ADIPHARM SOLV.INJ 100% W/V (μικρού όγκου) BTx50PLASTICAMPx10ML,"WATER FOR, INJECTION",,,2802638201020,V07AB,ΦΑΡΜΑΚΕΙΟΥ,ΑΔΗΦΑΡΜ Μ.Ε.Π.Ε.,2026-02-10,2026-06-30,shortage,Αυξημένη ζήτηση,"Εναλλακτικά άλλα σκευάσματα της ίδιας δραστικής, μορφής και περιεκτικότητας.",2026-03-12T16:42:03.364978
GR,Greece,EOF,GASTROGRAFIN GASTRO.SOL 66%+10% (W/V) FL x 100 ML,"MEGLUMINE, AMIDOTRIZOATE,, SODIUM, AMIDOTRIZOATE",,,2800220001010,V08AA01,ΦΑΡΜΑΚΕΙΟΥ,BAYER ΕΛΛΑΣ ΑΒΕΕ,2026-02-25,2026-09-30,shortage,Πρόβλημα ασφάλειας χρήσης φαρμάκου,,2026-03-12T16:42:03.364978
GR,Greece,EOF,IOMERON INJ.SOL 30%  W/V BOTTLE X  50 ML,IOMEPROL,,,2802300804016,V08AB10,ΣΚΙΑΓΡΑΦΙΚΟ,"BRACCO IMAGING SPA, 20134-MILANO, ITALY",2025-12-12,2026-03-16,shortage,Προβλήματα στην παραγωγική διαδικασία,"Εναλλακτικά άλλα σκευάσματα της ίδιας κατηγορίας V08AB - Yδατοδιαλυτά, νεφροτρόπα, χαμηλής ωσμωτικότητας σκιαγραφικά ακτίνων «X» με τις ίδιες ενδείξεις",2026-03-12T16:42:03.364978
GR,Greece,EOF,IOMERON INJ.SOL 35% W/V BOTTLE X 200 ML,IOMEPROL,,,2802300805051,V08AB10,ΦΑΡΜΑΚΕΙΟΥ,"BRACCO IMAGING SPA, 20134-MILANO, ITALY",2025-11-05,2026-03-16,shortage,Καθυστέρηση παράδοσης,"Εναλλακτικά άλλα σκευάσματα της ίδιας κατηγορίας V08AB - Yδατοδιαλυτά, νεφροτρόπα, χαμηλής ωσμωτικότητας σκιαγραφικά ακτίνων «X» με τις ίδιες ενδείξεις",2026-03-12T16:42:03.364978
GR,Greece,EOF,IOMERON INJ.SOL 30%  W/V BOTTLE X 200 ML,IOMEPROL,,,2802300804054,V08AB10,ΣΚΙΑΓΡΑΦΙΚΟ,"BRACCO IMAGING SPA, 20134-MILANO, ITALY",2026-01-15,2026-03-16,shortage,Προβλήματα στην παραγωγική διαδικασία,"Εναλλακτικά άλλα σκευάσματα της ίδιας κατηγορίας V08AB - Yδατοδιαλυτά, νεφροτρόπα, χαμηλής ωσμωτικότητας σκιαγραφικά ακτίνων «X» με τις ίδιες ενδείξεις",2026-03-12T16:42:03.364978
GR,Greece,EOF,IOMERON INJ.SOL 40% W/V BOTTLE x 100 ML,IOMEPROL,,,2802300806034,V08AB10,ΣΚΙΑΓΡΑΦΙΚΟ,"BRACCO IMAGING SPA, 20134-MILANO, ITALY",2026-02-27,2026-03-27,shortage,Προβλήματα στην παραγωγική διαδικασία,"Εναλλακτικά άλλα σκευάσματα της ίδιας κατηγορίας V08AB- Yδατοδιαλυτά, νεφροτρόπα, χαμηλής ωσμωτικότητας σκιαγραφικά ακτίνων «X» με τις ίδιες ενδείξεις",2026-03-12T16:42:03.364978
GR,Greece,EOF,DOTAGRAF INJ.SOL 0.5MMOL/ML (ΜΙΑΣ ΧΡΗΣΗΣ) BTx 1 VIAL x 15ML,GADOTERIC ACID,,,2803135601023,V08CA02,ΣΚΙΑΓΡΑΦΙΚΟ,BAYER ΕΛΛΑΣ ΑΒΕΕ,2026-03-16,2026-04-30,shortage,Αυξημένη ζήτηση,"Εναλλακτικά άλλα σκευάσματα της ίδιας δραστικής, μορφής και περιεκτικότητας",2026-03-12T16:42:03.364978
GR,Greece,EOF,"ANCOTIL_SOL.IV.INF_2,5GR/VIAL_BT x 5VIAL x 250ML",FLUCYTOSINE,,,2809001101017,J02AX01,Ν+Φ,Ι.Φ.Ε.Τ.,2026-02-16,2026-05-29,shortage,ΔΙΑΔΙΚΑΣΙΑ ΜΕΤΑΒΙΒΑΣΗΣ ΤΗΣ ΑΔΕΙΑΣ ΣΕ ΑΛΛΟΝ ΚΑΚ,,2026-03-12T16:42:03.364978
GR,Greece,EOF,BETNESOL_REC.SOL_5MG/100ML_BT x 7FL x 100ML,"BETAMETHASONE, PHOSPHATE DISSODIUM",,,2809045501026,A07EA04,Ν+Φ,Ι.Φ.Ε.Τ.,2026-02-16,2026-05-29,shortage,ΠΡΟΒΛΗΜΑ ΠΑΡΑΓΩΓΗΣ,,2026-03-12T16:42:03.364978
GR,Greece,EOF,"BRICANYL_INJ.SO.INF_0,5MG/ML_BT x 10AMP x 5ML",TERBUTALINE SULPHATE,,,2809043401014,R03CC03,Ν+Φ,Ι.Φ.Ε.Τ.,2026-02-16,2026-05-29,shortage,ΕΡΕΥΝΑ ΑΓΟΡΑΣ,,2026-03-12T16:42:03.364978
GR,Greece,EOF,ELDISINE_PD.SOL.INF_5MG/VIAL_BT x 1VIAL,VINDESINE SULPHATE,,,2809050801012,L01CA03,Ν+Φ,Ι.Φ.Ε.Τ.,2026-02-16,2026-05-29,shortage,ΠΡΟΒΛΗΜΑ ΠΑΡΑΓΩΓΗΣ. ΝΕΑ ΠΑΡΑΓΩΓΗ 2ο 3ΜΗΝΟ 2026,,2026-03-12T16:42:03.364978
GR,Greece,EOF,HEPARIN/BICHSEL_SOL.IV.INF_50IU/ML_BT X 10AMPS x 1ML,HEPARIN SODIUM,,,2809077801019,B01AB01,Ν+Φ,Ι.Φ.Ε.Τ.,2026-02-16,2026-09-30,shortage,ΑΔΥΝΑΜΙΑ ΕΥΡΕΣΗΣ.,,2026-03-12T16:42:03.364978
GR,Greece,EOF,SYNACTHEN DEPOT_INJ.SU.RET_1MG/ML_BT x 10AMPS x 1ML,"TETRACOSACTIDE, (TETRACOSACTRIN)",,,2809129301016,H01AA02,Ν+Φ,Ι.Φ.Ε.Τ.,2026-02-16,2026-05-10,shortage,ΠΡΟΒΛΗΜΑ ΠΑΡΑΓΩΓΗΣ,,2026-03-12T16:42:03.364978
GR,Greece,EOF,TRECATOR_TAB_250MG/TAB_BT x 100,ETHIONAMIDE,,,2809028602016,J04AD03,Ν+Φ,Ι.Φ.Ε.Τ.,2026-02-16,2026-08-03,shortage,ΑΔΥΝΑΜΙΑ ΕΥΡΕΣΗΣ,,2026-03-12T16:42:03.364978
GR,Greece,EOF,UBRETID_TAB_5MG/TAB_BT x 50,DISTIGMINE BROMIDE,,,2809055901014,N07AA03,Ν+Φ,Ι.Φ.Ε.Τ.,2026-02-16,2026-05-29,shortage,ΠΡΟΒΛΗΜΑ ΠΑΡΑΓΩΓΗΣ. ΝΕΑ ΠΑΡΑΓΩΓΗ ΤΟ 2026,,2026-03-12T16:42:03.364978
GR,Greece,EOF,DILTIAZEM_PD.INJ.SOL_50MG/10ML_BT x 10 SINGLE-DOSE VIALS x 10ML,"DILTIAZEM, HYDROCHLORIDE",,,2809209101017,C08DB01,Ν,Ι.Φ.Ε.Τ.,2026-02-16,,shortage,ΕΡΕΥΝΑ ΑΓΟΡΑΣ,,2026-03-12T16:42:03.364978
GR,Greece,EOF,EREMFAT_PD.SOL.INF_600MG/VIAL_BT x 1VIAL,RIFAMPICIN SODIUM,,,2809149502011,J04AB02,Ν+Φ,Ι.Φ.Ε.Τ.,2026-02-16,2026-03-01,shortage,ΑΝΑΜΕΝΕΤΑΙ,,2026-03-12T16:42:03.364978
GR,Greece,EOF,JORVEZA_OR.DISP.TA_1MG/TAB_BT x 60,BUDESONIDE,,,2809182801027,A07EA06,Ν+Φ,Ι.Φ.Ε.Τ.,2026-02-16,2026-03-01,shortage,ΑΝΑΜΕΝΕΤΑΙ,,2026-03-12T16:42:03.364978
GR,Greece,EOF,KAYEXALATE_PD.ORA.SUS__BAG x 454G,"SODIUM POLYSTYRENE, SULPHONATE",,,2809014001014,V03AE01,Ν+Φ,Ι.Φ.Ε.Τ.,2026-02-16,2026-03-01,shortage,ΑΝΑΜΕΝΕΤΑΙ,,2026-03-12T16:42:03.364978
GR,Greece,EOF,KENALOG_INJ.SUSP_40MG/ML_BT x 5AMP x 1ML,"TRIAMCINOLONE, ACETONIDE",,,2809180201010,H02AB08,Ν+Φ,Ι.Φ.Ε.Τ.,2026-02-16,2026-03-01,shortage,ΑΝΑΜΕΝΕΤΑΙ,,2026-03-12T16:42:03.364978
GR,Greece,EOF,PANCURONIUM/INRESA_SOL.IV.INF_4MG/2ML_BT x 10AMPS x 2ML,PANCURONIUM BROMIDE,,,2809144601016,M03AC01,Ν,Ι.Φ.Ε.Τ.,2026-02-16,2026-03-01,shortage,ΑΝΑΜΕΝΕΤΑΙ,,2026-03-12T16:42:03.364978
GR,Greece,EOF,"PANRETIN_GEL.EXT.US_0,10%_TUB x 60GR",ALITRETINOIN,,,2809172501012,L01XF02,Ν+Φ,Ι.Φ.Ε.Τ.,2026-02-16,,shortage,ΕΡΕΥΝΑ ΑΓΟΡΑΣ,,2026-03-12T16:42:03.364978
GR,Greece,EOF,"PRIMAQUINE_F.C.TAB_7,5MG/TAB_BT x 100",PRIMAQUINE PHOSPHATE,,,2809059502019,P01BA03,Ν,Ι.Φ.Ε.Τ.,2026-02-16,2026-03-01,shortage,ΑΝΑΜΕΝΕΤΑΙ,,2026-03-12T16:42:03.364978
GR,Greece,EOF,PROSTIN E2_VAG.TAB_3MG/TAB_ΒΤ x 8,DINOPROSTONE,,,2809726301013,G02AD02,Ν,Ι.Φ.Ε.Τ.,2026-02-16,2026-03-01,shortage,ΑΝΑΜΕΝΕΤΑΙ,,2026-03-12T16:42:03.364978
GR,Greece,EOF,TRANDATE_F.C.TAB_100MG/TAB_BT x 30 (BLIST 2 x 15),"LABETALOL, HYDROCHLORIDE",,,2809205701013,C07AG01,Ν+Φ,Ι.Φ.Ε.Τ.,2026-02-16,2026-03-30,shortage,ΕΡΕΥΝΑ ΑΓΟΡΑΣ,,2026-03-12T16:42:03.364978
GR,Greece,EOF,UROCHINASI/EG_PS.SOL.INF_100.000 UI/2ML_BT x 1VIAL + SOLV x 2ML,UROKINASE,,,2809157901011,B01AD04,Ν+Φ,Ι.Φ.Ε.Τ.,2026-02-16,,shortage,ΕΡΕΥΝΑ ΑΓΟΡΑΣ,,2026-03-12T16:42:03.364978
GR,Greece,EOF,UROCHINASI/EG_PS.SOL.INF_25.000 UI/2ML_BT x 1VIAL + SOLV x 2ML,UROKINASE,,,2809157902018,B01AD04,Ν+Φ,Ι.Φ.Ε.Τ.,2026-02-16,,shortage,ΕΡΕΥΝΑ ΑΓΟΡΑΣ,,2026-03-12T16:42:03.364978
