country_code,country_name,source,medicine_name,active_substance,strength,package_size,atc_code,authorisation_number,marketing_auth_holder,notification_date,shortage_start,estimated_end,shortage_period,status,reason,scraped_at
HR,Croatia,HALMED,"Imakrebin 100 mg filmom obložene tablete; 60 tableta u blisteru, u kutiji",imatinibmesilat,,,L01EA01,HR-H-922215032-04,"Zentiva k.s., Češka",2016-08-30,2016-06-01,2026-05-30,01.06.2016. - 30.05.2026.,shortage,komercijalni razlozi,2026-03-12T16:44:54.004437
HR,Croatia,HALMED,"Imakrebin 400 mg filmom obložene tablete; 30 filmom obloženih tableta u blisteru; 30 tableta u blisteru, u kutiji",imatinibmesilat,,,L01EA01,HR-H-833441349-03,"Zentiva k.s., Češka",2016-08-30,2016-06-01,2026-05-30,01.06.2016. - 30.05.2026.,shortage,komercijalni razlozi,2026-03-12T16:44:54.004437
HR,Croatia,HALMED,"Seroquel XR 50 mg tablete s produljenim oslobađanjem; 60 tableta u blisteru, u kutiji",kvetiapinfumarat,,,,HR-H-955743091-04,"Cheplapharm Arzneimittel GmbH, Njemačka",2016-12-21,2016-12-20,,20.12.2016. - nepoznato,shortage,komercijalni razlozi,2026-03-12T16:44:54.012775
HR,Croatia,HALMED,"Priligy 60 mg filmom obložene tablete; 3 tablete u blisteru, u višestruko presavijenoj kutiji",dapoksetinklorid,,,,HR-H-635589393-03,"Berlin-Chemie AG, Njemačka",2018-06-11,2018-06-11,,11.06.2018. - nepoznato,shortage,komercijalni razlozi,2026-03-12T16:44:54.012775
HR,Croatia,HALMED,Kiovig 100 mg/ml otopina za infuziju; 200 ml otopine u bočici (staklo tipa I) s čepom (bromobutil),"imunoglobulin normalni, ljudski,, intravenski",,,,EU/1/05/329/005,"Takeda Manufacturing Austria AG, Austrija",2018-12-07,2018-12-07,,07.12.2018. - 11.2026.,shortage,razlozi povezani s proizvodnjom,2026-03-12T16:44:54.012775
HR,Croatia,HALMED,Kiovig 100 mg/ml otopina za infuziju; 50 ml otopine u bočici (staklo tipa I) s čepom (bromobutil),"imunoglobulin normalni, ljudski,, intravenski",,,,EU/1/05/329/003,"Takeda Manufacturing Austria AG, Austrija",2018-12-07,2018-12-07,,07.12.2018. - 11.2026.,shortage,razlozi povezani s proizvodnjom,2026-03-12T16:44:54.012775
HR,Croatia,HALMED,Kiovig 100 mg/ml otopina za infuziju; 25 ml otopine u bočici (staklo tipa I) s čepom (bromobutil),"imunoglobulin normalni, ljudski,, intravenski",,,,EU/1/05/329/002,"Takeda Manufacturing Austria AG, Austrija",2018-12-07,2018-12-07,,07.12.2018. - 11.2026.,shortage,razlozi povezani s proizvodnjom,2026-03-12T16:44:54.012775
HR,Croatia,HALMED,"Physioneal 35 Clear-Flex glukoza 1,36% m/v / 13,6 mg/ml otopina za peritonejsku dijalizu; 2 jedvostruke vrećice s dva odjeljka s 5,0 l otopine, u kutiji","glukoza hidrat, natrijev klorid, kalcijev klorid dihidrat, magnezijev klorid heksahidrat, natrijev hidrogenkarbonat, natrijev (S)-laktat, otopina",,,,HR-H-286857758-16,"Vantive Belgium SRL, Belgija",2019-09-02,2019-09-02,,02.09.2019. - nepoznato,shortage,komercijalni razlozi,2026-03-12T16:44:54.012775
HR,Croatia,HALMED,"Physioneal 35 Clear-Flex glukoza 2,27% m/v / 22,7 mg/ml otopina za peritonejsku dijalizu; 2 jedvostruke vrećice s dva odjeljka s 5,0 l otopine, u kutiji","glukoza hidrat, natrijev klorid, kalcijev klorid dihidrat, magnezijev klorid heksahidrat, natrijev hidrogenkarbonat, natrijev (S)-laktat, otopina",,,,HR-H-662660437-16,"Vantive Belgium SRL, Belgija",2019-09-02,2019-09-02,,02.09.2019. - nepoznato,shortage,komercijalni razlozi,2026-03-12T16:44:54.012775
HR,Croatia,HALMED,"Physioneal 35 Clear-Flex glukoza 3,86% m/v / 38,6 mg/ml otopina za peritonejsku dijalizu; 2 jedvostruke vrećice s dva odjeljka s 5,0 l otopine, u kutiji","glukoza hidrat, natrijev klorid, kalcijev klorid dihidrat, magnezijev klorid heksahidrat, natrijev hidrogenkarbonat, natrijev (S)-laktat, otopina",,,,HR-H-029849797-16,"Vantive Belgium SRL, Belgija",2019-09-02,2019-09-02,,02.09.2019. - nepoznato,shortage,komercijalni razlozi,2026-03-12T16:44:54.012775
HR,Croatia,HALMED,"Physioneal 40 Clear-Flex glukoza 3,86% m/v / 38,6 mg/ml otopina za peritonejsku dijalizu; 2 jedvostruke vrećice s dva odjeljka s 5,0 l otopine, u kutiji","glukoza hidrat, natrijev klorid, kalcijev klorid dihidrat, magnezijev klorid heksahidrat, natrijev hidrogenkarbonat, natrijev (S)-laktat, otopina",,,,HR-H-260841618-16,"Vantive Belgium SRL, Belgija",2019-09-02,2019-09-02,,02.09.2019. - nepoznato,shortage,komercijalni razlozi,2026-03-12T16:44:54.013824
HR,Croatia,HALMED,"Sevofluran Baxter para inhalata, tekućina; 6 boca od 250 ml pare inhalata, tekućine, u kutiji",sevofluran,,,,HR-H-196335635-02,"Baxter d.o.o., Slovenija",2020-01-27,2020-01-27,2026-12-31,27.01.2020. - 31.12.2026.,shortage,komercijalni razlozi,2026-03-12T16:44:54.013824
HR,Croatia,HALMED,"Kaspofungin PharmaS 50 mg prašak za koncentrat za otopinu za infuziju; 1 bočica s praškom, u kutiji",kaspofunginacetat,,,,HR-H-271238324-01,PharmaS d.o.o.,2020-06-08,2020-06-01,2026-03-01,01.06.2020. - 01.03.2026.,shortage,komercijalni razlozi,2026-03-12T16:44:54.013824
HR,Croatia,HALMED,"Minirin 10 mikrograma po potisku, sprej za nos; 5 ml otopine u bočici s odmjernim sustavom za raspršivanje, u kutiji",desmopresinacetat,,,,HR-H-794064519-01,"Ferring GmbH, Njemačka",2020-07-09,2020-07-09,,09.07.2020. - nepoznato,shortage,neispravnost u kakvoći,2026-03-12T16:44:54.013824
HR,Croatia,HALMED,"Metadon Molteni 5 mg/ml oralna otopina; 1 boca s 1000 ml otopine i mjerna čašica, u kutiji",metadonklorid,,,,HR-H-714939187-02,"L. Molteni & C. dei F.lli Alitti Societa di Esercizio S.p.A., Italija",2020-12-04,2020-12-04,,04.12.2020. - nepoznato,shortage,komercijalni razlozi,2026-03-12T16:44:54.013824
HR,Croatia,HALMED,"INTEGRILIN 2 mg/ml otopina za injekcije; 1 bočica sa 10 ml otopine, u kutiji",eptifibatide,,,B01AC16,EU/1/99/109/002,"GlaxoSmithKline (Ireland) Limited, Irska",2021-02-12,2021-02-12,,12.02.2021. - nepoznato,shortage,komercijalni razlozi,2026-03-12T16:44:54.013824
HR,Croatia,HALMED,"Veregen 100 mg/g mast; 15 g masti u tubi, u kutiji",ekstrakt lista zelenog čaja,,,,HR-H-677936277-01,"Nordic Pharma s.r.o., Češka",2021-03-12,2021-03-12,2026-12-31,12.03.2021. - 31.12.2026.,shortage,komercijalni razlozi,2026-03-12T16:44:54.013824
HR,Croatia,HALMED,"INTEGRILIN 0,75 mg/ml otopina za infuziju; 1 bočica sa 100 ml otopine, u kutiji",eptifibatid,,,B01AC16,EU/1/99/109/001,"GlaxoSmithKline (Ireland) Limited, Irska",2021-04-27,2021-04-27,,27.04.2021. - nepoznato,shortage,komercijalni razlozi,2026-03-12T16:44:54.013824
HR,Croatia,HALMED,"Octagam 50 mg/ml otopina za infuziju; 1 boca s 50 ml otopine, u kutiji","imunoglobulin normalni, ljudski,, intravenski",,,,HR-H-315670569-02,Jana Pharm d.o.o.,2021-05-06,2021-05-05,,05.05.2021. - nepoznato,shortage,razlozi povezani s proizvodnjom,2026-03-12T16:44:54.013824
HR,Croatia,HALMED,"Rameam 5 mg/10 mg tvrde kapsule; 30 kapsula u blisteru, u kutiji","ramipril, amlodipinbesilat",,,C09AA05,HR-H-459256324-01,Krka - farma d.o.o.,2021-10-21,2021-10-15,,15.10.2021. - nepoznato,shortage,komercijalni razlozi,2026-03-12T16:44:54.013824
HR,Croatia,HALMED,"Rameam 10 mg/5 mg tvrde kapsule; 30 kapsula u blisteru, u kutiji","ramipril, amlodipinbesilat",,,C09AA05,HR-H-232568101-01,Krka - farma d.o.o.,2021-10-21,2021-10-15,,15.10.2021. - nepoznato,shortage,komercijalni razlozi,2026-03-12T16:44:54.013824
HR,Croatia,HALMED,"Rameam 10 mg/10 mg tvrde kapsule; 30 kapsula u blisteru, u kutiji","ramipril, amlodipinbesilat",,,C09AA05,HR-H-830032291-01,Krka - farma d.o.o.,2021-10-21,2021-10-15,,15.10.2021. - nepoznato,shortage,komercijalni razlozi,2026-03-12T16:44:54.013824
HR,Croatia,HALMED,"Priligy 30 mg filmom obložene tablete; 3 tablete u blisteru, u višestruko presavijenoj kutiji",dapoksetinklorid,,,,HR-H-674827417-03,"Berlin-Chemie AG, Njemačka",2021-11-16,2021-11-16,,16.11.2021. - nepoznato,shortage,komercijalni razlozi,2026-03-12T16:44:54.013824
HR,Croatia,HALMED,"Olimel N7E, emulzija za infuziju; 1 vrećica s tri odvojena odjeljka za pripremu 2000 ml emulzije u zaštitnoj vrećici, 4 vrećice u kutiji","maslinovo ulje, rafinirano i sojino, ulje, rafinirano, alanin, arginin, aspartatna kiselina, glutamatna kiselina, glicin, histidin, izoleucin, leucin, lizinacetat, metionin, fenilalanin, prolin, serin, treonin, triptofan, tirozin, valin, natrijev acetat trihidrat, natrijev glicerofosfat, hidratizirani, kalijev klorid, magnezijev klorid heksahidrat, kalcijev klorid dihidrat, glukoza hidrat",,,,HR-H-325155164-01,"Baxter d.o.o., Slovenija",2021-11-25,2021-11-25,2026-12-31,25.11.2021. - 31.12.2026.,shortage,komercijalni razlozi,2026-03-12T16:44:54.013824
HR,Croatia,HALMED,"TEMELOR 4 mg/ml otopina za injekciju; 10 ampula s 1 ml otopine, u kutiji",lorazepam,,,N05BA06,HR-H-641923492-02,"Medochemie Ltd., Cipar",2021-12-07,2021-12-07,,07.12.2021. - nepoznato,shortage,komercijalni razlozi,2026-03-12T16:44:54.014786
HR,Croatia,HALMED,"Acipan 40 mg želučanootporne tablete; 14 tableta u blisteru, u kutiji",pantoprazolnatrij seskvihidrat,,,A02BC02,HR-H-020409538-01,Sandoz d.o.o.,2021-12-07,2021-11-25,,25.11.2021. - nepoznato,shortage,razlozi povezani s kakvoćom,2026-03-12T16:44:54.014786
HR,Croatia,HALMED,"Dalvocans 50 mg prašak za koncentrat za otopinu za infuziju; 1 bočica s praškom, u kutiji",kaspofunginacetat,,,,HR-H-241627075-01,"Zentiva k.s., Češka",2021-12-10,2021-11-04,2026-05-30,04.11.2021. - 30.05.2026.,shortage,komercijalni razlozi,2026-03-12T16:44:54.014786
HR,Croatia,HALMED,"Voramol 200 mg filmom obložene tablete; 30 tableta u blisteru, u kutiji",vorikonazol,,,,HR-H-846062199-06,"Zentiva k.s., Češka",2021-12-10,2020-10-01,2026-05-30,01.10.2020. - 30.05.2026.,shortage,komercijalni razlozi,2026-03-12T16:44:54.014786
HR,Croatia,HALMED,"Fromilid 125 mg/5 ml granule za oralnu suspenziju; 25 g granula u bočici za pripremu 60 ml oralne suspenzije, štrcaljka za usta, u kutiji",klaritromicin,,,,HR-H-148376472-01,Krka - farma d.o.o.,2021-12-29,2021-12-29,,29.12.2021. - nepoznato,shortage,komercijalni razlozi,2026-03-12T16:44:54.014786
HR,Croatia,HALMED,"Gefitinib Sandoz 250 mg filmom obložene tablete; 30 tableta u blisteru s jediničnom dozom, u kutiji",gefitinib,,,L01EB01,HR-H-844090380-02,Sandoz d.o.o.,2022-01-18,2022-01-18,,18.01.2022. - nepoznato,shortage,komercijalni razlozi,2026-03-12T16:44:54.014786
HR,Croatia,HALMED,Bupensanduo 8mg/2mg sublingvalne tablete; 7 tableta u blisteru u kutiji,"buprenorfinklorid, naloksonklorid dihidrat",,,,HR-H-413154573-01,"G.L. Pharma GmbH, Austrija",2022-03-02,2022-03-01,,01.03.2022. - nepoznato,shortage,razlozi povezani s proizvodnjom,2026-03-12T16:44:54.014786
HR,Croatia,HALMED,"Ivabradin Accord 5 mg filmom obložene tablete; 56 tableta u blisteru, u kutiji",ivabradinklorid,,,,EU/1/17/1190/003,"Accord Healthcare S.L.U., Španjolska",2022-03-09,2022-03-09,,09.03.2022. - nepoznato,shortage,komercijalni razlozi,2026-03-12T16:44:54.014786
HR,Croatia,HALMED,"Ivabradin Accord 7,5 mg filmom obložene tablete; 56 tableta u blisteru, u kutiji",ivabradinklorid,,,,EU/1/17/1190/010,"Accord Healthcare S.L.U., Španjolska",2022-03-09,2022-03-09,,09.03.2022. - nepoznato,shortage,komercijalni razlozi,2026-03-12T16:44:54.014786
HR,Croatia,HALMED,"Feksofenadinklorid Cipla 180 mg filmom obložene tablete; 30 tableta u blisteru, u kutiji",feksofenadinklorid,,,,HR-H-648409006-04,"Cipla Europe NV, Belgija",2022-03-09,2022-03-09,2026-06-01,09.03.2022. - 01.06.2026.,shortage,komercijalni razlozi,2026-03-12T16:44:54.014786
HR,Croatia,HALMED,"Helex 2 mg tablete; 30 tableta u blisteru, u kutiji",alprazolam,,,N05BA12,HR-H-662933581-03,Krka - farma d.o.o.,2022-05-05,2022-05-05,,05.05.2022. - nepoznato,shortage,razlozi povezani s proizvodnjom,2026-03-12T16:44:54.014786
HR,Croatia,HALMED,"Atordapin 5 mg/10 mg filmom obložene tablete; 60 tableta u blisteru, u kutiji","amlodipinbesilat, atorvastatinkalcij",,,C10AA05,HR-H-710797951-08,Krka - farma d.o.o.,2022-06-02,2022-06-02,,02.06.2022. - nepoznato,shortage,komercijalni razlozi,2026-03-12T16:44:54.014786
HR,Croatia,HALMED,"Atordapin 10 mg/10 mg filmom obložene tablete; 60 tableta u blisteru, u kutiji","amlodipinbesilat, atorvastatinkalcij",,,C10AA05,HR-H-594090785-08,Krka - farma d.o.o.,2022-06-02,2022-06-02,,02.06.2022. - nepoznato,shortage,komercijalni razlozi,2026-03-12T16:44:54.014786
HR,Croatia,HALMED,"Tolucombi 40 mg/12,5 mg tablete; 60 tableta u blisteru, u kutiji","telmisartan, hidroklorotiazid",,,C09CA07,EU/1/13/821/007,"KRKA d.d., Slovenija",2022-06-02,2022-06-02,,02.06.2022. - nepoznato,shortage,komercijalni razlozi,2026-03-12T16:44:54.014786
HR,Croatia,HALMED,"Tolucombi 80 mg/12,5 mg tablete; 60 tableta u blisteru, u kutiji","telmisartan, hidroklorotiazid",,,C09CA07,EU/1/13/821/017,"KRKA d.d., Slovenija",2022-06-02,2022-06-02,,02.06.2022. - nepoznato,shortage,komercijalni razlozi,2026-03-12T16:44:54.014786
HR,Croatia,HALMED,"Tolucombi 80 mg/25 mg tablete; 60 tableta u blisteru, u kutiji","telmisartan, hidroklorotiazid",,,C09CA07,EU/1/13/821/027,"KRKA d.d., Slovenija",2022-06-02,2022-06-02,,02.06.2022. - nepoznato,shortage,komercijalni razlozi,2026-03-12T16:44:54.014786
HR,Croatia,HALMED,"Daleron 500 mg tablete; 12 tableta u blisteru, u kutiji",paracetamol,,,N02BE01,HR-H-312411800-01,Krka - farma d.o.o.,2022-06-09,2022-06-09,,09.06.2022. - nepoznato,shortage,komercijalni razlozi,2026-03-12T16:44:54.015823
HR,Croatia,HALMED,"Daleron 120 mg/5 ml oralna suspenzija; 1 bočica s 100 ml suspenzije i štrcaljka, u kutiji",paracetamol,,,N02BE01,HR-H-170487520-01,Krka - farma d.o.o.,2022-06-09,2022-06-09,,09.06.2022. - nepoznato,shortage,komercijalni razlozi,2026-03-12T16:44:54.015823
HR,Croatia,HALMED,"Betazon 0,5 mg/g mast; 25 g masti u tubi, u kutiji",betametazondipropionat,,,,HR-H-863506262-01,Jadran-Galenski laboratorij d.d.,2022-07-14,,,07.2022. - nepoznato,shortage,razlozi povezani s proizvodnjom,2026-03-12T16:44:54.015823
HR,Croatia,HALMED,"Dolokain 20 mg/g gel; 25 g gela u tubi, u kutiji",lidokainklorid,,,,HR-H-337711437-01,Jadran-Galenski laboratorij d.d.,2022-07-14,,,07.2022. - nepoznato,shortage,razlozi povezani s proizvodnjom,2026-03-12T16:44:54.015823
HR,Croatia,HALMED,"Elonva 100 mikrograma otopina za injekciju; 1 napunjena štrcaljka s 0,5 ml otopine + 1 igla, u kutiji",korifolitropin alfa,,,,EU/1/09/609/001,"N.V. Organon, Nizozemska",2022-07-20,2022-08-31,,31.08.2022. - nepoznato,shortage,globalna alokacija,2026-03-12T16:44:54.015823
HR,Croatia,HALMED,"Angal limun 5 mg/1 mg pastile; 24 pastile u blisteru, u kutiji","klorheksidindiglukonat, lidokainklorid",,,,HR-H-615396087-01,Sandoz d.o.o.,2022-08-04,2022-08-04,,04.08.2022. - nepoznato,shortage,regulatorni razlozi,2026-03-12T16:44:54.015823
HR,Croatia,HALMED,"Plivatinib 100 mg filmom obložene tablete; 60 tableta u blisteru, u kutiji",imatinibmesilat,,,L01EA01,HR-H-546437338-01,Pliva Hrvatska d.o.o.,2022-09-16,2022-09-15,2026-09-30,15.09.2022. - 30.09.2026.,shortage,komercijalni razlozi,2026-03-12T16:44:54.015823
HR,Croatia,HALMED,"Ospen K 1000000 IU filmom obložene tablete; 30 tableta u blisteru, u kutiji",fenoksimetilpenicilinkalij,,,,HR-H-169107338-01,Sandoz d.o.o.,2022-09-26,2022-10-24,,24.10.2022. - nepoznato,shortage,razlozi povezani s proizvodnjom,2026-03-12T16:44:54.015823
HR,Croatia,HALMED,"Pemetrexed Fresenius Kabi 25 mg/ml koncentrat za otopinu za infuziju; 1 bočica s 20 ml koncentrata, u kutiji",pemetrekseddikiselina,,,,EU/1/16/1115/004,"Fresenius Kabi Deutschland GmbH, Njemačka",2022-10-17,2022-10-05,2026-12-31,05.10.2022. - 31.12.2026.,shortage,komercijalni razlozi,2026-03-12T16:44:54.015823
HR,Croatia,HALMED,"Vizarsin 50 mg filmom obložene tablete; 1 tableta u blisteru, u kutiji",sildenafilcitrat,,,G04BE03,EU/1/09/551/005,"KRKA d.d., Slovenija",2022-10-17,2022-10-17,,17.10.2022. - nepoznato,shortage,razlozi povezani s proizvodnjom,2026-03-12T16:44:54.015823
HR,Croatia,HALMED,"Ertapenem Fresenius Kabi 1 g prašak za koncentrat za otopinu za infuziju; 10 bočica s praškom, u kutiji",ertapenemnatrij,,,J01DH03,HR-H-808882188-01,Fresenius Kabi d.o.o.,2022-11-07,2022-11-04,2026-12-31,04.11.2022. - 31.12.2026.,shortage,komercijalni razlozi,2026-03-12T16:44:54.015823
HR,Croatia,HALMED,"Oktreotid Teva 20 mg prašak i otapalo za suspenziju za injekciju s produljenim oslobađanjem; 1 bočica s praškom, 1 napunjena štrcaljka s otapalom, 1 nastavak za bočicu i 1 sigurnosna igla, u plastičnom spremniku, u kutiji",oktreotidacetat,,,,HR-H-487108635-01,"Teva B.V., Nizozemska",2022-12-08,2023-01-10,2026-12-31,10.01.2023. - 31.12.2026.,shortage,razlozi povezani s proizvodnjom,2026-03-12T16:44:54.015823
HR,Croatia,HALMED,"Adolax 20 mg/10 mg tablete s produljenim oslobađanjem; 30 tableta u blisteru, u kutiji","oksikodonklorid, naloksonklorid dihidrat",,,,HR-H-345330993-04,Krka - farma d.o.o.,2023-02-01,2023-02-01,,01.02.2023. - nepoznato,shortage,razlozi povezani s proizvodnjom,2026-03-12T16:44:54.015823
HR,Croatia,HALMED,"Adolax 40 mg/20 mg tablete s produljenim oslobađanjem; 30 tableta u blisteru, u kutiji","oksikodonklorid, naloksonklorid dihidrat",,,,HR-H-745266269-04,Krka - farma d.o.o.,2023-02-01,2023-02-01,,01.02.2023. - nepoznato,shortage,komercijalni razlozi,2026-03-12T16:44:54.015823
HR,Croatia,HALMED,"Pentilin 20 mg/ml koncentrat za otopinu za infuziju; 5 ampula s 5 ml koncentrata, u kutiji",pentoksifilin,,,,HR-H-922451366-01,Krka - farma d.o.o.,2023-02-01,2023-02-01,,01.02.2023. - nepoznato,shortage,razlozi povezani s proizvodnjom,2026-03-12T16:44:54.015823
HR,Croatia,HALMED,"Lucentis 10 mg/ml otopina za injekciju; 1 bočica s 0,23 ml otopine + 1 igla s filterom, u kutiji",ranibizumab,,,S01LA04,EU/1/06/374/004,"Novartis Europharm Limited, Irska",2023-02-16,2023-02-20,2026-06-30,20.02.2023. - 30.06.2026.,shortage,razlozi povezani s distribucijom,2026-03-12T16:44:54.016797
HR,Croatia,HALMED,"Ferant 250 mikrograma otopina za injekciju; 1 ampula s 5 ml otopine, u kutiji",palonozetronklorid,,,,HR-H-981029016-01,"Medochemie Ltd., Cipar",2023-03-06,2023-03-10,,10.03.2023. - nepoznato,shortage,razlozi povezani s proizvodnjom,2026-03-12T16:44:54.016797
HR,Croatia,HALMED,"Ciprinol 400 mg/200 ml otopina za infuziju; 1 bočica sa 200 ml otopine, u kutiji",ciprofloksacin laktat,,,,HR-H-464109512-01,Krka - farma d.o.o.,2023-03-07,2023-03-07,,07.03.2023. - nepoznato,shortage,razlozi povezani s proizvodnjom,2026-03-12T16:44:54.016797
HR,Croatia,HALMED,"Lortanda 2,5 mg filmom obložene tablete; 30 tableta u blisteru, u kutiji",letrozol,,,L02BG04,HR-H-056513355-04,Krka - farma d.o.o.,2023-03-07,2023-03-07,,07.03.2023. - nepoznato,shortage,razlozi povezani s proizvodnjom,2026-03-12T16:44:54.016797
HR,Croatia,HALMED,"Meaxin 100 mg filmom obložene tablete; 90 tableta u blisteru, u kutiji",imatinibmesilat,,,L01EA01,HR-H-443418023-04,Krka - farma d.o.o.,2023-03-07,2023-03-07,,07.03.2023. - nepoznato,shortage,razlozi povezani s proizvodnjom,2026-03-12T16:44:54.016797
HR,Croatia,HALMED,"Meaxin 400 mg filmom obložene tablete; 60 tableta u blisteru, u kutiji",imatinibmesilat,,,L01EA01,HR-H-756891398-03,Krka - farma d.o.o.,2023-03-07,2023-03-07,,07.03.2023. - nepoznato,shortage,razlozi povezani s proizvodnjom,2026-03-12T16:44:54.016797
HR,Croatia,HALMED,"Torendo 1 mg filmom obložene tablete; 20 tableta u blisteru, u kutiji",risperidon,,,N05AX08,HR-H-570513281-01,Krka - farma d.o.o.,2023-03-07,2023-03-07,,07.03.2023. - nepoznato,shortage,razlozi povezani s proizvodnjom,2026-03-12T16:44:54.016797
HR,Croatia,HALMED,"Dutrys 0,5 mg meke kapsule; 30 kapsula u blisteru, u kutiji",dutasterid,,,,HR-H-020313732-02,Krka - farma d.o.o.,2023-03-07,2023-03-07,,07.03.2023. - nepoznato,shortage,razlozi povezani s proizvodnjom,2026-03-12T16:44:54.016797
HR,Croatia,HALMED,"Bloxan 100 mg tablete; 30 tableta u blisteru, u kutiji",metoprololtartarat,,,C07AB02,HR-H-004450484-01,Krka - farma d.o.o.,2023-03-14,2023-03-31,,31.03.2023. - nepoznato,shortage,razlozi povezani s proizvodnjom,2026-03-12T16:44:54.016797
HR,Croatia,HALMED,"Salmeterol/flutikazon Cipla 25 mikrograma + 125 mikrograma u jednoj dozi, stlačeni inhalat, suspenzija; 1 inhalator sa 120 doza, u kutiji","salmeterolksinafoat, flutikazonpropionat",,,R03AC12,HR-H-607845986-01,"Cipla Europe NV, Belgija",2023-03-15,2023-03-15,2026-06-01,15.03.2023. - 01.06.2026.,shortage,komercijalni razlozi,2026-03-12T16:44:54.016797
HR,Croatia,HALMED,"Salmeterol/flutikazon Cipla 25 mikrograma + 250 mikrograma u jednoj dozi, stlačeni inhalat, suspenzija; 1 inhalator sa 120 doza, u kutiji","salmeterolksinafoat, flutikazonpropionat",,,R03AC12,HR-H-705296771-01,"Cipla Europe NV, Belgija",2023-03-15,2023-03-15,2026-06-01,15.03.2023. - 01.06.2026.,shortage,komercijalni razlozi,2026-03-12T16:44:54.016797
HR,Croatia,HALMED,"Vorikonazol Fresenius Kabi 200 mg prašak za otopinu za infuziju; 1 bočica s praškom, u kutiji",vorikonazol,,,,HR-H-004683415-01,Fresenius Kabi d.o.o.,2023-03-21,2023-03-21,2026-12-31,21.03.2023. - 31.12.2026.,shortage,komercijalni razlozi,2026-03-12T16:44:54.016797
HR,Croatia,HALMED,"Pregabalin Genericon 75mg tvrde kapsule; 60 kapsula u blisteru, u kutiji",pregabalin,,,N02BF02,HR-H-253078744-08,"Genericon Pharma Gesellschaft m.b.H., Austrija",2023-04-07,2023-04-07,,07.04.2023. - nepoznato,shortage,razlozi povezani s proizvodnjom,2026-03-12T16:44:54.016797
HR,Croatia,HALMED,"Adolax 10 mg/5 mg tablete s produljenim oslobađanjem; 30 tableta u blisteru, u kutiji","oksikodonklorid, naloksonklorid dihidrat",,,,HR-H-789740967-05,Krka - farma d.o.o.,2023-04-19,2023-04-19,,19.04.2023. - nepoznato,shortage,razlozi povezani s proizvodnjom,2026-03-12T16:44:54.016797
HR,Croatia,HALMED,"Albunorm 50 g/l otopina za infuziju; 1 boca s 250 ml otopine, u kutiji","albumin, ljudski",,,B05AA01,HR-H-587485812-02,Jana Pharm d.o.o.,2023-04-21,2023-04-18,2026-06-30,18.04.2023. - 30.06.2026.,shortage,razlozi povezani s proizvodnjom,2026-03-12T16:44:54.016797
HR,Croatia,HALMED,"Noradrenalin Kabi 1 mg/ml koncentrat za otopinu za infuziju; 10 ampula s 1 ml koncentrata, u kutiji","noradrenalintartarat, (norepinefrintartarat)",,,,HR-H-758861224-02,Fresenius Kabi d.o.o.,2023-06-02,2023-06-01,2026-12-31,01.06.2023. - 31.12.2026.,shortage,komercijalni razlozi,2026-03-12T16:44:54.017823
HR,Croatia,HALMED,"Berlithion 600 mg koncentrat za otopinu za infuziju; 5 ampula s 24 ml koncentrata, u kutiji",tioktatna kiselina,,,,HR-H-882057376-01,Berlin-Chemie Menarini Hrvatska d.o.o.,2023-06-07,2023-06-07,,07.06.2023. - nepoznato,shortage,komercijalni razlozi,2026-03-12T16:44:54.017823
HR,Croatia,HALMED,"Reodon 2 mg tablete; 90 tableta u blisteru, u kutiji",repaglinid,,,A10BX02,HR-H-877180529-02,"Double-E Pharma Ltd., Irska",2023-06-13,2023-07-01,,01.07.2023. - nepoznato,shortage,razlozi povezani s proizvodnjom,2026-03-12T16:44:54.017823
HR,Croatia,HALMED,"Finpros 5 mg filmom obložene tablete; 28 tableta u blisteru, u kutiji",finasterid,,,D11AX10,HR-H-787201157-01,Krka - farma d.o.o.,2023-06-19,2023-06-19,,19.06.2023. - nepoznato,shortage,razlozi povezani s proizvodnjom,2026-03-12T16:44:54.017823
HR,Croatia,HALMED,"Torendo 2 mg filmom obložene tablete; 60 tableta u blisteru, u kutiji",risperidon,,,N05AX08,HR-H-532788983-03,Krka - farma d.o.o.,2023-06-19,2023-06-19,,19.06.2023. - nepoznato,shortage,razlozi povezani s proizvodnjom,2026-03-12T16:44:54.017823
HR,Croatia,HALMED,"Torendo 3 mg filmom obložene tablete; 60 tableta u blisteru, u kutiji",risperidon,,,N05AX08,HR-H-583443406-03,Krka - farma d.o.o.,2023-06-19,2023-06-19,,19.06.2023. - nepoznato,shortage,razlozi povezani s proizvodnjom,2026-03-12T16:44:54.017823
HR,Croatia,HALMED,"Torendo 4 mg filmom obložene tablete; 60 tableta u blisteru, u kutiji",risperidon,,,N05AX08,HR-H-920493657-03,Krka - farma d.o.o.,2023-06-19,2023-06-19,,19.06.2023. - nepoznato,shortage,razlozi povezani s proizvodnjom,2026-03-12T16:44:54.017823
HR,Croatia,HALMED,"Moloxin 400 mg/250 ml otopina za infuziju; 1 boca s 250 ml otopine, u kutiji",moksifloksacinklorid,,,,HR-H-269339288-01,Krka - farma d.o.o.,2023-06-19,2023-06-19,,19.06.2023. - nepoznato,shortage,komercijalni razlozi,2026-03-12T16:44:54.017823
HR,Croatia,HALMED,"Rabipur prašak i otapalo za otopinu za injekciju u napunjenoj štrcaljki, cjepivo protiv bjesnoće, inaktivirano; 1 bočica s praškom, 1 napunjena štrcaljka s otapalom, 1 igla za injiciranje i 1 igla za rekonstituciju, u kutiji","virus bjesnoće, soj Flury LEP, (inaktiviran)",,,,HR-H-512237923-01,"Bavarian Nordic A/S, Danska",2023-06-20,2021-01-29,,29.01.2021. - nepoznato,shortage,komercijalni razlozi,2026-03-12T16:44:54.017823
HR,Croatia,HALMED,"Bupensanduo 2 mg/0,5 mg sublingvalne tablete; 7 tableta u blisteru, u kutiji","buprenorfinklorid, naloksonklorid dihidrat",,,,HR-H-735309760-01,"G.L. Pharma GmbH, Austrija",2023-07-05,2023-07-01,,01.07.2023. - nepoznato,shortage,povezano uz distribuciju,2026-03-12T16:44:54.017823
HR,Croatia,HALMED,"Bupensanduo 4 mg/1 mg sublingvalne tablete; 7 tableta u blisteru, u kutiji","buprenorfinklorid, naloksonklorid dihidrat",,,,HR-H-125576373-01,"G.L. Pharma GmbH, Austrija",2023-07-05,2023-07-01,,01.07.2023. - nepoznato,shortage,povezano uz distribuciju,2026-03-12T16:44:54.017823
HR,Croatia,HALMED,"Furocef 500 mg filmom obložene tablete; 14 tableta u blisteru, u kutiji",cefuroksimaksetil,,,,HR-H-197886716-03,Krka - farma d.o.o.,2023-07-12,2023-07-07,,07.07.2023. - nepoznato,shortage,razlozi povezani s proizvodnjom,2026-03-12T16:44:54.017823
HR,Croatia,HALMED,"Q-Pin SR 300 mg tablete s produljenim oslobađanjem; 60 tableta u blisteru, u kutiji",kvetiapinfumarat,,,,HR-H-402567482-03,Belupo lijekovi i kozmetika d.d.,2023-07-18,2023-07-18,2026-07-08,18.07.2023. - 08.07.2026.,shortage,razlozi povezani s proizvodnjom,2026-03-12T16:44:54.017823
HR,Croatia,HALMED,"Bonviva 3 mg otopina za injekciju; 1 napunjena štrcaljka s 3 ml otopine, u kutiji",natrijev ibandronat hidrat,,,,EU/1/03/265/005,"Atnahs Pharma Netherlands B.V., Danska",2023-09-12,2023-09-12,,12.09.2023. - nepoznato,shortage,razlozi povezani s proizvodnjom,2026-03-12T16:44:54.017823
HR,Croatia,HALMED,"Alveofact 45 mg/ml prašak i otapalo za suspenziju za endotraheopulmonalno ukapavanje; 1 bočica sa 54 mg praška, štrcaljka sa 1,2 ml otapala i igla, u kutiji","fosfolipidna frakcija iz goveđih, pluća",,,,HR-H-384673340-01,"Lyomark Pharma GmbH, Njemačka",2023-10-05,2023-01-01,2026-05-30,01.01.2023. - 30.05.2026.,shortage,komercijalni razlozi,2026-03-12T16:44:54.017823
HR,Croatia,HALMED,"Alveofact 45 mg/ml prašak i otapalo za suspenziju za endotraheopulmonalno ukapavanje; 1 bočica sa 108 mg praška, štrcaljka sa 2,4 ml otapala i igla, u kutiji","fosfolipidna frakcija iz goveđih, pluća",,,,HR-H-384673340-02,"Lyomark Pharma GmbH, Njemačka",2023-10-05,2021-11-30,2026-05-30,30.11.2021. - 30.05.2026.,shortage,komercijalni razlozi,2026-03-12T16:44:54.017823
HR,Croatia,HALMED,"Lanzul 30 mg tvrde kapsule; 14 kapsula u blisteru, u kutiji",lanzoprazol,,,,HR-H-768580684-01,Krka - farma d.o.o.,2023-10-12,2023-10-12,,12.10.2023. - nepoznato,shortage,razlozi povezani s proizvodnjom,2026-03-12T16:44:54.018795
HR,Croatia,HALMED,"Q-Pin SR 200 mg tablete s produljenim oslobađanjem; 60 tableta u blisteru, u kutiji",kvetiapinfumarat,,,,HR-H-254538950-03,Belupo lijekovi i kozmetika d.d.,2023-10-31,2023-10-30,2026-07-08,30.10.2023. - 08.07.2026.,shortage,razlozi povezani s proizvodnjom,2026-03-12T16:44:54.018795
HR,Croatia,HALMED,"Levofloksacin Sandoz 5 mg/ml otopina za infuziju; 1 vrećica sa 100 ml otopine, u kutiji",levofloksacin hemihidrat,,,,HR-H-290574554-05,Sandoz d.o.o.,2023-11-06,2023-11-06,,06.11.2023. - nepoznato,shortage,neočekivano povećana potražnja,2026-03-12T16:44:54.018795
HR,Croatia,HALMED,"Fulvestrant AptaPharma 250 mg otopina za injekciju u napunjenoj štrcaljki; 2 napunjene štrcaljke s 5 ml otopine, 2 igle, u kutiji",fulvestrant,,,L02BA03,HR-H-804002250-02,"Apta Medica Internacional d.o.o., Slovenija",2023-11-14,,2026-12-31,09.2023. - 31.12.2026.,shortage,razlozi povezani s proizvodnjom,2026-03-12T16:44:54.018795
HR,Croatia,HALMED,"Deksmedetomidin Kabi 100 mikrograma/ml koncentrat za otopinu za infuziju; 10 bočica s 2 ml koncentrata, u kutiji",deksmedetomidinklorid,,,,HR-H-989230458-01,Fresenius Kabi d.o.o.,2023-11-15,2023-11-15,2026-12-31,15.11.2023. - 31.12.2026.,shortage,komercijalni razlozi,2026-03-12T16:44:54.018795
HR,Croatia,HALMED,"Ciprinol 200 mg/100 ml otopina za infuziju; 1 bočica sa 100 ml otopine, u kutiji",ciprofloksacin laktat,,,,HR-H-380458364-01,Krka - farma d.o.o.,2023-11-16,2023-11-16,,16.11.2023. - nepoznato,shortage,komercijalni razlozi,2026-03-12T16:44:54.018795
HR,Croatia,HALMED,"Ig Vena 50 g/l otopina za infuziju; 100 ml otopine u bočici i držač za bočicu, u kutiji","imunoglobulin normalni, ljudski,, intravenski",,,,HR-H-528000748-03,"Kedrion S.p.A., Italija",2023-12-28,2023-12-28,2026-12-31,28.12.2023. - 31.12.2026.,shortage,komercijalni razlozi,2026-03-12T16:44:54.018795
HR,Croatia,HALMED,"Dermitopic 0,1 % mast; 30 g masti u tubi, u kutiji",takrolimus hidrat,,,,HR-H-789897918-02,"Bausch Health Ireland Limited, Irska",2024-01-12,2024-04-30,,30.04.2024. - nepoznato,shortage,razlozi povezani s proizvodnjom,2026-03-12T16:44:54.018795
HR,Croatia,HALMED,"Vizarsin 100 mg filmom obložene tablete; 1 tableta u blisteru, u kutiji",sildenafilcitrat,,,G04BE03,EU/1/09/551/009,"Krka d.d., Slovenija",2024-01-15,2024-01-31,,31.01.2024. - nepoznato,shortage,komercijalni razlozi,2026-03-12T16:44:54.018795
HR,Croatia,HALMED,"Dexomen 50 mg/2 ml otopina za injekciju/infuziju; 5 ampula s 2 ml otopine, u kutiji",deksketoprofentrometamol,,,,HR-H-013277039-01,Berlin-Chemie Menarini Hrvatska d.o.o.,2024-02-14,2024-02-14,2027-02-28,14.02.2024. - 28.02.2027.,shortage,komercijalni razlozi,2026-03-12T16:44:54.018795
HR,Croatia,HALMED,"Vaira-V 5 mg raspadljive tablete za usta; 28 tableta u blisteru, u kutiji",olanzapin,,,N05AH03,HR-H-438596747-01,Belupo lijekovi i kozmetika d.d.,2024-02-28,2024-02-28,2026-04-15,28.02.2024. - 15.04.2026.,shortage,razlozi povezani s proizvodnjom,2026-03-12T16:44:54.018795
HR,Croatia,HALMED,"Levalox 5 mg/ml otopina za infuziju; 1 bočica s otopinom, u kutiji",levofloksacin hemihidrat,,,,HR-H-198326235-01,Krka - farma d.o.o.,2024-02-29,2024-03-04,,04.03.2024. - nepoznato,shortage,komercijalni razlozi,2026-03-12T16:44:54.018795
HR,Croatia,HALMED,"SmofKabiven extra Nitrogen bez elektrolita, emulzija za infuziju; 4 vrećice s 1518 ml otopine, u kutiji","alanin, arginin, glicin, histidin, izoleucin, leucin, lizinacetat, metionin, fenilalanin, prolin, serin, taurin, treonin, triptofan, tirozin, valin, glukoza hidrat, sojino ulje, rafinirano, trigliceridi, srednje duljine lanca, maslinovo ulje, rafinirano, riblje ulje, obogaćeno omega-3, kiselinama",,,,HR-H-967446225-06,Fresenius Kabi d.o.o.,2024-03-05,2024-03-05,2026-12-31,05.03.2024. - 31.12.2026.,shortage,komercijalni razlozi,2026-03-12T16:44:54.018795
HR,Croatia,HALMED,"Xorox 30 mg/g mast za oko; 1 tuba s 4,5 g masti, u kutiji",aciklovir,,,,HR-H-736041311-01,"Agepha Pharma s.r.o., Slovačka",2024-03-11,2024-04-30,,30.04.2024. - nepoznato,shortage,neočekivano povećana potražnja,2026-03-12T16:44:54.018795
HR,Croatia,HALMED,"Monoclox 1 g prašak za otopinu za infuziju; 50 bočica s praškom, u kutiji",kloksacilinnatrij,,,,HR-H-384678860-01,"Medochemie Ltd., Cipar",2024-03-21,2024-03-22,,22.03.2024. - nepoznato,shortage,komercijalni razlozi,2026-03-12T16:44:54.019825
HR,Croatia,HALMED,"Fluimukan Junior 20 mg/ml oralna otopina; 1 bočica s 100 ml otopine, mjerna čašica ili graduirana štrcaljka, u kutiji",acetilcistein,,,,HR-H-631772389-01,Sandoz d.o.o.,2024-03-25,2024-03-25,,25.03.2024. - nepoznato,shortage,razlozi povezani s kakvoćom,2026-03-12T16:44:54.019825
HR,Croatia,HALMED,"Moventig 25 mg filmom obložene tablete; 30 x 1 filmom obložena tableta (jedinična doza), u kutiji",naloksegoloksalat,,,,EU/1/14/962/010,"Grünenthal GmbH, Njemačka",2024-03-26,2024-04-01,2026-06-30,01.04.2024. - 30.06.2026.,shortage,razlozi povezani s proizvodnjom,2026-03-12T16:44:54.019825
HR,Croatia,HALMED,"Dasatinib Zentiva 100 mg filmom obložene tablete; 30 tableta u blisteru, u kutiji",dasatinib,,,L01EA02,HR-H-783831162-01,"Zentiva k.s., Češka",2024-04-08,2024-04-08,2026-05-30,08.04.2024. - 30.05.2026.,shortage,komercijalni razlozi,2026-03-12T16:44:54.019825
HR,Croatia,HALMED,"Attoxem 10 mg tvrde kapsule; 7 kapsula u blisteru, u kutiji",atomoksetinklorid,,,,HR-H-078206345-01,Makpharm d.o.o.,2024-05-24,2024-05-27,2026-06-15,27.05.2024. - 15.06.2026.,shortage,razlozi povezani s proizvodnjom,2026-03-12T16:44:54.019825
HR,Croatia,HALMED,"Bonnedra 150 mg tablete; 1 tableta u blisteru, u kutiji",natrijev ibandronat hidrat,,,,HR-H-901286827-01,Pliva Hrvatska d.o.o.,2024-06-12,2024-07-01,2026-12-31,01.07.2024. - 31.12.2026.,shortage,razlozi povezani s proizvodnjom,2026-03-12T16:44:54.019825
HR,Croatia,HALMED,"Cipromed 500 mg filmom obložene tablete; 10 tableta u blisteru, u kutiji",ciprofloksacinklorid,,,,HR-H-113996527-01,Pliva Hrvatska d.o.o.,2024-06-12,2024-07-15,2026-12-31,15.07.2024. - 31.12.2026.,shortage,razlozi povezani s proizvodnjom,2026-03-12T16:44:54.019825
HR,Croatia,HALMED,"Nazol 1 mg/ml kapi za nos, otopina; 1 bočica s 10 ml otopine i nastavkom za kapanje, u kutiji",nafazolinnitrat,,,,HR-H-292569763-01,Jadran-Galenski laboratorij d.d.,2024-06-27,2024-06-27,,27.06.2024. - nepoznato,shortage,razlozi povezani s proizvodnjom,2026-03-12T16:44:54.019825
HR,Croatia,HALMED,"Lacydyna 4 mg filmom obložene tablete; 28 tableta u blisteru, u kutiji",lacidipin,,,C08CA09,HR-H-775859065-01,"Double-E Pharma Ltd., Irska",2024-07-02,2024-07-22,,22.07.2024. - nepoznato,shortage,razlozi povezani s proizvodnjom,2026-03-12T16:44:54.019825
HR,Croatia,HALMED,Nalgesin forte 550 mg filmom obložene tablete; 10 tableta u blisteru,naproksennatrij,,,A06AC51,HR-H-245055909-01,Krka - farma d.o.o.,2024-07-03,2024-07-03,,03.07.2024. - nepoznato,shortage,komercijalni razlozi,2026-03-12T16:44:54.019825
HR,Croatia,HALMED,"Aubagio 7 mg filmom obložene tablete; 28 tableta u blisteru, u kutiji",teriflunomid,,,L04AK02,EU/1/13/838/006,"Sanofi Winthrop Industrie, Francuska",2024-07-09,2024-08-01,,01.08.2024. - nepoznato,shortage,komercijalni razlozi,2026-03-12T16:44:54.019825
HR,Croatia,HALMED,"Monkasta 4 mg tablete za žvakanje; 28 tableta u blisteru, u kutiji",montelukastnatrij,,,R03DC03,HR-H-054532530-01,Krka - farma d.o.o.,2024-09-03,2024-09-03,2026-12-31,03.09.2024. - 31.12.2026.,shortage,komercijalni razlozi,2026-03-12T16:44:54.020795
HR,Croatia,HALMED,"Solifenacin Be Pharma 5 mg filmom obložene tablete; 30 tableta u blisteru, u kutiji",solifenacinsukcinat,,,G04BD08,HR-H-702004822-01,"BE Pharma d.o.o., Slovenija",2024-09-13,2024-11-01,,01.11.2024. - nepoznato,shortage,komercijalni razlozi,2026-03-12T16:44:54.020795
HR,Croatia,HALMED,"Solifenacin Be Pharma 10 mg filmom obložene tablete; 30 tableta u blisteru, u kutiji",solifenacinsukcinat,,,G04BD08,HR-H-627659701-01,"BE Pharma d.o.o., Slovenija",2024-09-13,2024-11-01,,01.11.2024. - nepoznato,shortage,komercijalni razlozi,2026-03-12T16:44:54.020795
HR,Croatia,HALMED,"Pregabalin Genericon 300mg tvrde kapsule; 60 kapsula u blisteru, u kutiji",pregabalin,,,N02BF02,HR-H-934482238-08,"Genericon Pharma Gesellschaft m.b.H., Austrija",2024-09-17,2024-09-16,,16.09.2024. - nepoznato,shortage,razlozi povezani s proizvodnjom,2026-03-12T16:44:54.020795
HR,Croatia,HALMED,"Amicor H 20 mg/12,5 mg tablete; 20 tableta u blisteru, u kutiji",lizinopril dihidrat hidroklorotiazid,,,,HR-H-509637593-01,Jadran-Galenski laboratorij d.d.,2024-09-25,2024-09-25,,25.09.2024. - nepoznato,shortage,komercijalni razlozi,2026-03-12T16:44:54.020795
HR,Croatia,HALMED,"Quelapin 25 mg filmom obložene tablete; 60 tableta u blisteru, u kutiji",kvetiapinfumarat,,,,HR-H-884999171-01,Jadran-Galenski laboratorij d.d.,2024-09-25,2024-09-25,,25.09.2024. - nepoznato,shortage,komercijalni razlozi,2026-03-12T16:44:54.020795
HR,Croatia,HALMED,"Cinakalcet Accordpharma 30 mg filmom obložene tablete; 28 tableta u blisteru, u kutiji",cinakalcetklorid,,,,EU/1/20/1429/002,"Accord Healthcare S.L.U., Španjolska",2024-09-26,2024-09-30,2026-06-01,30.09.2024. - 01.06.2026.,shortage,neispravnost u kakvoći,2026-03-12T16:44:54.020795
HR,Croatia,HALMED,"Cinakalcet Accordpharma 60 mg filmom obložene tablete; 28 tableta u blisteru, u kutiji",cinakalcetklorid,,,,EU/1/20/1429/006,"Accord Healthcare S.L.U., Španjolska",2024-09-26,2024-09-30,2026-06-01,30.09.2024. - 01.06.2026.,shortage,neispravnost u kakvoći,2026-03-12T16:44:54.020795
HR,Croatia,HALMED,"Timalen 2,5 mg/ml kapi za oko, otopina; 1 bočica s nastavkom za kapanje s 5 ml otopine, u kutiji",timololmaleat,,,S01ED51,HR-H-890931943-01,Jadran-Galenski laboratorij d.d.,2024-10-04,2024-10-04,,04.10.2024. - nepoznato,shortage,komercijalni razlozi,2026-03-12T16:44:54.020795
HR,Croatia,HALMED,"Lirona XL 4 mg tablete s produljenim oslobađanjem; 28 tableta u blisteru, u kutiji",ropinirolklorid,,,N04BC04,HR-H-747295632-01,Pliva Hrvatska d.o.o.,2024-10-07,2024-11-18,2026-06-30,18.11.2024. - 30.06.2026.,shortage,razlozi povezani s proizvodnjom,2026-03-12T16:44:54.020795
HR,Croatia,HALMED,"Lirona XL 8 mg tablete s produljenim oslobađanjem; 28 tableta u blisteru, u kutiji",ropinirolklorid,,,N04BC04,HR-H-957203545-01,Pliva Hrvatska d.o.o.,2024-10-07,2024-12-16,2026-06-30,16.12.2024. - 30.06.2026.,shortage,razlozi povezani s proizvodnjom,2026-03-12T16:44:54.020795
HR,Croatia,HALMED,"Salofalk 500 mg granule s produljenim oslobađanjem; 100 vrećica s granulama, u kutiji",mesalazin,,,A07EC02,HR-H-842627661-02,"Dr. Falk Pharma GmbH, Njemačka",2024-10-08,2024-10-15,2026-12-31,15.10.2024. - 31.12.2026.,shortage,komercijalni razlozi,2026-03-12T16:44:54.020795
HR,Croatia,HALMED,"Vaira-V 10 mg raspadljive tablete za usta; 28 tableta u blisteru, u kutiji",olanzapin,,,N05AH03,HR-H-428527805-01,Belupo lijekovi i kozmetika d.d.,2024-10-28,2024-10-25,2026-04-15,25.10.2024. - 15.04.2026.,shortage,komercijalni razlozi,2026-03-12T16:44:54.020795
HR,Croatia,HALMED,"Kvetiapin XR PharmaS 200 mg tablete s produljenim oslobađanjem; 60 tableta u blisteru, u kutiji",kvetiapinfumarat,,,,HR-H-931238699-01,PharmaS d.o.o.,2024-11-20,2024-11-20,2027-06-30,20.11.2024. - 30.06.2027.,shortage,komercijalni razlozi,2026-03-12T16:44:54.021792
HR,Croatia,HALMED,"Kvetiapin XR PharmaS 300 mg tablete s produljenim oslobađanjem; 60 tableta u blisteru, u kutiji",kvetiapinfumarat,,,,HR-H-478380533-01,PharmaS d.o.o.,2024-11-20,2024-11-20,2027-06-30,20.11.2024. - 30.06.2027.,shortage,komercijalni razlozi,2026-03-12T16:44:54.021792
HR,Croatia,HALMED,"Fursemid 20 mg/2 ml otopina za injekciju; 5 staklenih ampula s 2 ml otopine za injekcije, u kutiji",furosemidnatrij,,,,HR-H-471337898-01,Belupo lijekovi i kozmetika d.d.,2024-11-22,2024-11-21,2026-04-16,21.11.2024. - 16.04.2026.,shortage,razlozi povezani s proizvodnjom,2026-03-12T16:44:54.021792
HR,Croatia,HALMED,"Sildenafil Alpha-Medical 20 mg filmom obložene tablete; 90 tableta u bočici, u kutiji",sildenafilcitrat,,,G04BE03,HR-H-193404304-01,Alpha-Medical d.o.o.,2024-11-29,2025-01-01,2026-06-01,01.01.2025. - 01.06.2026.,shortage,razlozi povezani s distribucijom,2026-03-12T16:44:54.021792
HR,Croatia,HALMED,"Meropenem Ligula Pharma 1000 mg prašak za otopinu za injekciju/infuziju; 1 bočica s praškom, u kutiji",meropenem trihidrat,,,J01DH02,HR-H-432057427-01,Ligula Pharma d.o.o.,2024-11-29,2024-11-30,,30.11.2024. - nepoznato,shortage,komercijalni razlozi,2026-03-12T16:44:54.021792
HR,Croatia,HALMED,"Kalijev jodid Sandoz 65 mg tablete; 2 tablete u blisteru, u kutiji",kalijev jodid,,,,HR-H-316006942-01,Sandoz d.o.o.,2024-12-02,2024-12-02,,02.12.2024. - nepoznato,shortage,komercijalni razlozi,2026-03-12T16:44:54.021792
HR,Croatia,HALMED,"Natrijev klorid Alkaloid 9 mg/ml otopina za infuziju; 1 boca s 500 ml otopine, 20 boca u podlošku omotano zaštitnom plastičnom folijom",natrijev klorid,,,,HR-H-236766892-01,"Alkaloid - INT d.o.o., Slovenija",2024-12-02,2024-12-02,2026-03-31,02.12.2024. - 31.03.2026.,shortage,komercijalni razlozi,2026-03-12T16:44:54.021792
HR,Croatia,HALMED,"Sugamadeks Teva 100 mg/ml otopina za injekciju; 10 bočica s 5 ml otopine, u kutiji",sugamadeksnatrij,,,,HR-H-336447679-02,"Teva B.V., Nizozemska",2024-12-02,2024-12-02,2026-09-30,02.12.2024. - 30.09.2026.,shortage,razlozi povezani s proizvodnjom,2026-03-12T16:44:54.021792
HR,Croatia,HALMED,"Androcur 50 mg tablete; 50 tableta u blisteru, u kutiji",ciproteronacetat,,,,HR-H-843981106-01,Bayer d.o.o.,2024-12-04,2025-02-28,,28.02.2025. - nepoznato,shortage,regulatorni razlozi,2026-03-12T16:44:54.021792
HR,Croatia,HALMED,"Lirona XL 2 mg tablete s produljenim oslobađanjem; 28 tableta u blisteru, u kutiji",ropinirolklorid,,,N04BC04,HR-H-394324006-01,Pliva Hrvatska d.o.o.,2024-12-09,2025-01-13,2026-06-30,13.01.2025. - 30.06.2026.,shortage,razlozi povezani s proizvodnjom,2026-03-12T16:44:54.021792
HR,Croatia,HALMED,"Novapio Plus 15 mg/850 mg filmom obložene tablete; 56 tableta u blisteru, u kutiji",pioglitazonklorid metforminklorid,,,A10BG03,HR-H-412849202-02,"Novatin Limited, Malta",2024-12-12,2024-12-12,,12.12.2024. - nepoznato,shortage,razlozi povezani s proizvodnjom,2026-03-12T16:44:54.021792
HR,Croatia,HALMED,"Afloderm 0,5 mg/g mast; 20 g masti u tubi, u kutiji",alklometazondipropionat,,,,HR-H-754649168-01,Belupo lijekovi i kozmetika d.d.,2024-12-17,2024-12-17,2026-04-27,17.12.2024. - 27.04.2026.,shortage,razlozi povezani s proizvodnjom,2026-03-12T16:44:54.021792
HR,Croatia,HALMED,"Afloderm 0,5 mg/g krema; 20 g kreme u tubi u kutiji",alklometazondipropionat,,,,HR-H-858162627-01,Belupo lijekovi i kozmetika d.d.,2024-12-17,2024-12-17,2026-04-27,17.12.2024. - 27.04.2026.,shortage,razlozi povezani s proizvodnjom,2026-03-12T16:44:54.021792
HR,Croatia,HALMED,"Afloderm 0,5 mg/g krema; 40 g kreme u tubi, u kutiji",alklometazondipropionat,,,,HR-H-858162627-02,Belupo lijekovi i kozmetika d.d.,2024-12-17,2024-12-17,2026-04-27,17.12.2024. - 27.04.2026.,shortage,razlozi povezani s proizvodnjom,2026-03-12T16:44:54.021792
HR,Croatia,HALMED,"Aclasta 5 mg otopina za infuziju; 1 bočica sa 100 ml otopine, u kutiji",zoledronatna kiselina hidrat,,,,EU/1/05/308/001,"Sandoz Pharmaceuticals d.d., Slovenija",2024-12-30,2024-12-30,,30.12.2024. - nepoznato,shortage,komercijalni razlozi,2026-03-12T16:44:54.021792
HR,Croatia,HALMED,"Meralys 0,5 mg/ml sprej za nos, otopina; 10 ml otopine u bočici s odmjernim sustavom za raspršivanje, u kutiji",ksilometazolinklorid,,,,HR-H-733330491-01,Jadran-Galenski laboratorij d.d.,2025-01-09,2025-01-09,,09.01.2025. - nepoznato,shortage,komercijalni razlozi,2026-03-12T16:44:54.021792
HR,Croatia,HALMED,"Nasoryl M 0,5 mg/ml + 0,6 mg/ml sprej za nos, otopina; 10 ml otopine u bočici s odmjernim sustavom za raspršivanje, u kutiji","ksilometazolinklorid, ipratropijev bromid",,,,HR-H-942729742-01,Jadran-Galenski laboratorij d.d.,2025-01-09,2025-01-09,,09.01.2025. - nepoznato,shortage,razlozi povezani s proizvodnjom,2026-03-12T16:44:54.021792
HR,Croatia,HALMED,"Nazol N 0,5 mg/ml kapi za nos, otopina; 10 ml otopine u bočici s nastavkom za kapanje, u kutiji",ksilometazolinklorid,,,,HR-H-933243092-01,Jadran-Galenski laboratorij d.d.,2025-01-09,2025-01-09,,09.01.2025. - nepoznato,shortage,razlozi povezani s proizvodnjom,2026-03-12T16:44:54.021792
HR,Croatia,HALMED,"Nazol N 1 mg/ml kapi za nos, otopina; 10 ml otopine u bočici s nastavkom za kapanje, u kutiji",ksilometazolinklorid,,,,HR-H-808215734-01,Jadran-Galenski laboratorij d.d.,2025-01-09,2025-01-09,,09.01.2025. - nepoznato,shortage,razlozi povezani s proizvodnjom,2026-03-12T16:44:54.021792
HR,Croatia,HALMED,"Albunorm 200 g/l otopina za infuziju; 1 boca s 50 ml otopine, u kutiji","albumin, ljudski",,,B05AA01,HR-H-152403256-01,Jana Pharm d.o.o.,2025-01-10,2024-11-15,2026-12-31,15.11.2024. - 31.12.2026.,shortage,razlozi povezani s distribucijom,2026-03-12T16:44:54.021792
HR,Croatia,HALMED,"Abirateron Zentiva 500 mg filmom obložene tablete; 60 tableta u blisteru, u kutiji",abirateronacetat,,,L02BX03,HR-H-598941461-02,"Zentiva k.s., Češka",2025-01-15,2025-01-15,2026-05-30,15.01.2025. - 30.05.2026.,shortage,komercijalni razlozi,2026-03-12T16:44:54.021792
HR,Croatia,HALMED,"Fingolimod Alpha-Medical 0,5 mg tvrde kapsule; 28 kapsula u blisteru, u kutiji",fingolimod,,,L04AE01,HR-H-675394741-02,Alpha-Medical d.o.o.,2025-01-22,2025-01-31,2026-03-30,31.01.2025. - 30.03.2026.,shortage,razlozi povezani s distribucijom,2026-03-12T16:44:54.021792
HR,Croatia,HALMED,"Lidokainklorid/adrenalin Belupo 20 mg/ml + 0,0125 mg/ml otopina za injekciju; 100 ampula s 2 ml otopine, u kutiji","lidokainklorid, adrenalintartarat, (epinefrintartarat)",,,,HR-H-882488094-01,Belupo lijekovi i kozmetika d.d.,2025-01-23,2025-01-23,2026-05-06,23.01.2025. - 06.05.2026.,shortage,razlozi povezani s proizvodnjom,2026-03-12T16:44:54.021792
HR,Croatia,HALMED,"SmofKabiven extra Nitrogen bez elektrolita, emulzija za infuziju; 4 vrećice s 2025 ml otopine, u kutiji","alanin, arginin, glicin, histidin, izoleucin, leucin, lizinacetat, metionin, fenilalanin, prolin, serin, taurin, treonin, triptofan, tirozin, valin, glukoza hidrat, sojino ulje, rafinirano, trigliceridi, srednje duljine lanca, maslinovo ulje, rafinirano, riblje ulje, obogaćeno omega-3, kiselinama",,,,HR-H-967446225-08,Fresenius Kabi d.o.o.,2025-01-27,2025-01-27,2026-03-16,27.01.2025. - 16.03.2026.,shortage,komercijalni razlozi,2026-03-12T16:44:54.021792
HR,Croatia,HALMED,"Piperacilin/Tazobactam Fresenius Kabi 2g/0,25g prašak za otopinu za infuziju; 10 bočica s praškom, u kutiji","piperacilinnatrij, tazobaktamnatrij",,,,HR-H-771157107-01,Fresenius Kabi d.o.o.,2025-01-27,2025-01-27,2026-12-31,27.01.2025. - 31.12.2026.,shortage,komercijalni razlozi,2026-03-12T16:44:54.021792
HR,Croatia,HALMED,"Smofkabiven emulzija za infuziju; 2463 ml emulzije u vrećici s tri odjeljka, u zaštitnoj vrećici, 3 vrećice u kutiji","arginin, glicin, histidin, izoleucin, leucin, lizinacetat, metionin, fenilalanin, prolin, serin, taurin, treonin, triptofan, tirozin, valin, kalcijev klorid dihidrat, natrijev glicerofosfat hidrat, magnezijev sulfat heptahidrat, kalijev klorid, natrijev acetat trihidrat, cinkov sulfat heptahidrat, glukoza hidrat, sojino ulje, pročišćeno, trigliceridi, srednje duljine lanca, maslinovo ulje, riblje ulje, obogaćeno omega-3, kiselinama",,,,HR-H-521669305-04,Fresenius Kabi d.o.o.,2025-01-27,2025-01-27,2026-12-31,27.01.2025. - 31.12.2026.,shortage,komercijalni razlozi,2026-03-12T16:44:54.021792
HR,Croatia,HALMED,"Doxorubicin Pliva 2 mg/ml otopina za injekciju/infuziju; 1 bočica s 5 ml otopine, u kutiji",doksorubicinklorid,,,,HR-H-144429570-01,Pliva Hrvatska d.o.o.,2025-02-03,2025-02-04,2026-12-31,04.02.2025. - 31.12.2026.,shortage,razlozi povezani s proizvodnjom,2026-03-12T16:44:54.021792
HR,Croatia,HALMED,"Eleber 60 mg koncentrat i otapalo za otopinu za infuziju; 1 bočica s koncentratom i 1 bočica s otapalom, u kutiji",kabazitaksel,,,,HR-H-561829137-01,"Zentiva k.s., Češka",2025-02-04,2025-02-04,2026-05-30,04.02.2025. - 30.05.2026.,shortage,komercijalni razlozi,2026-03-12T16:44:54.021792
HR,Croatia,HALMED,"Pirfenidon Zentiva 267 mg filmom obložene tablete; 252 tablete u blisteru, u kutiji",pirfenidon,,,L04AX05,HR-H-049495682-03,"Zentiva k.s., Češka",2025-02-05,2025-02-05,2026-05-30,05.02.2025. - 30.05.2026.,shortage,komercijalni razlozi,2026-03-12T16:44:54.021792
HR,Croatia,HALMED,"Verquvo 10 mg filmom obložene tablete; 14 tableta u blisteru, u kutiji",vericigvat,,,,EU/1/21/1561/023,"Bayer AG, Njemačka",2025-02-07,2025-02-07,2027-01-01,07.02.2025. - 01.01.2027.,shortage,komercijalni razlozi,2026-03-12T16:44:54.021792
HR,Croatia,HALMED,"Verquvo 5 mg filmom obložene tablete; 14 tableta u blisteru, u kutiji",vericigvat,,,,EU/1/21/1561/012,"Bayer AG, Njemačka",2025-02-07,2025-03-01,2027-01-01,01.03.2025. - 01.01.2027.,shortage,komercijalni razlozi,2026-03-12T16:44:54.021792
HR,Croatia,HALMED,"Lidokainklorid Belupo 20 mg/ml otopina za injekciju/infuziju; 5 ampula s 5 ml otopine, u kutiji",lidokainklorid,,,,HR-H-683619239-03,Belupo lijekovi i kozmetika d.d.,2025-02-18,2025-02-18,2026-05-06,18.02.2025. - 06.05.2026.,shortage,razlozi povezani s proizvodnjom,2026-03-12T16:44:54.021792
HR,Croatia,HALMED,"Levetiracetam Belupo 500 mg filmom obložene tablete; 60 tableta u blisteru, u kutiji",levetiracetam,,,N03AX14,HR-H-796005328-01,Belupo lijekovi i kozmetika d.d.,2025-02-19,2025-02-19,2026-03-31,19.02.2025. - 31.03.2026.,shortage,razlozi povezani s kakvoćom,2026-03-12T16:44:54.021792
HR,Croatia,HALMED,"Linezolid Kabi 2 mg/ml otopina za infuziju; 10 vrećica sa 300 ml otopine, u kutiji",linezolid,,,J01XX08,HR-H-690522814-01,Fresenius Kabi d.o.o.,2025-02-28,2025-02-26,2026-12-31,26.02.2025. - 31.12.2026.,shortage,komercijalni razlozi,2026-03-12T16:44:54.021792
HR,Croatia,HALMED,"Glukoza Fresenius Kabi 5% otopina za infuziju; 50 ml otopine u vreći, 60 vreća u kutiji",glukoza hidrat,,,,HR-H-238420460-04,Fresenius Kabi d.o.o.,2025-02-28,2025-02-26,2026-12-31,26.02.2025. - 31.12.2026.,shortage,komercijalni razlozi,2026-03-12T16:44:54.021792
HR,Croatia,HALMED,"Glukoza Fresenius Kabi 5% otopina za infuziju; 100 ml otopine u vreći, 50 vreća u kutiji",glukoza hidrat,,,,HR-H-238420460-05,Fresenius Kabi d.o.o.,2025-02-28,2025-02-26,2026-12-31,26.02.2025. - 31.12.2026.,shortage,komercijalni razlozi,2026-03-12T16:44:54.021792
HR,Croatia,HALMED,"Glukoza Fresenius Kabi 5% otopina za infuziju; 250 ml otopine u vreći, 30 vreća u kutiji",glukoza hidrat,,,,HR-H-238420460-06,Fresenius Kabi d.o.o.,2025-02-28,2025-02-26,2026-12-31,26.02.2025. - 31.12.2026.,shortage,komercijalni razlozi,2026-03-12T16:44:54.021792
HR,Croatia,HALMED,"Glukoza Fresenius Kabi 5% otopina za infuziju; 1000 ml otopine u vreći, 10 vreća u kutiji",glukoza hidrat,,,,HR-H-238420460-08,Fresenius Kabi d.o.o.,2025-02-28,2025-02-26,2026-12-31,26.02.2025. - 31.12.2026.,shortage,komercijalni razlozi,2026-03-12T16:44:54.021792
HR,Croatia,HALMED,"Gentamicin Belupo 80 mg/2 ml otopina za injekciju; 10 ampula s 2 ml otopine, u kutiji",gentamicinsulfat,,,J01GB03,HR-H-829256333-01,Belupo lijekovi i kozmetika d.d.,2025-02-28,2025-02-28,2026-03-27,28.02.2025. - 27.03.2026.,shortage,razlozi povezani s proizvodnjom,2026-03-12T16:44:54.021792
HR,Croatia,HALMED,"Eminens SR 8 mg tablete s produljenim oslobađanjem; 28 tableta u blisteru, u kutiji",ropinirolklorid,,,N04BC04,HR-H-568403155-01,Belupo lijekovi i kozmetika d.d.,2025-03-14,2025-03-14,2026-07-20,14.03.2025. - 20.07.2026.,shortage,razlozi povezani s proizvodnjom,2026-03-12T16:44:54.021792
HR,Croatia,HALMED,"Ninur 50 mg tvrde kapsule; 30 kapsula u blisteru, u kutiji",nitrofurantoin,,,J01XE01,HR-H-924085992-01,Belupo lijekovi i kozmetika d.d.,2025-03-18,2025-03-18,2026-03-20,18.03.2025. - 20.03.2026.,shortage,razlozi povezani s proizvodnjom,2026-03-12T16:44:54.021792
HR,Croatia,HALMED,"OsvaRen 435 mg/235 mg filmom obložene tablete; 180 tableta u spremniku, u kutiji","kalcijev acetat, magnezijev subkarbonat, teški",,,,HR-H-130861711-01,Fresenius Medical Care Hrvatska d.o.o.,2025-03-24,2025-03-24,2027-03-31,24.03.2025. - 31.03.2027.,shortage,razlozi povezani s kakvoćom,2026-03-12T16:44:54.021792
HR,Croatia,HALMED,"Archifar 500 mg prašak za otopinu za injekciju/infuziju; 10 bočica s praškom, u kutiji",meropenem trihidrat,,,J01DH02,HR-H-114292639-01,"Medochemie Ltd., Cipar",2025-03-27,2025-04-01,2026-02-15,01.04.2025. - 15.02.2026.,shortage,razlozi povezani s proizvodnjom,2026-03-12T16:44:54.021792
HR,Croatia,HALMED,"Irinotekan Kabi 20 mg/ml koncentrat za otopinu za infuziju; 1 bočica s 2 ml koncentrata, u kutiji",irinotekanklorid trihidrat,,,,HR-H-885268744-01,Fresenius Kabi d.o.o.,2025-04-07,2025-04-04,2026-12-31,04.04.2025. - 31.12.2026.,shortage,komercijalni razlozi,2026-03-12T16:44:54.021792
HR,Croatia,HALMED,"Tyenne 162 mg otopina za injekciju u napunjenoj štrcaljki; 4 napunjene štrcaljke s 0,9 ml otopine, u kutiji",tocilizumab,,,L04AC07,EU/1/23/1754/008,"Fresenius Kabi Deutschland GmbH, Njemačka",2025-04-10,2025-04-09,2026-12-31,09.04.2025. - 31.12.2026.,shortage,neočekivano povećana potražnja,2026-03-12T16:44:54.021792
HR,Croatia,HALMED,"Gemcitabin Sandoz 40 mg/ml koncentrat za otopinu za infuziju; 1 bočica s 25 ml koncentrata, u kutiji",gemcitabinklorid,,,,HR-H-343193993-02,Sandoz d.o.o.,2025-04-22,2025-04-28,,28.04.2025. - nepoznato,shortage,komercijalni razlozi,2026-03-12T16:44:54.021792
HR,Croatia,HALMED,"Normabel 10 mg/2 ml otopina za injekciju; 10 ampula s 2 ml otopine, u kutiji",diazepam,,,N05BA01,HR-H-338251570-01,Belupo lijekovi i kozmetika d.d.,2025-04-23,2025-04-23,2026-05-06,23.04.2025. - 06.05.2026.,shortage,razlozi povezani s proizvodnjom,2026-03-12T16:44:54.021792
HR,Croatia,HALMED,"Pirfenidon Zentiva 801 mg filmom obložene tablete; 84 tablete u blisteru, u kutiji",pirfenidon,,,L04AX05,HR-H-744772269-01,"Zentiva k.s., Češka",2025-04-29,2025-04-29,2026-05-30,29.04.2025. - 30.05.2026.,shortage,komercijalni razlozi,2026-03-12T16:44:54.021792
HR,Croatia,HALMED,"Eminens SR 4 mg tablete s produljenim oslobađanjem; 28 tableta u blisteru, u kutiji",ropinirolklorid,,,N04BC04,HR-H-987915502-01,Belupo lijekovi i kozmetika d.d.,2025-04-30,2025-04-29,2026-04-15,29.04.2025. - 15.04.2026.,shortage,razlozi povezani s proizvodnjom,2026-03-12T16:44:54.021792
HR,Croatia,HALMED,"Levetiracetam Belupo 1000 mg filmom obložene tablete; 60 tableta u blisteru, u kutiji",levetiracetam,,,N03AX14,HR-H-011238481-01,Belupo lijekovi i kozmetika d.d.,2025-05-13,2025-05-12,2026-03-31,12.05.2025. - 31.03.2026.,shortage,razlozi povezani s kakvoćom,2026-03-12T16:44:54.021792
HR,Croatia,HALMED,"Phan 62,5 mg filmom obložene tablete; 56 tableta u blisteru, u kutiji",bosentan hidrat,,,C02KX01,HR-H-311046390-02,Alpha-Medical d.o.o.,2025-05-20,2025-05-20,2026-04-01,20.05.2025. - 01.04.2026.,shortage,razlozi povezani s distribucijom,2026-03-12T16:44:54.021792
HR,Croatia,HALMED,"Rokuronijev bromid hameln 10 mg/ml otopina za injekciju/infuziju; 10 bočica s 5 ml otopine, u kutiji",rokuronijev bromid,,,,HR-H-304102701-04,"hameln pharma gmbH, Njemačka",2025-05-21,2025-05-20,2026-03-31,20.05.2025. - 31.03.2026.,shortage,razlozi povezani s distribucijom,2026-03-12T16:44:54.021792
HR,Croatia,HALMED,"Rokuronijev bromid Kalceks 10 mg/ml otopina za injekciju/infuziju; 10 bočica s 5 ml otopine, u kutiji",rokuronijev bromid,,,,HR-H-854187659-01,"AS Kalceks, Latvija",2025-05-23,2025-05-15,2026-05-01,15.05.2025. - 01.05.2026.,shortage,razlozi povezani s proizvodnjom,2026-03-12T16:44:54.021792
HR,Croatia,HALMED,"Detralex Venohem 500 mg filmom obložene tablete; 36 tableta u blisteru, u kutiji","mikronizirana, pročišćena smjesa, flavonoida koja se sastoji od 90%, diosmina i 10% flavonoida izraženih, kao hesperidin",,,,HR-H-607242204-01,Servier Pharma d.o.o.,2025-05-27,2025-08-01,2026-08-01,01.08.2025. - 01.08.2026.,shortage,komercijalni razlozi,2026-03-12T16:44:54.021792
HR,Croatia,HALMED,"Detralex 500 mg filmom obložene tablete; 30 tableta u blisteru, u kutiji","mikronizirana, pročišćena smjesa, flavonoida koja se sastoji od 90%, diosmina i 10% flavonoida izraženih, kao hesperidin",,,,HR-H-639382683-01,Servier Pharma d.o.o.,2025-05-27,2025-08-01,2026-08-01,01.08.2025. - 01.08.2026.,shortage,komercijalni razlozi,2026-03-12T16:44:54.021792
HR,Croatia,HALMED,"Viner 50 mg filmom obložene tablete; 4 tablete u blisteru, u kutiji",sildenafilcitrat,,,G04BE03,HR-H-979239772-02,Belupo lijekovi i kozmetika d.d.,2025-06-04,2025-06-04,2026-06-01,04.06.2025. - 01.06.2026.,shortage,razlozi povezani s proizvodnjom,2026-03-12T16:44:54.021792
HR,Croatia,HALMED,"Glukoza Fresenius Kabi 5% otopina za infuziju; 500 ml otopine u vreći, 20 vreća u kutiji",glukoza hidrat,,,,HR-H-238420460-07,Fresenius Kabi d.o.o.,2025-06-12,2025-06-11,2026-03-16,11.06.2025. - 16.03.2026.,shortage,komercijalni razlozi,2026-03-12T16:44:54.021792
HR,Croatia,HALMED,"Furosemid hameln 10 mg/ml otopina za injekciju; 10 ampula s 25 ml otopine, u kutiji",furosemid,,,C03CA01,HR-H-711394667-06,"hameln pharma gmbH, Njemačka",2025-06-13,2025-06-09,2026-03-31,09.06.2025. - 31.03.2026.,shortage,komercijalni razlozi,2026-03-12T16:44:54.021792
HR,Croatia,HALMED,"Gentamicin Belupo 120 mg/2 ml otopina za injekciju; 10 ampula s 2 ml otopine, u kutiji",gentamicinsulfat,,,J01GB03,HR-H-547428122-01,Belupo lijekovi i kozmetika d.d.,2025-06-26,2025-06-26,2026-03-09,26.06.2025. - 09.03.2026.,shortage,razlozi povezani s proizvodnjom,2026-03-12T16:44:54.021792
HR,Croatia,HALMED,"Hypnomidate 2 mg/ml otopina za injekciju; 5 ampula s 10 ml otopine, u kutiji",etomidat,,,N01AX07,HR-H-990410340-01,"Piramal Critical Care B.V., Nizozemska",2025-07-08,2025-07-03,2026-04-01,03.07.2025. - 01.04.2026.,shortage,razlozi povezani s proizvodnjom,2026-03-12T16:44:54.021792
HR,Croatia,HALMED,"Razagilin Belupo 1 mg tablete; 28 tableta u blisteru, u kutiji",razagilin hemitartarat,,,,HR-H-844440776-01,Belupo lijekovi i kozmetika d.d.,2025-07-08,2025-07-08,2026-05-28,08.07.2025. - 28.05.2026.,shortage,razlozi povezani s kakvoćom,2026-03-12T16:44:54.021792
HR,Croatia,HALMED,"Razagilin Belupo 1 mg tablete; 56 tableta u blisteru, u kutiji",razagilin hemitartarat,,,,HR-H-844440776-02,Belupo lijekovi i kozmetika d.d.,2025-07-08,2025-07-08,2026-05-28,08.07.2025. - 28.05.2026.,shortage,razlozi povezani s kakvoćom,2026-03-12T16:44:54.021792
HR,Croatia,HALMED,"Furextil 500 mg filmom obložene tablete; 10 tableta u blisteru, u kutiji",cefuroksimaksetil,,,,HR-H-816131041-04,"Alkaloid - INT d.o.o., Slovenija",2025-07-11,2025-07-11,2026-03-31,11.07.2025. - 31.03.2026.,shortage,komercijalni razlozi,2026-03-12T16:44:54.021792
HR,Croatia,HALMED,"Midazolam hameln 5 mg/ml otopina za injekciju/infuziju; 10 ampula s 10 ml otopine, u kutiji",midazolamklorid,,,N05CD08,HR-H-799453923-22,"hameln pharma gmbH, Njemačka",2025-07-21,2025-07-18,2026-03-31,18.07.2025. - 31.03.2026.,shortage,komercijalni razlozi,2026-03-12T16:44:54.021792
HR,Croatia,HALMED,"Levetiracetam SUN 100 mg/ml koncentrat za otopinu za infuziju; 10 bočica s 5 ml koncentrata, u kutiji",levetiracetam,,,N03AX14,EU/1/11/741/001,"Sun Pharmaceutical Industries Europe B.V., Nizozemska",2025-07-21,2025-07-22,2026-05-31,22.07.2025. - 31.05.2026.,shortage,razlozi povezani s proizvodnjom,2026-03-12T16:44:54.021792
HR,Croatia,HALMED,"Nozinan 100 mg filmom obložene tablete; 20 tableta u blisteru, u kutiji",levomepromazinmaleat,,,,HR-H-260996650-01,"Neuraxpharm Arzneimittel GmbH, Njemačka",2025-07-24,2025-08-10,2026-03-31,10.08.2025. - 31.03.2026.,shortage,razlozi povezani s proizvodnjom,2026-03-12T16:44:54.021792
HR,Croatia,HALMED,"Pinox 10 mg filmom obložene tablete; 56 tableta u blisteru, u kutiji",lerkanidipinklorid,,,,HR-H-259619737-02,Belupo lijekovi i kozmetika d.d.,2025-07-25,2025-07-24,2026-04-16,24.07.2025. - 16.04.2026.,shortage,komercijalni razlozi,2026-03-12T16:44:54.021792
HR,Croatia,HALMED,"Dolyxan 60 mg tvrde želučanootporne kapsule; 28 kapsula u blisteru, u kutiji",duloksetinklorid,,,,HR-H-263079706-01,Belupo lijekovi i kozmetika d.d.,2025-07-28,2025-07-25,2026-04-28,25.07.2025. - 28.04.2026.,shortage,razlozi povezani sa kakvoćom,2026-03-12T16:44:54.021792
HR,Croatia,HALMED,"Semquest 6 mg/0,4 mg tablete s prilagođenim oslobađanjem; 30 tableta u blisteru, u kutiji","solifenacinsukcinat, tamsulozinklorid",,,G04BD08,HR-H-189973461-03,"Bausch Health Ireland Limited, Irska",2025-07-29,2025-09-30,2026-03-31,30.09.2025. - 31.03.2026.,shortage,komercijalni razlozi,2026-03-12T16:44:54.021792
HR,Croatia,HALMED,"Tarka 180 mg/2 mg tablete s prilagođenim oslobađanjem; 28 tableta u blisteru, u kutiji","verapamilklorid, trandolapril",,,C09BB10,HR-H-037957008-01,Viatris Hrvatska d.o.o.,2025-07-31,2025-08-10,2026-04-15,10.08.2025. - 15.04.2026.,shortage,razlozi povezani s proizvodnjom,2026-03-12T16:44:54.021792
HR,Croatia,HALMED,"Rivaroksaban Zentiva 15 mg tvrde kapsule; 28 kapsula u blisteru, u kutiji",rivaroksaban,,,,HR-H-565925472-02,"Zentiva k.s., Češka",2025-07-31,2025-07-31,2026-12-31,31.07.2025. - 31.12.2026.,shortage,razlozi povezani s proizvodnjom,2026-03-12T16:44:54.021792
HR,Croatia,HALMED,"Rivaroksaban Zentiva 20 mg tvrde kapsule; 28 kapsula u blisteru, u kutiji",rivaroksaban,,,,HR-H-349502128-02,"Zentiva k.s., Češka",2025-07-31,2025-07-31,2026-12-31,31.07.2025. - 31.12.2026.,shortage,razlozi povezani s proizvodnjom,2026-03-12T16:44:54.021792
HR,Croatia,HALMED,"Metadon Molteni 5 mg/ml oralna otopina; 1 bočica s 20 ml otopine, u kutiji",metadonklorid,,,,HR-H-714939187-01,"L. Molteni & C. dei F.lli Alitti Societa di Esercizio S.p.A., Italija",2025-08-07,2025-08-20,2026-04-30,20.08.2025. - 30.04.2026.,shortage,regulatorni razlozi,2026-03-12T16:44:54.021792
HR,Croatia,HALMED,"Oftidorix PF 20 mg/ml + 5 mg/ml, kapi za oko, otopina; 1 bočica s 5 ml otopine, u kutiji","dorzolamidklorid, timololmaleat",,,S01ED51,HR-H-458197035-01,"Bausch + Lomb Ireland Limited, Irska",2025-08-13,2025-08-15,2026-05-01,15.08.2025. - 01.05.2026.,shortage,razlozi povezani s proizvodnjom,2026-03-12T16:44:54.021792
HR,Croatia,HALMED,"Syntocinon 5 IU/ml otopina za injekciju/infuziju; 10 ampula s 1 ml otopine, u kutiji",oksitocin,,,,HR-H-207633940-01,Viatris Hrvatska d.o.o.,2025-08-14,2025-08-21,2026-04-30,21.08.2025. - 30.04.2026.,shortage,razlozi povezani s proizvodnjom,2026-03-12T16:44:54.021792
HR,Croatia,HALMED,"Pregabalin Genericon 150 mg tvrde kapsule; 60 kapsula u blisteru, u kutiji",pregabalin,,,N02BF02,HR-H-576684532-08,"Genericon Pharma Gesellschaft m.b.H., Austrija",2025-08-21,2025-08-21,,21.08.2025. - nepoznato,shortage,komercijalni razlozi,2026-03-12T16:44:54.021792
HR,Croatia,HALMED,"Scintimun 1 mg set za pripravu radiofarmaceutika; 2 bočice s praškom i 2 bočica s otapalom, u kutiji",besilesomab,,,,EU/1/09/602/002,"Telix Innovations, Belgija",2025-08-27,2025-09-17,2026-06-26,17.09.2025. - 26.06.2026.,shortage,razlozi povezani s proizvodnjom,2026-03-12T16:44:54.021792
HR,Croatia,HALMED,"Lidokainklorid Belupo 20 mg/ml otopina za injekciju/infuziju; 100 ampula s 2 ml otopine, u kutiji",lidokainklorid,,,,HR-H-683619239-02,Belupo lijekovi i kozmetika d.d.,2025-09-04,2025-09-05,2026-05-06,05.09.2025. - 06.05.2026.,shortage,razlozi povezani s proizvodnjom,2026-03-12T16:44:54.021792
HR,Croatia,HALMED,"Lekoklar XL 500 mg tablete s prilagođenim oslobađanjem; 7 tableta u blisteru, u kutiji",klaritromicin,,,,HR-H-039762541-01,Sandoz d.o.o.,2025-09-05,2025-09-05,2026-04-01,05.09.2025. - 01.04.2026.,shortage,razlozi povezani s proizvodnjom,2026-03-12T16:44:54.021792
HR,Croatia,HALMED,"Glukoza HZTM 5% otopina za infuziju; 100 ml otopine u boci, 20 boca u kutiji",glukoza hidrat,,,,HR-H-686695433-01,Hrvatski zavod za transfuzijsku medicinu,2025-09-09,2025-09-15,2028-09-15,15.09.2025. - 15.09.2028.,shortage,razlozi povezani s proizvodnjom,2026-03-12T16:44:54.021792
HR,Croatia,HALMED,"Glukoza HZTM 10% otopina za infuziju; 100 ml otopine u boci, 20 boca u kutiji",glukoza hidrat,,,,HR-H-038647453-01,Hrvatski zavod za transfuzijsku medicinu,2025-09-09,2025-12-15,2028-12-15,15.12.2025. - 15.12.2028.,shortage,razlozi povezani s proizvodnjom,2026-03-12T16:44:54.021792
HR,Croatia,HALMED,"Forvel 0,4 mg/ml otopina za injekciju/infuziju; 10 ampula s 1 ml otopine, u kutiji",naloksonklorid dihidrat,,,,HR-H-408963010-02,"Medochemie Ltd., Cipar",2025-09-11,2025-04-07,2026-03-13,07.04.2025. - 13.03.2026.,shortage,razlozi povezani s proizvodnjom,2026-03-12T16:44:54.021792
HR,Croatia,HALMED,"Idacio 40 mg otopina za injekciju u napunjenoj štrcaljki; 2 napunjene štrcaljke s 0,8 ml otopine + 2 jastučica natopljena alkoholom, u kutiji",adalimumab,,,L04AB04,EU/1/19/1356/002,"Fresenius Kabi Deutschland GmbH, Njemačka",2025-09-11,2025-09-12,2026-12-31,12.09.2025. - 31.12.2026.,shortage,komercijalni razlozi,2026-03-12T16:44:54.021792
HR,Croatia,HALMED,"Bondronat 50 mg filmom obložene tablete; 28 filmom obloženih tableta, u blisteru, u kutiji",ibandronatna kiselina,,,,EU/1/96/012/009,"Atnahs Pharma Netherlands B.V., Danska",2025-09-12,2025-09-15,2026-07-01,15.09.2025. - 01.07.2026.,shortage,razlozi povezani s proizvodnjom,2026-03-12T16:44:54.021792
HR,Croatia,HALMED,"Prostin E2 2 mg gel za rodnicu; jedna štrcaljka sa 3 g gela, u kutiji",dinoproston,,,G02AD02,HR-H-721133137-01,Pfizer Croatia d.o.o.,2025-09-24,2026-01-16,2026-05-31,16.01.2026. - 31.05.2026.,shortage,razlozi povezani s proizvodnjom,2026-03-12T16:44:54.021792
HR,Croatia,HALMED,"NeoRecormon 2000 IU otopina za injekciju; 6 napunjenih štrcaljki s 0,3 ml otopine, u kutiji",epoetin beta,,,B03XA03,EU/1/97/031/030,"Roche Registration GmbH, Njemačka",2025-09-24,2025-10-01,,01.10.2025. - nepoznato,shortage,razlozi povezani s proizvodnjom,2026-03-12T16:44:54.021792
HR,Croatia,HALMED,"Kvetiapin XR PharmaS 50 mg tablete s produljenim oslobađanjem; 60 tableta u blisteru, u kutiji",kvetiapinfumarat,,,,HR-H-760751440-02,PharmaS d.o.o.,2025-09-26,2025-09-23,2026-02-27,23.09.2025. - 27.02.2026.,shortage,komercijalni razlozi,2026-03-12T16:44:54.021792
HR,Croatia,HALMED,"Kvetiapin XR PharmaS 400 mg tablete s produljenim oslobađanjem; 60 tableta u blisteru, u kutiji",kvetiapinfumarat,,,,HR-H-435981012-01,PharmaS d.o.o.,2025-09-26,2025-09-23,2026-04-01,23.09.2025. - 01.04.2026.,shortage,komercijalni razlozi,2026-03-12T16:44:54.021792
HR,Croatia,HALMED,"Plubir 18 mikrograma, prašak inhalata, tvrde kapsule; 30 kapsula u blisteru i inhalator, u kutiji",tiotropijev bromid,,,,HR-H-761192159-01,"Zentiva k.s., Češka",2025-10-06,2025-10-06,2026-06-01,06.10.2025. - 01.06.2026.,shortage,komercijalni razlozi,2026-03-12T16:44:54.021792
HR,Croatia,HALMED,"Armisarte 25 mg/ml koncentrat za otopinu za infuziju; 1 bočica s 40 ml koncentrata, u kutiji",pemetrekseddikiselina,,,,EU/1/15/1063/003,"Actavis Group PTC ehf., Island",2025-10-17,2025-11-15,2026-05-31,15.11.2025. - 31.05.2026.,shortage,razlozi povezani s proizvodnjom,2026-03-12T16:44:54.021792
HR,Croatia,HALMED,"Q-Pin SR 50 mg tablete s produljenim oslobađanjem; 60 tableta u blisteru, u kutiji",kvetiapinfumarat,,,,HR-H-354452127-01,Belupo lijekovi i kozmetika d.d.,2025-10-27,2025-10-27,2026-03-19,27.10.2025. - 19.03.2026.,shortage,razlozi povezani s proizvodnjom,2026-03-12T16:44:54.021792
HR,Croatia,HALMED,"Hidrasec 10 mg granule za oralnu suspenziju; 16 vrećica s granulama, u kutiji",racekadotril,,,,HR-H-944929327-01,"Bioprojet Pharma, Francuska",2025-10-27,2024-12-31,,31.12.2024. - nepoznato,shortage,razlozi povezani s distribucijom,2026-03-12T16:44:54.021792
HR,Croatia,HALMED,"Hidrasec 30 mg granule za oralnu suspenziju; 16 vrećica s granulama, u kutiji",racekadotril,,,,HR-H-113623607-01,"Bioprojet Pharma, Francuska",2025-10-27,2024-12-31,,31.12.2024. - nepoznato,shortage,razlozi povezani s distribucijom,2026-03-12T16:44:54.021792
HR,Croatia,HALMED,"Hidrasec effect 100 mg tvrde kapsule; 10 kapsula u blisteru, u kutiji",racekadotril,,,,HR-H-006305834-01,"Bioprojet Pharma, Francuska",2025-10-27,2025-01-02,,02.01.2025. - nepoznato,shortage,razlozi povezani s distribucijom,2026-03-12T16:44:54.021792
HR,Croatia,HALMED,"Cisatrakurij Accordpharma 2 mg/ml otopina za injekciju/infuziju; 5 bočica s 5 ml otopine, u kutiji",cisatrakurijev besilat,,,,HR-H-250543709-02,"Accord Healthcare Polska Sp. z o.o., Poljska",2025-10-28,2025-10-28,2026-05-01,28.10.2025. - 01.05.2026.,shortage,komercijalni razlozi,2026-03-12T16:44:54.021792
HR,Croatia,HALMED,"Cisatrakurij Accordpharma 5 mg/ml otopina za injekciju/infuziju; 1 bočica s 30 ml otopine, u kutiji",cisatrakurijev besilat,,,,HR-H-400799381-01,"Accord Healthcare Polska Sp. z o.o., Poljska",2025-10-28,2025-10-28,2026-05-01,28.10.2025. - 01.05.2026.,shortage,komercijalni razlozi,2026-03-12T16:44:54.021792
HR,Croatia,HALMED,"Iasibon 50 mg filmom obložene tablete; 28 tableta u blisteru, u kutiji",natrijev ibandronat hidrat,,,,EU/1/10/659/001,"Pharmathen S.A., Grčka",2025-10-29,2025-10-28,2026-09-01,28.10.2025. - 01.09.2026.,shortage,razlozi povezani s proizvodnjom,2026-03-12T16:44:54.021792
HR,Croatia,HALMED,"Kaspofungin Pliva 70 mg prašak za koncentrat za otopinu za infuziju; 1 bočica s praškom, u kutiji",kaspofunginacetat,,,,HR-H-680998323-01,Pliva Hrvatska d.o.o.,2025-10-30,2025-10-30,2026-04-15,30.10.2025. - 15.04.2026.,shortage,razlozi povezani s proizvodnjom,2026-03-12T16:44:54.021792
HR,Croatia,HALMED,"Luxeta 50 mg filmom obložene tablete; 30 tableta u blisteru, u kutiji",sertralinklorid,,,,HR-H-954820609-01,Pliva Hrvatska d.o.o.,2025-11-13,2025-12-01,2026-04-20,01.12.2025. - 20.04.2026.,shortage,razlozi povezani s proizvodnjom,2026-03-12T16:44:54.021792
HR,Croatia,HALMED,"Pregabalin Pliva 25 mg tvrde kapsule; 56 kapsula u blisteru, u kutiji",pregabalin,,,N02BF02,HR-H-683045753-06,Pliva Hrvatska d.o.o.,2025-11-19,2025-11-20,2026-03-20,20.11.2025. - 20.03.2026.,shortage,razlozi povezani s proizvodnjom,2026-03-12T16:44:54.029415
HR,Croatia,HALMED,"Citeral 250 mg filmom obložene tablete; 10 tableta u blisteru, u kutiji",ciprofloksacinklorid,,,,HR-H-626090898-01,Alkaloid d.o.o.,2025-12-01,2025-12-01,2026-03-31,01.12.2025. - 31.03.2026.,shortage,neočekivano povećana potražnja,2026-03-12T16:44:54.029415
HR,Croatia,HALMED,"Uzpruvo 130 mg koncentrat za otopinu za infuziju; 1 bočica s 26 ml otopine, u kutiji",ustekinumab,,,L04AC05,EU/1/23/1784/005,"Stada Arzneimittel AG, Njemačka",2025-12-03,2025-12-15,2026-02-28,15.12.2025. - 28.02.2026.,shortage,razlozi povezani s proizvodnjom,2026-03-12T16:44:54.029415
HR,Croatia,HALMED,"Irinotesin 20 mg/ml koncentrat za otopinu za infuziju; 1 bočica s 2 ml koncentrata za otopinu, u kutiji",irinotekanklorid trihidrat,,,,HR-H-810518111-01,"Teva B.V., Nizozemska",2025-12-04,2025-12-04,2026-06-30,04.12.2025. - 30.06.2026.,shortage,razlozi povezani s proizvodnjom,2026-03-12T16:44:54.029415
HR,Croatia,HALMED,"Oktreotid Teva 30 mg prašak i otapalo za suspenziju za injekciju s produljenim oslobađanjem; 1 bočica s praškom, 1 napunjena štrcaljka s otapalom, 1 nastavak za bočicu i 1 sigurnosna igla, u plastičnom spremniku, u kutiji",oktreotidacetat,,,,HR-H-168254025-01,"Teva B.V., Nizozemska",2025-12-04,2026-01-09,2026-12-31,09.01.2026. - 31.12.2026.,shortage,razlozi povezani s proizvodnjom,2026-03-12T16:44:54.029415
HR,Croatia,HALMED,"Wellbutrin XR 300 mg tablete s prilagođenim oslobađanjem; 30 tableta u bočici, u kutiji",bupropionklorid,,,N06AX12,HR-H-345088727-01,"GlaxoSmithKline Trading Services Limited, Irska",2025-12-04,2025-12-02,2026-02-20,02.12.2025. - 20.02.2026.,shortage,neočekivano povećana potražnja,2026-03-12T16:44:54.029415
HR,Croatia,HALMED,"Plivit D3 25 000 IU meke kapsule; 12 kapsula u blisteru, u kutiji",kolekalciferol,,,,HR-H-288953447-06,Pliva Hrvatska d.o.o.,2025-12-05,2025-12-22,2026-05-10,22.12.2025. - 10.05.2026.,shortage,razlozi povezani s proizvodnjom,2026-03-12T16:44:54.029415
HR,Croatia,HALMED,"Dorvis plus 20 mg/ml + 5 mg/ml kapi za oko, otopina; 5 ml otopine u bočici s kapaljkom, u kutiji","dorzolamidklorid, timololmaleat",,,S01ED51,HR-H-091461330-01,"Zentiva k.s., Češka",2025-12-09,2025-12-15,2026-03-31,15.12.2025. - 31.03.2026.,shortage,razlozi povezani s distribucijom,2026-03-12T16:44:54.029415
HR,Croatia,HALMED,"NeoRecormon 4000 IU otopina za injekciju; 6 napunjenih štrcaljki s 0,3 ml otopine, u kutiji",epoetin beta,,,B03XA03,EU/1/97/031/042,"Roche Registration GmbH, Njemačka",2025-12-16,2025-12-17,2027-12-31,17.12.2025. - 31.12.2027.,shortage,razlozi povezani s proizvodnjom,2026-03-12T16:44:54.029415
HR,Croatia,HALMED,"Piperacilin/Tazobactam Fresenius Kabi 4g/0,5g prašak za otopinu za infuziju; 10 bočica s praškom, u kutiji","piperacilinnatrij, tazobaktamnatrij",,,,HR-H-890076802-01,"Labesfal - Laboratorios Almiro S.A., Portugal",2025-12-17,2025-12-17,2026-06-08,17.12.2025. - 08.06.2026.,shortage,komercijalni razlozi,2026-03-12T16:44:54.029415
HR,Croatia,HALMED,"Rudakol 200 mg tvrde kapsule s produljenim oslobađanjem; 60 kapsula u blisteru, u kutiji",mebeverinklorid,,,,HR-H-878028593-02,Belupo lijekovi i kozmetika d.d.,2025-12-18,2025-12-18,2026-04-20,18.12.2025. - 20.04.2026.,shortage,razlozi povezani s proizvodnjom,2026-03-12T16:44:54.029415
HR,Croatia,HALMED,"Prepidil 0,5 mg/3 g endocervikalni gel; 1 štrcaljka s 3 g gela i kateter, u kutiji",dinoproston,,,G02AD02,HR-H-599786838-01,Pfizer Croatia d.o.o.,2025-12-18,2025-12-19,2026-06-15,19.12.2025. - 15.06.2026.,shortage,razlozi povezani s proizvodnjom i neočekivano povećana potražnja,2026-03-12T16:44:54.029415
HR,Croatia,HALMED,"Fulvestrant EVER Pharma 250 mg otopina za injekciju u napunjenoj štrcaljki; 2 napunjene štrcaljke s 5 ml otopine i 2 sigurnosne igle, u kutiji",fulvestrant,,,L02BA03,HR-H-033324145-02,"EVER Valinject GmbH, Austrija",2025-12-19,2025-12-22,2026-09-01,22.12.2025. - 01.09.2026.,shortage,razlozi povezani s proizvodnjom,2026-03-12T16:44:54.030436
HR,Croatia,HALMED,"Kordobis 5 mg tablete; 30 tableta u blisteru, u kutiji",bisoprololfumarat,,,C07AB07,HR-H-584474974-01,Pliva Hrvatska d.o.o.,2025-12-23,2025-12-25,2026-04-30,25.12.2025. - 30.04.2026.,shortage,razlozi povezani s proizvodnjom,2026-03-12T16:44:54.030436
HR,Croatia,HALMED,"Deferasiroks Pliva 180 mg filmom obložene tablete; 30 tableta u blisteru s jediničnom dozom, u kutiji",deferasiroks,,,,HR-H-852730370-04,Pliva Hrvatska d.o.o.,2025-12-23,2026-01-02,2026-04-15,02.01.2026 - 15.04.2026.,shortage,razlozi povezani s proizvodnjom,2026-03-12T16:44:54.030436
HR,Croatia,HALMED,"Articel-Am 10 mg/5 mg tablete; 30 tableta u spremniku, u kutiji","perindopriltosilat, amlodipinbesilat",,,C09AA04,HR-H-525351511-01,Pliva Hrvatska d.o.o.,2025-12-30,2026-01-16,2026-05-31,16.01.2026. - 31.05.2026.,shortage,razlozi povezani s proizvodnjom,2026-03-12T16:44:54.030436
HR,Croatia,HALMED,"Prilen 5 mg tablete; 30 tableta u blisteru, u kutiji",ramipril,,,C09AA05,HR-H-778376781-02,Pliva Hrvatska d.o.o.,2025-12-30,2026-01-22,2026-03-31,22.01.2026. - 31.03.2026.,shortage,razlozi povezani s proizvodnjom,2026-03-12T16:44:54.030436
HR,Croatia,HALMED,"Opsumit 10 mg filmom obložene tablete; 30 tableta u blisteru, u kutiji",macitentan,,,C02KX04,"EU/1/13/893/002EMA/PD/0000122498","Janssen-Cilag International N.V., Belgija (Paralelni distributer: Delecto Firmus d.o.o.)",2026-01-07,2026-01-07,2026-03-06,07.01.2026. - 06.03.2026.,shortage,komercijalni razlozi,2026-03-12T16:44:54.030436
HR,Croatia,HALMED,"Kalydeco 75 mg filmom obložene tablete; 28 tableta u blisteru, u kutiji",ivakaftor,,,,"EU/1/12/782/007EMA/PD/0000265660",Vertex Pharmaceuticals (Ireland) Limited (Paralelni distributer: Delecto Firmus d.o.o.),2026-01-07,2026-01-07,2026-07-06,07.01.2026. - 06.07.2026.,shortage,komercijalni razlozi,2026-03-12T16:44:54.030436
HR,Croatia,HALMED,"Kalydeco 150 mg filmom obložene tablete; 28 tableta u blisteru, u kutiji",ivakaftor,,,,"EU/1/12/782/005EMA/PD/0000265538",Vertex Pharmaceuticals (Ireland) Limited (Paralelni distributer: Delecto Firmus d.o.o.),2026-01-07,2026-01-07,2026-07-06,07.01.2026. - 06.07.2026.,shortage,komercijalni razlozi,2026-03-12T16:44:54.030436
HR,Croatia,HALMED,"Nebido 1000 mg/4 ml otopina za injekciju; 1 bočica s 4 ml otopine, u kutiji",testosterondekanoat,,,G03BA03,HR-H-728666888-02,"Grünenthal Pharmaceuticals GmbH & Co. KG, Njemačka",2026-01-09,2026-01-12,2026-02-18,12.01.2026. - 18.02.2026.,shortage,razlozi povezani s proizvodnjom,2026-03-12T16:44:54.030436
HR,Croatia,HALMED,"Glukoza HZTM 10% otopina za infuziju, 250 ml otopine u boci, 10 boca u kutiji",glukoza hidrat,,,,HR-H-038647453-02,Hrvatski zavod za transfuzijsku medicinu,2026-01-14,2026-01-07,2026-03-31,07.01.2026. - 31.03.2026.,shortage,razlozi povezani s proizvodnjom,2026-03-12T16:44:54.030436
HR,Croatia,HALMED,"Meglucon 500 mg tablete s produljenim oslobađanjem; 30 tableta u blisteru, u kutiji",metforminklorid,,,A10BA02,HR-H-665797041-01,Sandoz d.o.o.,2026-01-15,2026-01-15,2026-04-01,15.01.2026. - 01.04.2026.,shortage,razlozi povezani s proizvodnjom,2026-03-12T16:44:54.030436
HR,Croatia,HALMED,"Monlast 10 mg filmom obložene tablete; 28 tableta u blisteru, u kutiji",montelukastnatrij,,,R03DC03,HR-H-452196406-01,Belupo lijekovi i kozmetika d.d.,2026-01-20,2026-01-20,2026-04-01,20.01.2026. - 01.04.2026.,shortage,razlozi povezani s proizvodnjom,2026-03-12T16:44:54.030436
HR,Croatia,HALMED,"Salofalk 500 mg čepići; 30 čepića u stripu, u kutiji",mesalazin,,,A07EC02,HR-H-366666368-01,"Dr. Falk Pharma GmbH, Njemačka",2026-01-21,2026-01-01,2026-05-31,01.01.2026. - 31.05.2026.,shortage,neočekivano povećana potražnja,2026-03-12T16:44:54.030436
HR,Croatia,HALMED,"Megace 160 mg tablete; 30 tableta u bočici, u kutiji",megestrolacetat,,,L02AB01,HR-H-977775077-01,"Bausch Health Ireland Limited, Irska",2026-01-22,2026-01-22,2026-04-15,22.01.2026. - 15.04.2026.,shortage,razlozi povezani sa kakvoćom,2026-03-12T16:44:54.031462
HR,Croatia,HALMED,"Sufentanil hameln 5 mikrograma/ml otopina za injekciju/infuziju; 10 ampula s 10 ml otopine, u kutiji",sufentanilcitrat,,,N01AH03,HR-H-080211397-04,"hameln pharma gmbH, Njemačka",2026-01-27,2026-01-27,2026-06-30,27.01.2026. - 30.06.2026.,shortage,komercijalni razlozi,2026-03-12T16:44:54.031462
HR,Croatia,HALMED,"Propofol 10 mg/ml MCT Fresenius emulzija za injekciju/infuziju; 10 boca sa 100 ml emulzije, u kutiji",propofol,,,N01AX10,HR-H-289447943-03,Fresenius Kabi d.o.o.,2026-01-28,2026-01-28,2026-03-16,28.01.2026. - 16.03.2026.,shortage,komercijalni razlozi,2026-03-12T16:44:54.031462
HR,Croatia,HALMED,"Levobupivakain Kabi 5 mg/ml otopina za injekciju/infuziju; 5 ampula s 10 ml otopine, u blisteru, u kutiji",levobupivakainklorid,,,,HR-H-949355367-01,Fresenius Kabi d.o.o.,2026-01-28,2026-01-28,2026-02-16,28.01.2026. - 16.02.2026.,shortage,komercijalni razlozi,2026-03-12T16:44:54.031462
HR,Croatia,HALMED,"Q-Pin SR 400 mg tablete s produljenim oslobađanjem; 60 tableta u blisteru, u kutiji",kvetiapinfumarat,,,,HR-H-641868607-03,Belupo lijekovi i kozmetika d.d.,2026-02-03,2026-02-03,2026-04-09,03.02.2026. - 09.04.2026.,shortage,razlozi povezani s proizvodnjom,2026-03-12T16:44:54.031462
HR,Croatia,HALMED,"Salofalk 1 g čepići; 30 čepića u stripu, u kutiji",mesalazin,,,A07EC02,HR-H-096573039-02,"Dr. Falk Pharma GmbH, Njemačka",2026-02-04,2026-02-01,2026-05-31,01.02.2026. - 31.05.2026.,shortage,razlozi povezani s distribucijom,2026-03-12T16:44:54.031462
HR,Croatia,HALMED,"Teriparatid Pliva 20 mikrograma/80 mikrolitara otopina za injekciju u napunjenoj brizgalici; 1 napunjena brizgalica s otopinom, u kutiji",teriparatid,,,H05AA02,HR-H-339179183-01,Pliva Hrvatska d.o.o.,2026-02-04,2026-02-15,2026-04-16,15.02.2026. - 16.04.2026.,shortage,razlozi povezani s proizvodnjom,2026-03-12T16:44:54.031462
HR,Croatia,HALMED,"Emtricitabin/tenofovirdizoproksil Mylan 200 mg/245 mg filmom obložene tablete; 30 tableta u blisteru, u kutiji","emtricitabin, tenofovirdizoproksilmaleat",,,,EU/1/16/1133/003,"Mylan Pharmaceuticals Limited, Irska",2026-02-05,2026-02-10,2026-05-31,10.02.2026. - 31.05.2026.,shortage,komercijalni razlozi,2026-03-12T16:44:54.031462
HR,Croatia,HALMED,"Rosacol 20 mg filmom obložene tablete; 28 tableta u blisteru, u kutiji",rosuvastatinkalcij,,,C10AA07,HR-H-862516273-03,"Viatris Limited, Irska",2026-02-05,2026-02-09,2026-06-30,09.02.2026. - 30.06.2026.,shortage,razlozi povezani s proizvodnjom,2026-03-12T16:44:54.031462
HR,Croatia,HALMED,"Deksametazon Sandoz 4 mg/ml otopina za injekciju; 10 ampula s 1 ml otopine, u kutiji",natrijev deksametazonfosfat,,,,HR-H-499072469-02,Sandoz d.o.o.,2026-02-06,2026-02-05,2026-04-01,05.02.2026. - 01.04.2026.,shortage,neočekivano povećana potražnja,2026-03-12T16:44:54.031462
HR,Croatia,HALMED,"Deksametazon hameln 4 mg/ml otopina za injekciju; 10 ampula s 1 ml otopine, u kutiji",natrijev deksametazonfosfat,,,,HR-H-420625303-02,"hameln pharma gmbH, Njemačka",2026-02-09,2026-02-09,2026-06-01,09.02.2026. - 01.06.2026.,shortage,komercijalni razlozi,2026-03-12T16:44:54.031462
HR,Croatia,HALMED,"Rybelsus 14 mg tablete; 30 tableta u blisteru, u kutiji",semaglutid,,,A10BJ06,EU/1/20/1430/008,"Novo Nordisk A/S, Danska",2026-02-09,2026-02-09,2026-03-28,09.02.2026. - 28.03.2026.,shortage,komercijalni razlozi,2026-03-12T16:44:54.031462
HR,Croatia,HALMED,"Kventiax SR 50 mg tablete s produljenim oslobađanjem; 60 tableta u blisteru, u kutiji",kvetiapinfumarat,,,,HR-H-515419067-04,Krka - farma d.o.o.,2026-02-10,2026-02-11,2026-04-01,11.02.2026. - 01.04.2026.,shortage,razlozi povezani s proizvodnjom,2026-03-12T16:44:54.032429
HR,Croatia,HALMED,"Pramipeksol Pliva 0,26 mg tablete s produljenim oslobađanjem; 30 tableta u blisteru, u kutiji",pramipeksoldiklorid hidrat,,,,HR-H-798302800-02,Pliva Hrvatska d.o.o.,2026-02-10,2026-02-20,2026-05-15,20.02.2026. - 15.05.2026.,shortage,razlozi povezani s proizvodnjom,2026-03-12T16:44:54.032429
HR,Croatia,HALMED,Semglee 100 jedinica/ml otopina za injekciju u napunjenoj brizgalici; 5 napunjenih brizgalica s 3 ml otopine,inzulin glargin,,,,EU/1/18/1270/003,"Biosimilar Collaborations Ireland Limited, Irska",2026-02-11,2026-02-23,2026-03-31,23.02.2026. - 31.03.2026.,shortage,razlozi povezani s kakvoćom,2026-03-12T16:44:54.032429
HR,Croatia,HALMED,"Lakozamid Pliva 150 mg filmom obložene tablete; 56 tableta u blisteru s jediničnom dozom, u kutiji",lakozamid,,,,HR-H-665063735-04,Pliva Hrvatska d.o.o.,2026-02-11,2026-02-12,2026-04-15,12.02.2026. - 15.04.2026.,shortage,razlozi povezani s proizvodnjom,2026-03-12T16:44:54.032429
HR,Croatia,HALMED,"Vizilatan 50 mikrograma/ml kapi za oko, otopina; 1 bočica s pumpicom za kapanje s 2,5 ml otopine, u kutiji",latanoprost,,,S01EE01,HR-H-476054155-01,"Bausch + Lomb Ireland Limited, Irska",2026-02-11,2026-02-16,2026-05-01,16.02.2026. - 01.05.2026.,shortage,razlozi povezani s proizvodnjom,2026-03-12T16:44:54.032429
HR,Croatia,HALMED,"Ropivacaine Molteni 7,5 mg/ml otopina za injekciju; 10 ml otopine u ampuli, 5 ampula u kutiji",ropivakainklorid hidrat,,,,HR-H-399200017-01,"L. Molteni & C. dei F.lli Alitti Societa di Esercizio S.p.A, Italija",2026-02-12,2026-02-06,2026-02-23,06.02.2026. - 23.02.2026.,shortage,neočekivano povećana potražnja,2026-03-12T16:44:54.032429
HR,Croatia,HALMED,"Ibandronat Sandoz 150 mg filmom obložene tablete; 1 tableta u blisteru, u kutiji",natrijev ibandronat hidrat,,,,HR-H-758910209-01,Sandoz d.o.o.,2026-02-12,2026-02-12,2026-07-01,12.02.2026. - 01.07.2026.,shortage,razlozi povezani s proizvodnjom,2026-03-12T16:44:54.032429
HR,Croatia,HALMED,"Pregabalin Sandoz 75 mg tvrde kapsule; 56 kapsula u blisteru, u vanjskom pakiranju za blister",pregabalin,,,N02BF02,EU/1/15/1011/021,"Sandoz GmbH, Austrija",2026-02-12,2026-03-01,2026-07-01,01.03.2026. - 01.07.2026.,shortage,razlozi povezani s proizvodnjom,2026-03-12T16:44:54.032429
HR,Croatia,HALMED,"Aripiprazole Mylan Pharma 15 mg tablete; 28 tableta u blisteru, u kutiji",aripiprazol,,,N05AX12,EU/1/15/1005/008,"Mylan Pharmaceuticals Limited, Irska",2026-02-13,2026-02-20,2026-06-30,20.02.2026. - 30.06.2026.,shortage,razlozi povezani s proizvodnjom,2026-03-12T16:44:54.032429
HR,Croatia,HALMED,"Ampicilin Sandoz 1 g prašak za otopinu za injekciju/infuziju; 10 bočica s praškom, u kutiji",ampicilinnatrij,,,,HR-H-715690664-01,Sandoz d.o.o.,2026-02-18,2026-02-18,2026-04-03,18.02.2026. - 03.04.2026.,shortage,razlozi povezani s proizvodnjom,2026-03-12T16:44:54.032429
HR,Croatia,HALMED,"Imuran 50 mg filmom obložene tablete; 100 tableta u blisteru, u kutiji",azatioprin,,,,HR-H-628872163-01,"Aspen Pharma Trading Limited, Irska",2026-02-19,2026-03-30,2026-10-31,30.03.2026. - 31.10.2026.,shortage,razlozi povezani s proizvodnjom,2026-03-12T16:44:54.032429
HR,Croatia,HALMED,"Haloperidol Krka 5 mg/ml otopina za injekciju; 10 ampula sa po 1 ml otopine, u kutiji",haloperidol,,,N05AD01,HR-H-534042727-01,Krka - farma d.o.o.,2026-02-19,2026-02-20,2026-04-01,20.02.2026. - 01.04.2026.,shortage,razlozi povezani s proizvodnjom,2026-03-12T16:44:54.032429
HR,Croatia,HALMED,"Abuxar 80 mg filmom obložene tablete; 28 tableta u blisteru, u kutiji",febuksostat,,,,HR-H-347159881-01,Belupo lijekovi i kozmetika d.d.,2026-02-20,2026-02-19,2026-04-21,19.02.2026. - 21.04.2026.,shortage,razlozi povezani s proizvodnjom,2026-03-12T16:44:54.032429
HR,Croatia,HALMED,"Xeloda 500 mg filmom obložene tablete; 120 tableta u blisteru, u kutiji",kapecitabin,,,,EU/1/00/163/002,"Cheplapharm Arzneimittel GmbH, Njemačka",2026-02-23,2026-02-23,2026-03-03,23.02.2026. - 03.03.2026.,shortage,razlozi povezani s distribucijom,2026-03-12T16:44:54.033462
HR,Croatia,HALMED,"Trandolapril PharmaS 0,5 mg tvrde kapsule; 56 kapsula u blisteru, u kutiji",trandolapril,,,C09BB10,HR-H-124179389-01,PharmaS d.o.o.,2026-02-24,2026-02-24,2026-05-01,24.02.2026. - 01.05.2026.,shortage,razlozi povezani s kakvoćom,2026-03-12T16:44:54.033462
HR,Croatia,HALMED,"Doritri s eteričnim uljem metvice 0,5 mg/1,0 mg/1,5 mg stlačene pastile; 20 pastila u blisteru, u kutiji","tirotricin, benzalkonijev klorid, benzokain",,,,HR-H-329053508-01,"Medice Pharma GmbH & Co. KG, Njemačka",2026-02-25,2026-02-24,2026-04-30,24.02.2026. - 30.04.2026.,shortage,razlozi povezani s proizvodnjom,2026-03-12T16:44:54.033462
HR,Croatia,HALMED,"Gastrografin 0,1 g/ml + 0,66 g/ml oralna/rektalna otopina; 100 ml otopine u bočici, u kutiji","natrijev amidotrizoat, meglumin amidotrizoat",,,,HR-H-901124749-01,Bayer d.o.o.,2026-02-25,2026-02-25,,25.02.2026. - nepoznato,shortage,razlozi povezani s kakvoćom,2026-03-12T16:44:54.033462
HR,Croatia,HALMED,"Geonistin 100 mg/ 100 000 IU tablete za rodnicu; 6 tableta u blisteru, u kutiji","oksitetraciklinklorid, nistatin",,,,HR-H-041539567-01,Pliva Hrvatska d.o.o.,2026-02-27,2026-02-27,2026-04-15,27.02.2026. - 15.04.2026.,shortage,razlozi povezani s proizvodnjom,2026-03-12T16:44:54.033462
HR,Croatia,HALMED,"Lakozamid Pliva 100 mg filmom obložene tablete; 56 tableta u blisteru s jediničnom dozom, u kutiji",lakozamid,,,,HR-H-294952669-04,Pliva Hrvatska d.o.o.,2026-03-02,2026-03-03,2026-04-15,03.03.2026. - 15.04.2026.,shortage,razlozi povezani s proizvodnjom,2026-03-12T16:44:54.033462
HR,Croatia,HALMED,"Articel 10 mg filmom obložene tablete; 30 tableta u bočici, u kutiji",perindopriltosilat,,,C09AA04,HR-H-133283136-01,Pliva Hrvatska d.o.o.,2026-03-02,2026-03-02,2026-05-01,02.03.2026. - 01.05.2026.,shortage,razlozi povezani s proizvodnjom,2026-03-12T16:44:54.033462
HR,Croatia,HALMED,"Articel 5 mg filmom obložene tablete; 30 tableta u bočici, u kutiji",perindopriltosilat,,,C09AA04,HR-H-218682062-01,Pliva Hrvatska d.o.o.,2026-03-02,2026-03-02,2026-03-15,02.03.2026. - 15.03.2026.,shortage,razlozi povezani s proizvodnjom,2026-03-12T16:44:54.033462
HR,Croatia,HALMED,"Irinotesin 20 mg/ml koncentrat za otopinu za infuziju; 1 bočica s 5 ml koncentrata za otopinu, u kutiji",irinotekanklorid trihidrat,,,,HR-H-810518111-02,Pliva Hrvatska d.o.o.,2026-03-02,2026-03-02,2026-05-31,02.03.2026. - 31.05.2026.,shortage,razlozi povezani s proizvodnjom,2026-03-12T16:44:54.033462
HR,Croatia,HALMED,"Temazol 20 mg tvrde kapsule; 5 kapsula u bočici, u kutiji",temozolomid,,,L01AX03,HR-H-278411989-01,Pliva Hrvatska d.o.o.,2026-03-02,2026-03-02,2026-03-20,02.03.2026. - 20.03.2026.,shortage,razlozi povezani s proizvodnjom,2026-03-12T16:44:54.033462
HR,Croatia,HALMED,"Kordobis 1,25 mg tablete; 20 tableta u blisteru, u kutiji",bisoprololfumarat,,,C07AB07,HR-H-732086654-01,Pliva Hrvatska d.o.o.,2026-03-02,2026-03-02,2026-04-30,02.03.2026. - 30.04.2026.,shortage,razlozi povezani s proizvodnjom,2026-03-12T16:44:54.033462
HR,Croatia,HALMED,"Plivit D3 25 000 IU meke kapsule; 4 kapsule u blisteru, u kutiji",kolekalciferol,,,,HR-H-288953447-04,Pliva Hrvatska d.o.o.,2026-03-02,2026-03-02,2026-05-10,02.03.2026. - 10.05.2026.,shortage,razlozi povezani s proizvodnjom,2026-03-12T16:44:54.033462
HR,Croatia,HALMED,"Prasugrel Pliva 10 mg filmom obložene tablete; 28 tableta u blisteru, u kutiji",prasugrelbromid,,,B01AC22,HR-H-521895269-03,Pliva Hrvatska d.o.o.,2026-03-02,2026-03-02,2026-04-28,02.03.2026. - 28.04.2026.,shortage,razlozi povezani s proizvodnjom,2026-03-12T16:44:54.033462
HR,Croatia,HALMED,"Synopen 20 mg/2 ml otopina za injekciju; 10 ampula s 2 ml otopine, u kutiji",kloropiraminklorid,,,,HR-H-068837229-01,Pliva Hrvatska d.o.o.,2026-03-02,2026-03-20,2026-04-30,20.03.2026. - 30.04.2026.,shortage,razlozi povezani s kakvoćom,2026-03-12T16:44:54.034468
HR,Croatia,HALMED,"Lumidol 50 mg otopina za injekciju/infuziju; 5 ampula s 1 ml otopine, u kutiji",tramadolklorid,,,N02AX02,HR-H-433645088-01,Belupo lijekovi i kozmetika d.d.,2026-03-04,2026-03-04,2026-04-08,04.03.2026. - 08.04.2026.,shortage,razlozi povezani s kakvoćom,2026-03-12T16:44:54.034468
HR,Croatia,HALMED,"Tramal 50 mg otopina za injekciju/infuziju; 5 ampula s 1 ml otopine, u kutiji",tramadolklorid,,,N02AX02,HR-H-065187023-01,Stada d.o.o.,2026-03-05,2026-03-01,2026-04-15,01.03.2026. - 15.04.2026.,shortage,neočekivano povećana potražnja,2026-03-12T16:44:54.034468
HR,Croatia,HALMED,"Voda za injekcije Fresenius Kabi otapalo za parenteralnu uporabu; 20 ampula s 5 ml otapala, u kutiji",voda za injekcije,,,,HR-H-863211484-01,Fresenius Kabi d.o.o.,2026-03-05,2026-03-05,2026-03-16,05.03.2026. - 16.03.2026.,shortage,komercijalni razlozi,2026-03-12T16:44:54.034468
HR,Croatia,HALMED,"Moditen 1 mg obložene tablete; 25 tableta u bočici, u kutiji",flufenazinklorid,,,,HR-H-371173470-01,Krka - farma d.o.o.,2026-03-05,2026-03-09,2026-03-25,09.03.2026. - 25.03.2026.,shortage,razlozi povezani s proizvodnjom,2026-03-12T16:44:54.034468
HR,Croatia,HALMED,"Brufen 400 mg šumeće granule; 30 vrećica s granulama, u kutiji",ibuprofen,,,M01AE01,HR-H-496875141-01,Viatris Hrvatska d.o.o.,2026-03-06,2026-03-05,2026-07-01,05.03.2026. - 01.07.2026.,shortage,razlozi povezani s proizvodnjom,2026-03-12T16:44:54.034468
HR,Croatia,HALMED,"Lenalidomid Grindeks 10 mg tvrde kapsule; 21 kapsula u blisteru, u kutiji",lenalidomid amonijev klorid,,,L04AX04,HR-H-934554536-02,"AS Kalceks, Latvija",2026-03-06,2026-04-01,2026-12-31,01.04.2026. - 31.12.2026.,shortage,razlozi povezani s proizvodnjom,2026-03-12T16:44:54.034468
HR,Croatia,HALMED,"Lenalidomid Grindeks 5 mg tvrde kapsule; 21 kapsula u blisteru, u kutiji",lenalidomid amonijev klorid,,,L04AX04,HR-H-448325115-02,"AS Kalceks, Latvija",2026-03-06,2026-04-01,2026-12-31,01.04.2026. - 31.12.2026.,shortage,razlozi povezani s proizvodnjom,2026-03-12T16:44:54.034468
HR,Croatia,HALMED,"Brufen 600 mg šumeće granule; 30 vrećica s granulama, u kutiji",ibuprofen,,,M01AE01,HR-H-548019973-01,Viatris Hrvatska d.o.o.,2026-03-09,2026-03-11,2026-03-31,11.03.2026. - 31.03.2026.,shortage,razlozi povezani s proizvodnjom,2026-03-12T16:44:54.034468
HR,Croatia,HALMED,"Metronidazol Fresenius 5 mg/ml otopina za infuziju; 10 boca KabiPac sa 100 ml otopine, u kutiji",metronidazol,,,D06BX01,HR-H-331886868-02,Fresenius Kabi d.o.o.,2026-03-09,2026-03-09,2026-03-16,09.03.2026. - 16.03.2026.,shortage,komercijalni razlozi,2026-03-12T16:44:54.034468
HR,Croatia,HALMED,"Propofol 10 mg/ml MCT Fresenius emulzija za injekciju/infuziju; 5 ampula s 20 ml emulzije, u kutiji",propofol,,,N01AX10,HR-H-289447943-01,Fresenius Kabi d.o.o.,2026-03-09,2026-03-09,2026-03-16,09.03.2026. - 16.03.2026.,shortage,komercijalni razlozi,2026-03-12T16:44:54.034468
HR,Croatia,HALMED,"Lyrica 25 mg tvrde kapsule; 56 kapsula u blisteru, u kutiji",pregabalin,,,N02BF02,EU/1/04/279/003,"Upjohn EESV, Nizozemska",2026-03-10,2026-03-10,2026-04-10,10.03.2026. - 10.04.2026.,shortage,razlozi povezani s proizvodnjom,2026-03-12T16:44:54.034468
HR,Croatia,HALMED,"Prilen 5 mg tablete; 60 tableta u blisteru, u kutiji",ramipril,,,C09AA05,HR-H-778376781-04,Pliva Hrvatska d.o.o.,2026-03-10,2026-03-12,2026-04-28,12.03.2026. - 28.04.2026.,shortage,razlozi povezani s proizvodnjom,2026-03-12T16:44:54.034468
HR,Croatia,HALMED,"Zoltex 40 mg prašak za otopinu za injekciju; 1 bočica s praškom, u kutiji",pantoprazolnatrij seskvihidrat,,,A02BC02,HR-H-160385662-01,Belupo lijekovi i kozmetika d.d.,2026-03-11,2026-03-05,2026-05-11,05.03.2026. - 11.05.2026.,shortage,razlozi povezani s kakvoćom,2026-03-12T16:44:54.035468
